from_airport,to_airport,flight_number,minutes,source,reason
ABJ,ACC,AW325,60,https://2lnr.com/routes/abj-acc,no independent flight-route evidence
ABJ,ACC,HF756,60,https://2lnr.com/routes/abj-acc,no independent flight-route evidence
ABJ,CMN,AT534,260,https://2lnr.com/routes/abj-cmn,no independent flight-route evidence
ABJ,FIH,HF836,210,https://2lnr.com/routes/abj-fih,no independent flight-route evidence
ABJ,FIH,HF836,210,https://2lnr.com/routes/abj-fih,no independent flight-route evidence
ABJ,IST,TK556,435,https://2lnr.com/routes/abj-ist,no independent flight-route evidence
ABJ,IST,TK559,440,https://2lnr.com/routes/abj-ist,flight-route mismatch
ABJ,LOS,HF826,100,https://2lnr.com/routes/abj-los,no independent flight-route evidence
ABJ,LOS,HF890,100,https://2lnr.com/routes/abj-los,no independent flight-route evidence
ABJ,LOS,P47737,110,https://2lnr.com/routes/abj-los,no independent flight-route evidence
ABJ,TUN,TU399,315,https://2lnr.com/routes/abj-tun,flight-route mismatch
ABJ,TUN,TU401,315,https://2lnr.com/routes/abj-tun,flight-route mismatch
ABJ,TUN,TU401,315,https://2lnr.com/routes/abj-tun,flight-route mismatch
ACC,ABJ,AW324,60,https://2lnr.com/routes/acc-abj,no independent flight-route evidence
ACC,CMN,AT514,265,https://2lnr.com/routes/acc-cmn,no independent flight-route evidence
ACC,DAR,TC235,360,https://2lnr.com/routes/acc-dar,no independent flight-route evidence
ACC,DOH,QR1423,625,https://2lnr.com/routes/acc-doh,flight-route mismatch
ACC,IST,TK610,430,https://2lnr.com/routes/acc-ist,no independent flight-route evidence
ACC,LOS,AW212,70,https://2lnr.com/routes/acc-los,no independent flight-route evidence
ACC,LOS,AW216,70,https://2lnr.com/routes/acc-los,no independent flight-route evidence
ACC,LOS,P47539,65,https://2lnr.com/routes/acc-los,no independent flight-route evidence
ACC,LOS,UN591,60,https://2lnr.com/routes/acc-los,flight-route mismatch
ADD,DAC,ET680,450,https://2lnr.com/routes/add-dac,flight-route mismatch
ADD,DOH,QR1428,230,https://2lnr.com/routes/add-doh,no independent flight-route evidence
ADD,DOH,QR1428,235,https://2lnr.com/routes/add-doh,no independent flight-route evidence
ADD,EBB,ET332,125,https://2lnr.com/routes/add-ebb,no independent flight-route evidence
ADD,HRE,ET873,250,https://2lnr.com/routes/add-hre,flight-route mismatch
ADD,HRE,ET893,270,https://2lnr.com/routes/add-hre,flight-route mismatch
ADD,HRE,ET893,270,https://2lnr.com/routes/add-hre,flight-route mismatch
ADD,HRE,ET893,270,https://2lnr.com/routes/add-hre,flight-route mismatch
ADD,IST,TK677,335,https://2lnr.com/routes/add-ist,flight-route mismatch
ADD,IST,TK677,325,https://2lnr.com/routes/add-ist,flight-route mismatch
ADD,IST,TK677,335,https://2lnr.com/routes/add-ist,flight-route mismatch
ADD,IST,TK677,325,https://2lnr.com/routes/add-ist,flight-route mismatch
ADD,IST,TK679,335,https://2lnr.com/routes/add-ist,flight-route mismatch
ADD,KGL,ET817,150,https://2lnr.com/routes/add-kgl,nonadjacent airports in flight sequence
ADD,KGL,ET817,150,https://2lnr.com/routes/add-kgl,nonadjacent airports in flight sequence
ADD,KGL,ET817,150,https://2lnr.com/routes/add-kgl,nonadjacent airports in flight sequence
ADD,KWI,ET620,260,https://2lnr.com/routes/add-kwi,flight-route mismatch
ADD,KWI,ET620,260,https://2lnr.com/routes/add-kwi,flight-route mismatch
ADD,LUN,ET863,245,https://2lnr.com/routes/add-lun,flight-route mismatch
ADD,LUN,ET863,245,https://2lnr.com/routes/add-lun,flight-route mismatch
ADD,LUN,ET863,245,https://2lnr.com/routes/add-lun,flight-route mismatch
ADD,LUN,ET863,245,https://2lnr.com/routes/add-lun,flight-route mismatch
ADD,LUN,ET891,250,https://2lnr.com/routes/add-lun,flight-route mismatch
ADD,LUN,ET891,250,https://2lnr.com/routes/add-lun,flight-route mismatch
ADD,TFU,ET636,580,https://2lnr.com/routes/add-tfu,flight-route mismatch
ADD,YYZ,ET552,1005,https://2lnr.com/routes/add-yyz,nonadjacent airports in flight sequence
AKL,DXB,EK449,1045,https://2lnr.com/routes/akl-dxb,nonadjacent airports in flight sequence
AKL,LAX,TN102,855,https://2lnr.com/routes/akl-lax,nonadjacent airports in flight sequence
AKL,PEK,CA568,790,https://2lnr.com/routes/akl-pek,flight-route mismatch
AKL,SYD,NZ1307,220,https://2lnr.com/routes/akl-syd,flight-route mismatch
ALA,FRA,LH646,490,https://2lnr.com/routes/ala-fra,flight-route mismatch
ALA,FRA,LH646,490,https://2lnr.com/routes/ala-fra,flight-route mismatch
ALA,MXP,NO768,485,https://2lnr.com/routes/ala-mxp,no independent flight-route evidence
ALA,PEK,CA560,290,https://2lnr.com/routes/ala-pek,flight-route mismatch
ALA,PRG,VJ31,455,https://2lnr.com/routes/ala-prg,no independent flight-route evidence
ALA,TFU,CA456,245,https://2lnr.com/routes/ala-tfu,flight-route mismatch
ALG,BCN,VY6155,85,https://2lnr.com/routes/alg-bcn,no independent flight-route evidence
ALG,BER,AH2072,180,https://2lnr.com/routes/alg-ber,flight-route mismatch
ALG,BUD,AH2028,165,https://2lnr.com/routes/alg-bud,nonadjacent airports in flight sequence
ALG,CDG,AH1004,140,https://2lnr.com/routes/alg-cdg,flight-route mismatch
ALG,DOH,QR1436,360,https://2lnr.com/routes/alg-doh,no independent flight-route evidence
ALG,IST,TK652,215,https://2lnr.com/routes/alg-ist,flight-route mismatch
ALG,IST,TK652,215,https://2lnr.com/routes/alg-ist,flight-route mismatch
ALG,IST,TK656,210,https://2lnr.com/routes/alg-ist,flight-route mismatch
ALG,IST,TK656,205,https://2lnr.com/routes/alg-ist,flight-route mismatch
ALG,IST,TK852,215,https://2lnr.com/routes/alg-ist,no independent flight-route evidence
ALG,JED,AH460,295,https://2lnr.com/routes/alg-jed,no independent flight-route evidence
ALG,JED,AH466,295,https://2lnr.com/routes/alg-jed,no independent flight-route evidence
ALG,JED,AH466,295,https://2lnr.com/routes/alg-jed,no independent flight-route evidence
ALG,JED,AH484,295,https://2lnr.com/routes/alg-jed,no independent flight-route evidence
ALG,MAD,IB1378,95,https://2lnr.com/routes/alg-mad,no independent flight-route evidence
AMD,BOM,6E5078,85,https://2lnr.com/routes/amd-bom,flight-route mismatch
AMD,BOM,6E5139,80,https://2lnr.com/routes/amd-bom,flight-route mismatch
AMD,BOM,6E6285,90,https://2lnr.com/routes/amd-bom,no independent flight-route evidence
AMD,BOM,6E6468,90,https://2lnr.com/routes/amd-bom,flight-route mismatch
AMD,BOM,6E868,95,https://2lnr.com/routes/amd-bom,no independent flight-route evidence
AMD,BOM,AI2504,100,https://2lnr.com/routes/amd-bom,flight-route mismatch
AMD,CMB,8D962,190,https://2lnr.com/routes/amd-cmb,no independent flight-route evidence
AMD,CMB,8D964,190,https://2lnr.com/routes/amd-cmb,no independent flight-route evidence
AMD,DEL,6E2179,105,https://2lnr.com/routes/amd-del,flight-route mismatch
AMD,DEL,6E2340,115,https://2lnr.com/routes/amd-del,no independent flight-route evidence
AMD,DEL,6E2385,100,https://2lnr.com/routes/amd-del,flight-route mismatch
AMD,DEL,6E5385,115,https://2lnr.com/routes/amd-del,flight-route mismatch
AMD,DEL,6E980,105,https://2lnr.com/routes/amd-del,no independent flight-route evidence
AMD,DEL,6E983,105,https://2lnr.com/routes/amd-del,flight-route mismatch
AMD,DEL,6E983,105,https://2lnr.com/routes/amd-del,flight-route mismatch
AMD,DEL,AI1117,110,https://2lnr.com/routes/amd-del,flight-route mismatch
AMD,DEL,AI1121,105,https://2lnr.com/routes/amd-del,flight-route mismatch
AMD,DEL,AI2716,95,https://2lnr.com/routes/amd-del,flight-route mismatch
AMD,HYD,6E6098,105,https://2lnr.com/routes/amd-hyd,flight-route mismatch
AMD,HYD,6E998,105,https://2lnr.com/routes/amd-hyd,flight-route mismatch
AMD,JED,6E75,295,https://2lnr.com/routes/amd-jed,flight-route mismatch
AMD,KWI,6E1243,235,https://2lnr.com/routes/amd-kwi,flight-route mismatch
AMD,KWI,KU348,240,https://2lnr.com/routes/amd-kwi,flight-route mismatch
AMM,BER,RJ137,270,https://2lnr.com/routes/amm-ber,flight-route mismatch
AMM,BER,RJ137,270,https://2lnr.com/routes/amm-ber,flight-route mismatch
AMM,BER,RJ137,270,https://2lnr.com/routes/amm-ber,flight-route mismatch
AMM,DXB,FZ148,195,https://2lnr.com/routes/amm-dxb,no independent flight-route evidence
AMM,IST,TK813,150,https://2lnr.com/routes/amm-ist,flight-route mismatch
AMM,IST,TK813,150,https://2lnr.com/routes/amm-ist,flight-route mismatch
AMM,IST,TK815,155,https://2lnr.com/routes/amm-ist,flight-route mismatch
AMM,IST,TK817,160,https://2lnr.com/routes/amm-ist,flight-route mismatch
AMM,IST,TK817,160,https://2lnr.com/routes/amm-ist,flight-route mismatch
AMM,IST,TK821,155,https://2lnr.com/routes/amm-ist,no independent flight-route evidence
AMM,IST,TK834,165,https://2lnr.com/routes/amm-ist,no independent flight-route evidence
AMM,KWI,KU564,135,https://2lnr.com/routes/amm-kwi,flight-route mismatch
AMM,KWI,KU564,135,https://2lnr.com/routes/amm-kwi,flight-route mismatch
AMM,KWI,KU564,135,https://2lnr.com/routes/amm-kwi,flight-route mismatch
AMM,KWI,RJ640,125,https://2lnr.com/routes/amm-kwi,flight-route mismatch
AMM,KWI,RJ640,130,https://2lnr.com/routes/amm-kwi,flight-route mismatch
AMM,KWI,RJ640,125,https://2lnr.com/routes/amm-kwi,flight-route mismatch
AMM,ORD,RJ5265,770,https://2lnr.com/routes/amm-ord,flight-route mismatch
AMM,TAS,RJ196,275,https://2lnr.com/routes/amm-tas,no independent flight-route evidence
AMM,VIE,OS98,225,https://2lnr.com/routes/amm-vie,flight-route mismatch
AMS,ATH,GQ791,190,https://2lnr.com/routes/ams-ath,no independent flight-route evidence
AMS,AUH,EY42,395,https://2lnr.com/routes/ams-auh,flight-route mismatch
AMS,BCN,KL1519,125,https://2lnr.com/routes/ams-bcn,flight-route mismatch
AMS,BCN,VY8310,140,https://2lnr.com/routes/ams-bcn,no independent flight-route evidence
AMS,BCN,VY8316,140,https://2lnr.com/routes/ams-bcn,flight-route mismatch
AMS,BER,KL1771,80,https://2lnr.com/routes/ams-ber,flight-route mismatch
AMS,BER,KL1771,80,https://2lnr.com/routes/ams-ber,flight-route mismatch
AMS,BER,KL1771,80,https://2lnr.com/routes/ams-ber,flight-route mismatch
AMS,BER,KL1771,80,https://2lnr.com/routes/ams-ber,flight-route mismatch
AMS,BER,KL1773,80,https://2lnr.com/routes/ams-ber,flight-route mismatch
AMS,BER,KL1773,80,https://2lnr.com/routes/ams-ber,flight-route mismatch
AMS,BER,KL1775,75,https://2lnr.com/routes/ams-ber,flight-route mismatch
AMS,BER,KL1777,80,https://2lnr.com/routes/ams-ber,flight-route mismatch
AMS,BER,KL1777,80,https://2lnr.com/routes/ams-ber,flight-route mismatch
AMS,BER,KL1779,80,https://2lnr.com/routes/ams-ber,flight-route mismatch
AMS,BER,KL1781,80,https://2lnr.com/routes/ams-ber,flight-route mismatch
AMS,BER,KL1781,80,https://2lnr.com/routes/ams-ber,flight-route mismatch
AMS,BER,KL1781,80,https://2lnr.com/routes/ams-ber,flight-route mismatch
AMS,BER,KL1785,75,https://2lnr.com/routes/ams-ber,flight-route mismatch
AMS,BER,KL1785,75,https://2lnr.com/routes/ams-ber,flight-route mismatch
AMS,BUD,KL1363,120,https://2lnr.com/routes/ams-bud,flight-route mismatch
AMS,BUD,KL1363,120,https://2lnr.com/routes/ams-bud,flight-route mismatch
AMS,BUD,KL1369,120,https://2lnr.com/routes/ams-bud,flight-route mismatch
AMS,BUD,KL1371,115,https://2lnr.com/routes/ams-bud,no independent flight-route evidence
AMS,BUD,KL1371,115,https://2lnr.com/routes/ams-bud,no independent flight-route evidence
AMS,CGK,KL809,960,https://2lnr.com/routes/ams-cgk,nonadjacent airports in flight sequence
AMS,CPH,D83541,80,https://2lnr.com/routes/ams-cph,no independent flight-route evidence
AMS,CPH,D83541,80,https://2lnr.com/routes/ams-cph,no independent flight-route evidence
AMS,CPH,KL1273,85,https://2lnr.com/routes/ams-cph,flight-route mismatch
AMS,CPH,KL1273,80,https://2lnr.com/routes/ams-cph,flight-route mismatch
AMS,CPH,KL1273,85,https://2lnr.com/routes/ams-cph,flight-route mismatch
AMS,CPH,KL1275,80,https://2lnr.com/routes/ams-cph,flight-route mismatch
AMS,DAR,KL567,655,https://2lnr.com/routes/ams-dar,nonadjacent airports in flight sequence
AMS,DUB,FR3007,100,https://2lnr.com/routes/ams-dub,flight-route mismatch
AMS,EBB,KL537,650,https://2lnr.com/routes/ams-ebb,nonadjacent airports in flight sequence
AMS,EDI,U23302,90,https://2lnr.com/routes/ams-edi,flight-route mismatch
AMS,EDI,U23302,95,https://2lnr.com/routes/ams-edi,flight-route mismatch
AMS,EDI,U23304,95,https://2lnr.com/routes/ams-edi,flight-route mismatch
AMS,EDI,U27827,90,https://2lnr.com/routes/ams-edi,no independent flight-route evidence
AMS,GRU,LA8079,745,https://2lnr.com/routes/ams-gru,no independent flight-route evidence
AMS,GVA,U21518,90,https://2lnr.com/routes/ams-gva,no independent flight-route evidence
AMS,GVA,U27867,90,https://2lnr.com/routes/ams-gva,no independent flight-route evidence
AMS,HEL,AY1302,140,https://2lnr.com/routes/ams-hel,no independent flight-route evidence
AMS,HEL,AY1302,140,https://2lnr.com/routes/ams-hel,no independent flight-route evidence
AMS,HEL,AY1302,140,https://2lnr.com/routes/ams-hel,no independent flight-route evidence
AMS,HEL,AY1306,140,https://2lnr.com/routes/ams-hel,no independent flight-route evidence
AMS,HEL,AY1306,140,https://2lnr.com/routes/ams-hel,no independent flight-route evidence
AMS,HEL,AY1306,140,https://2lnr.com/routes/ams-hel,no independent flight-route evidence
AMS,HEL,KL1255,145,https://2lnr.com/routes/ams-hel,flight-route mismatch
AMS,IST,TK1958,205,https://2lnr.com/routes/ams-ist,flight-route mismatch
AMS,IST,TK1966,200,https://2lnr.com/routes/ams-ist,flight-route mismatch
AMS,KWI,KU128,360,https://2lnr.com/routes/ams-kwi,flight-route mismatch
AMS,KWI,KU128,370,https://2lnr.com/routes/ams-kwi,flight-route mismatch
AMS,LGW,U28673,80,https://2lnr.com/routes/ams-lgw,flight-route mismatch
AMS,LGW,U28673,75,https://2lnr.com/routes/ams-lgw,flight-route mismatch
AMS,LGW,U28673,80,https://2lnr.com/routes/ams-lgw,flight-route mismatch
AMS,LGW,U28673,85,https://2lnr.com/routes/ams-lgw,flight-route mismatch
AMS,LGW,U28677,75,https://2lnr.com/routes/ams-lgw,no independent flight-route evidence
AMS,LGW,U28677,80,https://2lnr.com/routes/ams-lgw,no independent flight-route evidence
AMS,LGW,U28679,85,https://2lnr.com/routes/ams-lgw,flight-route mismatch
AMS,LGW,U28683,75,https://2lnr.com/routes/ams-lgw,flight-route mismatch
AMS,LGW,U28683,75,https://2lnr.com/routes/ams-lgw,flight-route mismatch
AMS,LGW,U28685,80,https://2lnr.com/routes/ams-lgw,flight-route mismatch
AMS,LGW,U28685,75,https://2lnr.com/routes/ams-lgw,flight-route mismatch
AMS,LGW,U28685,85,https://2lnr.com/routes/ams-lgw,flight-route mismatch
AMS,LGW,U28687,75,https://2lnr.com/routes/ams-lgw,flight-route mismatch
AMS,LGW,U28687,75,https://2lnr.com/routes/ams-lgw,flight-route mismatch
AMS,LGW,U28697,75,https://2lnr.com/routes/ams-lgw,flight-route mismatch
AMS,LGW,U28715,75,https://2lnr.com/routes/ams-lgw,no independent flight-route evidence
AMS,LIM,KL743,750,https://2lnr.com/routes/ams-lim,flight-route mismatch
AMS,LIM,KL743,750,https://2lnr.com/routes/ams-lim,flight-route mismatch
AMS,MAD,IB1346,160,https://2lnr.com/routes/ams-mad,flight-route mismatch
AMS,MAN,U22162,80,https://2lnr.com/routes/ams-man,flight-route mismatch
AMS,MAN,U22164,80,https://2lnr.com/routes/ams-man,flight-route mismatch
AMS,MAN,U22166,80,https://2lnr.com/routes/ams-man,flight-route mismatch
AMS,MAN,U22168,80,https://2lnr.com/routes/ams-man,flight-route mismatch
AMS,MUC,VL2309,85,https://2lnr.com/routes/ams-muc,no independent flight-route evidence
AMS,MXP,U23852,105,https://2lnr.com/routes/ams-mxp,flight-route mismatch
AMS,MXP,U23852,100,https://2lnr.com/routes/ams-mxp,flight-route mismatch
AMS,MXP,U23852,105,https://2lnr.com/routes/ams-mxp,flight-route mismatch
AMS,MXP,U23852,105,https://2lnr.com/routes/ams-mxp,flight-route mismatch
AMS,MXP,U23854,105,https://2lnr.com/routes/ams-mxp,flight-route mismatch
AMS,MXP,U23856,105,https://2lnr.com/routes/ams-mxp,no independent flight-route evidence
AMS,MXP,U23856,100,https://2lnr.com/routes/ams-mxp,no independent flight-route evidence
AMS,MXP,U23860,105,https://2lnr.com/routes/ams-mxp,no independent flight-route evidence
AMS,MXP,U23860,105,https://2lnr.com/routes/ams-mxp,no independent flight-route evidence
AMS,MXP,U27813,105,https://2lnr.com/routes/ams-mxp,no independent flight-route evidence
AMS,MXP,U27813,110,https://2lnr.com/routes/ams-mxp,no independent flight-route evidence
AMS,NCE,KL1477,115,https://2lnr.com/routes/ams-nce,flight-route mismatch
AMS,NCE,KL1477,115,https://2lnr.com/routes/ams-nce,flight-route mismatch
AMS,NCE,U27953,125,https://2lnr.com/routes/ams-nce,no independent flight-route evidence
AMS,PRG,U27927,90,https://2lnr.com/routes/ams-prg,no independent flight-route evidence
AMS,RAK,HV5757,230,https://2lnr.com/routes/ams-rak,flight-route mismatch
AMS,RAK,HV5757,170,https://2lnr.com/routes/ams-rak,flight-route mismatch
AMS,RAK,U26002,175,https://2lnr.com/routes/ams-rak,flight-route mismatch
AMS,RAK,U26002,235,https://2lnr.com/routes/ams-rak,flight-route mismatch
AMS,RAK,U27979,235,https://2lnr.com/routes/ams-rak,flight-route mismatch
AMS,RUH,KL417,370,https://2lnr.com/routes/ams-ruh,flight-route mismatch
AMS,TLV,KL461,265,https://2lnr.com/routes/ams-tlv,nonadjacent airports in flight sequence
AMS,TPE,BR76,990,https://2lnr.com/routes/ams-tpe,nonadjacent airports in flight sequence
AMS,VIE,KL1901,105,https://2lnr.com/routes/ams-vie,no independent flight-route evidence
AMS,VIE,OS316,110,https://2lnr.com/routes/ams-vie,flight-route mismatch
AMS,VIE,OS316,110,https://2lnr.com/routes/ams-vie,flight-route mismatch
AMS,VIE,OS318,110,https://2lnr.com/routes/ams-vie,flight-route mismatch
AMS,VIE,OS318,110,https://2lnr.com/routes/ams-vie,flight-route mismatch
AMS,VIE,OS318,110,https://2lnr.com/routes/ams-vie,flight-route mismatch
AMS,VIE,OS320,110,https://2lnr.com/routes/ams-vie,no independent flight-route evidence
AMS,VIE,OS320,110,https://2lnr.com/routes/ams-vie,no independent flight-route evidence
AMS,VIE,OS320,110,https://2lnr.com/routes/ams-vie,no independent flight-route evidence
AMS,ZRH,LX733,85,https://2lnr.com/routes/ams-zrh,no independent flight-route evidence
ANC,EWR,UA363,412,https://2lnr.com/routes/anc-ewr,flight-route mismatch
ANC,HNL,AS50,367,https://2lnr.com/routes/anc-hnl,flight-route mismatch
ANC,IAD,UA572,406,https://2lnr.com/routes/anc-iad,flight-route mismatch
ANC,LAS,AS1516,312,https://2lnr.com/routes/anc-las,no independent flight-route evidence
ANC,LAS,AS1516,312,https://2lnr.com/routes/anc-las,no independent flight-route evidence
ANC,LAX,AS44,319,https://2lnr.com/routes/anc-lax,flight-route mismatch
ANC,LAX,AS44,319,https://2lnr.com/routes/anc-lax,flight-route mismatch
ANC,PDX,AS1324,216,https://2lnr.com/routes/anc-pdx,flight-route mismatch
ANC,PDX,AS1324,216,https://2lnr.com/routes/anc-pdx,flight-route mismatch
ANC,PDX,AS1407,219,https://2lnr.com/routes/anc-pdx,flight-route mismatch
ANC,PDX,AS1407,217,https://2lnr.com/routes/anc-pdx,flight-route mismatch
ANC,PDX,AS1407,217,https://2lnr.com/routes/anc-pdx,flight-route mismatch
ANC,PDX,AS1407,217,https://2lnr.com/routes/anc-pdx,flight-route mismatch
ANC,PDX,AS1489,216,https://2lnr.com/routes/anc-pdx,flight-route mismatch
ANC,PDX,AS1538,217,https://2lnr.com/routes/anc-pdx,flight-route mismatch
ANC,PDX,AS2080,224,https://2lnr.com/routes/anc-pdx,no independent flight-route evidence
ANC,PHX,AS47,335,https://2lnr.com/routes/anc-phx,flight-route mismatch
ANC,PHX,AS47,335,https://2lnr.com/routes/anc-phx,flight-route mismatch
ANC,PHX,AS47,335,https://2lnr.com/routes/anc-phx,flight-route mismatch
ANC,SEA,AS1417,211,https://2lnr.com/routes/anc-sea,flight-route mismatch
ANC,SEA,AS1423,209,https://2lnr.com/routes/anc-sea,flight-route mismatch
ANC,SEA,AS1445,213,https://2lnr.com/routes/anc-sea,flight-route mismatch
ANC,SEA,AS1539,209,https://2lnr.com/routes/anc-sea,flight-route mismatch
ANC,SEA,AS1657,215,https://2lnr.com/routes/anc-sea,no independent flight-route evidence
ANC,SEA,AS1682,213,https://2lnr.com/routes/anc-sea,no independent flight-route evidence
ANC,SEA,AS208,211,https://2lnr.com/routes/anc-sea,flight-route mismatch
ANC,SEA,AS408,215,https://2lnr.com/routes/anc-sea,flight-route mismatch
ANC,SEA,AS440,211,https://2lnr.com/routes/anc-sea,flight-route mismatch
ANC,SEA,AS440,211,https://2lnr.com/routes/anc-sea,flight-route mismatch
ANC,SEA,AS594,213,https://2lnr.com/routes/anc-sea,flight-route mismatch
ANC,SEA,AS595,211,https://2lnr.com/routes/anc-sea,flight-route mismatch
ANC,SEA,AS595,211,https://2lnr.com/routes/anc-sea,flight-route mismatch
ANC,SEA,AS597,211,https://2lnr.com/routes/anc-sea,flight-route mismatch
ANC,SEA,AS651,213,https://2lnr.com/routes/anc-sea,flight-route mismatch
ARN,BCN,FR3077,215,https://2lnr.com/routes/arn-bcn,flight-route mismatch
ARN,BER,D84505,95,https://2lnr.com/routes/arn-ber,flight-route mismatch
ARN,BER,D84507,95,https://2lnr.com/routes/arn-ber,flight-route mismatch
ARN,BER,D84507,95,https://2lnr.com/routes/arn-ber,flight-route mismatch
ARN,BER,EW4600,95,https://2lnr.com/routes/arn-ber,flight-route mismatch
ARN,BER,EW4608,95,https://2lnr.com/routes/arn-ber,no independent flight-route evidence
ARN,BER,SK2677,95,https://2lnr.com/routes/arn-ber,flight-route mismatch
ARN,BER,SK2677,95,https://2lnr.com/routes/arn-ber,flight-route mismatch
ARN,BER,SK2679,95,https://2lnr.com/routes/arn-ber,flight-route mismatch
ARN,BER,SK2679,95,https://2lnr.com/routes/arn-ber,flight-route mismatch
ARN,BRU,SN2292,130,https://2lnr.com/routes/arn-bru,no independent flight-route evidence
ARN,BRU,SN2294,135,https://2lnr.com/routes/arn-bru,no independent flight-route evidence
ARN,BUD,D84487,130,https://2lnr.com/routes/arn-bud,no independent flight-route evidence
ARN,BUD,D84487,130,https://2lnr.com/routes/arn-bud,no independent flight-route evidence
ARN,BUD,FR7600,140,https://2lnr.com/routes/arn-bud,flight-route mismatch
ARN,DUS,EW4674,120,https://2lnr.com/routes/arn-dus,no independent flight-route evidence
ARN,DUS,EW4676,120,https://2lnr.com/routes/arn-dus,no independent flight-route evidence
ARN,FCO,D84355,190,https://2lnr.com/routes/arn-fco,no independent flight-route evidence
ARN,FCO,FR914,195,https://2lnr.com/routes/arn-fco,no independent flight-route evidence
ARN,FRA,VL801,130,https://2lnr.com/routes/arn-fra,flight-route mismatch
ARN,HAM,EW4678,90,https://2lnr.com/routes/arn-ham,no independent flight-route evidence
ARN,HAM,EW4680,90,https://2lnr.com/routes/arn-ham,no independent flight-route evidence
ARN,HEL,AY802,60,https://2lnr.com/routes/arn-hel,no independent flight-route evidence
ARN,HEL,AY804,60,https://2lnr.com/routes/arn-hel,flight-route mismatch
ARN,HEL,AY808,60,https://2lnr.com/routes/arn-hel,flight-route mismatch
ARN,HEL,AY810,60,https://2lnr.com/routes/arn-hel,flight-route mismatch
ARN,HEL,AY814,60,https://2lnr.com/routes/arn-hel,flight-route mismatch
ARN,HEL,AY816,60,https://2lnr.com/routes/arn-hel,no independent flight-route evidence
ARN,HEL,AY824,60,https://2lnr.com/routes/arn-hel,no independent flight-route evidence
ARN,IST,TK1790,220,https://2lnr.com/routes/arn-ist,flight-route mismatch
ARN,IST,TK1794,220,https://2lnr.com/routes/arn-ist,flight-route mismatch
ARN,IST,TK1794,220,https://2lnr.com/routes/arn-ist,flight-route mismatch
ARN,IST,TK1796,220,https://2lnr.com/routes/arn-ist,flight-route mismatch
ARN,LGW,D84451,155,https://2lnr.com/routes/arn-lgw,no independent flight-route evidence
ARN,LGW,D84451,155,https://2lnr.com/routes/arn-lgw,no independent flight-route evidence
ARN,LGW,D84455,165,https://2lnr.com/routes/arn-lgw,no independent flight-route evidence
ARN,LGW,D84455,155,https://2lnr.com/routes/arn-lgw,no independent flight-route evidence
ARN,LGW,D84455,155,https://2lnr.com/routes/arn-lgw,no independent flight-route evidence
ARN,LGW,D84459,165,https://2lnr.com/routes/arn-lgw,no independent flight-route evidence
ARN,LGW,D84459,165,https://2lnr.com/routes/arn-lgw,no independent flight-route evidence
ARN,LIS,D84277,265,https://2lnr.com/routes/arn-lis,no independent flight-route evidence
ARN,MAD,IB824,245,https://2lnr.com/routes/arn-mad,flight-route mismatch
ARN,NCE,D84321,180,https://2lnr.com/routes/arn-nce,no independent flight-route evidence
ARN,NCE,D84321,180,https://2lnr.com/routes/arn-nce,no independent flight-route evidence
ARN,NCE,D84323,180,https://2lnr.com/routes/arn-nce,no independent flight-route evidence
ARN,PRG,D84571,115,https://2lnr.com/routes/arn-prg,no independent flight-route evidence
ARN,PRG,EW4620,110,https://2lnr.com/routes/arn-prg,no independent flight-route evidence
ARN,PRG,EW4620,110,https://2lnr.com/routes/arn-prg,no independent flight-route evidence
ARN,RAK,FR9795,255,https://2lnr.com/routes/arn-rak,flight-route mismatch
ARN,VIE,FR756,135,https://2lnr.com/routes/arn-vie,flight-route mismatch
ARN,VIE,FR756,135,https://2lnr.com/routes/arn-vie,flight-route mismatch
ARN,VIE,OS970,130,https://2lnr.com/routes/arn-vie,flight-route mismatch
ARN,VIE,OS970,130,https://2lnr.com/routes/arn-vie,flight-route mismatch
ASU,EZE,JA3797,115,https://2lnr.com/routes/asu-eze,no independent flight-route evidence
ASU,GRU,LA1301,125,https://2lnr.com/routes/asu-gru,no independent flight-route evidence
ASU,GRU,LA1303,120,https://2lnr.com/routes/asu-gru,no independent flight-route evidence
ASU,GRU,LA1305,125,https://2lnr.com/routes/asu-gru,no independent flight-route evidence
ASU,LIM,LA1320,235,https://2lnr.com/routes/asu-lim,flight-route mismatch
ASU,LIM,LA2963,245,https://2lnr.com/routes/asu-lim,no independent flight-route evidence
ASU,MVD,ZP844,110,https://2lnr.com/routes/asu-mvd,no independent flight-route evidence
ASU,MVD,ZP844,110,https://2lnr.com/routes/asu-mvd,no independent flight-route evidence
ATH,AMS,GQ790,220,https://2lnr.com/routes/ath-ams,no independent flight-route evidence
ATH,AMS,GQ790,230,https://2lnr.com/routes/ath-ams,no independent flight-route evidence
ATH,AMS,KL1954,215,https://2lnr.com/routes/ath-ams,flight-route mismatch
ATH,AMS,KL1954,215,https://2lnr.com/routes/ath-ams,flight-route mismatch
ATH,ARN,A3760,225,https://2lnr.com/routes/ath-arn,no independent flight-route evidence
ATH,AUH,EY190,290,https://2lnr.com/routes/ath-auh,flight-route mismatch
ATH,AUH,EY190,285,https://2lnr.com/routes/ath-auh,flight-route mismatch
ATH,AUH,EY190,285,https://2lnr.com/routes/ath-auh,flight-route mismatch
ATH,BER,A3820,175,https://2lnr.com/routes/ath-ber,flight-route mismatch
ATH,BER,A3822,175,https://2lnr.com/routes/ath-ber,no independent flight-route evidence
ATH,BER,FR171,180,https://2lnr.com/routes/ath-ber,flight-route mismatch
ATH,BER,FR171,180,https://2lnr.com/routes/ath-ber,flight-route mismatch
ATH,BER,FR171,180,https://2lnr.com/routes/ath-ber,flight-route mismatch
ATH,BER,GQ874,175,https://2lnr.com/routes/ath-ber,no independent flight-route evidence
ATH,BRU,GQ800,200,https://2lnr.com/routes/ath-bru,no independent flight-route evidence
ATH,BUD,W62442,130,https://2lnr.com/routes/ath-bud,flight-route mismatch
ATH,CDG,GQ900,215,https://2lnr.com/routes/ath-cdg,no independent flight-route evidence
ATH,CLT,AA343,690,https://2lnr.com/routes/ath-clt,flight-route mismatch
ATH,CLT,AA343,700,https://2lnr.com/routes/ath-clt,flight-route mismatch
ATH,CPH,SK2784,205,https://2lnr.com/routes/ath-cph,no independent flight-route evidence
ATH,DUB,A3630,265,https://2lnr.com/routes/ath-dub,flight-route mismatch
ATH,DUB,A3630,265,https://2lnr.com/routes/ath-dub,flight-route mismatch
ATH,DUS,GQ890,200,https://2lnr.com/routes/ath-dus,no independent flight-route evidence
ATH,DUS,GQ890,195,https://2lnr.com/routes/ath-dus,no independent flight-route evidence
ATH,EDI,A3632,265,https://2lnr.com/routes/ath-edi,flight-route mismatch
ATH,EDI,U23226,265,https://2lnr.com/routes/ath-edi,flight-route mismatch
ATH,FCO,GQ820,125,https://2lnr.com/routes/ath-fco,no independent flight-route evidence
ATH,FRA,GQ860,190,https://2lnr.com/routes/ath-fra,no independent flight-route evidence
ATH,GVA,A3856,170,https://2lnr.com/routes/ath-gva,flight-route mismatch
ATH,GVA,U21472,180,https://2lnr.com/routes/ath-gva,flight-route mismatch
ATH,HAM,A3824,195,https://2lnr.com/routes/ath-ham,flight-route mismatch
ATH,HAM,A3824,195,https://2lnr.com/routes/ath-ham,flight-route mismatch
ATH,HAM,GQ872,195,https://2lnr.com/routes/ath-ham,no independent flight-route evidence
ATH,IST,3U3828,100,https://2lnr.com/routes/ath-ist,flight-route mismatch
ATH,IST,GQ670,90,https://2lnr.com/routes/ath-ist,no independent flight-route evidence
ATH,IST,TK1844,95,https://2lnr.com/routes/ath-ist,flight-route mismatch
ATH,IST,TK1846,85,https://2lnr.com/routes/ath-ist,flight-route mismatch
ATH,JFK,N0501,630,https://2lnr.com/routes/ath-jfk,no independent flight-route evidence
ATH,JFK,N0503,630,https://2lnr.com/routes/ath-jfk,no independent flight-route evidence
ATH,LGW,GQ700,240,https://2lnr.com/routes/ath-lgw,no independent flight-route evidence
ATH,LGW,GQ700,245,https://2lnr.com/routes/ath-lgw,no independent flight-route evidence
ATH,LGW,GQ700,235,https://2lnr.com/routes/ath-lgw,no independent flight-route evidence
ATH,LGW,U28182,245,https://2lnr.com/routes/ath-lgw,flight-route mismatch
ATH,LGW,U28182,240,https://2lnr.com/routes/ath-lgw,flight-route mismatch
ATH,LGW,U28182,235,https://2lnr.com/routes/ath-lgw,flight-route mismatch
ATH,LGW,U28182,240,https://2lnr.com/routes/ath-lgw,flight-route mismatch
ATH,LGW,U28184,255,https://2lnr.com/routes/ath-lgw,flight-route mismatch
ATH,LGW,U28184,245,https://2lnr.com/routes/ath-lgw,flight-route mismatch
ATH,LGW,U28184,240,https://2lnr.com/routes/ath-lgw,flight-route mismatch
ATH,LGW,U28184,235,https://2lnr.com/routes/ath-lgw,flight-route mismatch
ATH,LGW,U28188,225,https://2lnr.com/routes/ath-lgw,no independent flight-route evidence
ATH,LGW,U28188,235,https://2lnr.com/routes/ath-lgw,no independent flight-route evidence
ATH,LHR,BA635,235,https://2lnr.com/routes/ath-lhr,flight-route mismatch
ATH,LIS,A3720,260,https://2lnr.com/routes/ath-lis,flight-route mismatch
ATH,LIS,A3720,265,https://2lnr.com/routes/ath-lis,flight-route mismatch
ATH,LIS,A3722,280,https://2lnr.com/routes/ath-lis,flight-route mismatch
ATH,LIS,A3722,280,https://2lnr.com/routes/ath-lis,flight-route mismatch
ATH,LIS,GQ922,260,https://2lnr.com/routes/ath-lis,no independent flight-route evidence
ATH,LIS,GQ922,270,https://2lnr.com/routes/ath-lis,no independent flight-route evidence
ATH,MAD,A3700,230,https://2lnr.com/routes/ath-mad,no independent flight-route evidence
ATH,MAD,GQ920,230,https://2lnr.com/routes/ath-mad,no independent flight-route evidence
ATH,MAD,IB834,235,https://2lnr.com/routes/ath-mad,flight-route mismatch
ATH,MAD,IB842,235,https://2lnr.com/routes/ath-mad,flight-route mismatch
ATH,MAN,LS1710,245,https://2lnr.com/routes/ath-man,no independent flight-route evidence
ATH,MAN,U22060,245,https://2lnr.com/routes/ath-man,flight-route mismatch
ATH,MUC,GQ870,160,https://2lnr.com/routes/ath-muc,no independent flight-route evidence
ATH,MXP,GQ830,155,https://2lnr.com/routes/ath-mxp,no independent flight-route evidence
ATH,MXP,U23652,160,https://2lnr.com/routes/ath-mxp,flight-route mismatch
ATH,MXP,U23652,165,https://2lnr.com/routes/ath-mxp,flight-route mismatch
ATH,MXP,U23654,160,https://2lnr.com/routes/ath-mxp,flight-route mismatch
ATH,MXP,U23654,160,https://2lnr.com/routes/ath-mxp,flight-route mismatch
ATH,NCE,U21738,160,https://2lnr.com/routes/ath-nce,no independent flight-route evidence
ATH,PRG,GQ760,160,https://2lnr.com/routes/ath-prg,no independent flight-route evidence
ATH,TBS,GQ784,165,https://2lnr.com/routes/ath-tbs,no independent flight-route evidence
ATH,TLV,GQ720,120,https://2lnr.com/routes/ath-tlv,no independent flight-route evidence
ATH,TLV,W47512,145,https://2lnr.com/routes/ath-tlv,no independent flight-route evidence
ATH,VIE,A3860,140,https://2lnr.com/routes/ath-vie,flight-route mismatch
ATH,VIE,A3860,140,https://2lnr.com/routes/ath-vie,flight-route mismatch
ATH,VIE,A3860,140,https://2lnr.com/routes/ath-vie,flight-route mismatch
ATH,VIE,GQ840,140,https://2lnr.com/routes/ath-vie,no independent flight-route evidence
ATH,WAW,GQ770,155,https://2lnr.com/routes/ath-waw,no independent flight-route evidence
ATL,AUH,EY14,840,https://2lnr.com/routes/atl-auh,flight-route mismatch
ATL,AUH,EY14,830,https://2lnr.com/routes/atl-auh,flight-route mismatch
ATL,CLT,AA5063,89,https://2lnr.com/routes/atl-clt,no independent flight-route evidence
ATL,CLT,AA5067,90,https://2lnr.com/routes/atl-clt,flight-route mismatch
ATL,CLT,AA5175,90,https://2lnr.com/routes/atl-clt,no independent flight-route evidence
ATL,CLT,AA5175,89,https://2lnr.com/routes/atl-clt,no independent flight-route evidence
ATL,CLT,AA5207,89,https://2lnr.com/routes/atl-clt,no independent flight-route evidence
ATL,CLT,AA5207,88,https://2lnr.com/routes/atl-clt,no independent flight-route evidence
ATL,CLT,AA5216,87,https://2lnr.com/routes/atl-clt,no independent flight-route evidence
ATL,CLT,AA5216,84,https://2lnr.com/routes/atl-clt,no independent flight-route evidence
ATL,CLT,AA5329,87,https://2lnr.com/routes/atl-clt,flight-route mismatch
ATL,CLT,AA5552,88,https://2lnr.com/routes/atl-clt,no independent flight-route evidence
ATL,DEN,UA609,205,https://2lnr.com/routes/atl-den,flight-route mismatch
ATL,EWR,UA3404,147,https://2lnr.com/routes/atl-ewr,flight-route mismatch
ATL,EWR,UA3409,145,https://2lnr.com/routes/atl-ewr,flight-route mismatch
ATL,EWR,UA758,143,https://2lnr.com/routes/atl-ewr,flight-route mismatch
ATL,FCO,DL298,555,https://2lnr.com/routes/atl-fco,flight-route mismatch
ATL,IAD,UA6115,110,https://2lnr.com/routes/atl-iad,flight-route mismatch
ATL,IAH,F93217,138,https://2lnr.com/routes/atl-iah,flight-route mismatch
ATL,IAH,UA3992,142,https://2lnr.com/routes/atl-iah,flight-route mismatch
ATL,IAH,UA3999,147,https://2lnr.com/routes/atl-iah,flight-route mismatch
ATL,IAH,UA4037,141,https://2lnr.com/routes/atl-iah,flight-route mismatch
ATL,IAH,UA425,136,https://2lnr.com/routes/atl-iah,flight-route mismatch
ATL,IAH,UA425,136,https://2lnr.com/routes/atl-iah,flight-route mismatch
ATL,IST,TK132,645,https://2lnr.com/routes/atl-ist,no independent flight-route evidence
ATL,IST,TK32,650,https://2lnr.com/routes/atl-ist,no independent flight-route evidence
ATL,IST,TK32,650,https://2lnr.com/routes/atl-ist,no independent flight-route evidence
ATL,LAS,DL748,262,https://2lnr.com/routes/atl-las,flight-route mismatch
ATL,LIM,DL151,400,https://2lnr.com/routes/atl-lim,flight-route mismatch
ATL,LIM,LA2483,405,https://2lnr.com/routes/atl-lim,no independent flight-route evidence
ATL,MSP,DL8785,160,https://2lnr.com/routes/atl-msp,flight-route mismatch
ATL,ORD,UA1955,140,https://2lnr.com/routes/atl-ord,flight-route mismatch
ATL,ORD,UA2657,143,https://2lnr.com/routes/atl-ord,flight-route mismatch
ATL,PHL,AA4725,137,https://2lnr.com/routes/atl-phl,no independent flight-route evidence
ATL,PHL,AA4755,134,https://2lnr.com/routes/atl-phl,no independent flight-route evidence
ATL,PHL,AA5250,136,https://2lnr.com/routes/atl-phl,no independent flight-route evidence
ATL,PHX,AA2064,244,https://2lnr.com/routes/atl-phx,flight-route mismatch
ATL,PHX,AA883,253,https://2lnr.com/routes/atl-phx,flight-route mismatch
ATL,PHX,DL1053,258,https://2lnr.com/routes/atl-phx,flight-route mismatch
ATL,PHX,DL2013,243,https://2lnr.com/routes/atl-phx,flight-route mismatch
ATL,PHX,DL687,245,https://2lnr.com/routes/atl-phx,flight-route mismatch
ATL,SAN,DL680,277,https://2lnr.com/routes/atl-san,flight-route mismatch
ATL,SFO,UA356,310,https://2lnr.com/routes/atl-sfo,flight-route mismatch
ATL,SFO,UA571,313,https://2lnr.com/routes/atl-sfo,flight-route mismatch
ATL,TPA,DL1167,86,https://2lnr.com/routes/atl-tpa,flight-route mismatch
ATL,YUL,AC8570,166,https://2lnr.com/routes/atl-yul,flight-route mismatch
ATL,YYZ,AC8502,140,https://2lnr.com/routes/atl-yyz,no independent flight-route evidence
ATL,YYZ,AC8504,140,https://2lnr.com/routes/atl-yyz,flight-route mismatch
ATL,YYZ,AC8506,141,https://2lnr.com/routes/atl-yyz,no independent flight-route evidence
ATL,YYZ,AC8508,141,https://2lnr.com/routes/atl-yyz,flight-route mismatch
ATL,YYZ,AC8508,135,https://2lnr.com/routes/atl-yyz,flight-route mismatch
AUH,AMS,EY41,450,https://2lnr.com/routes/auh-ams,flight-route mismatch
AUH,AMS,EY41,425,https://2lnr.com/routes/auh-ams,flight-route mismatch
AUH,ATH,EY189,325,https://2lnr.com/routes/auh-ath,no independent flight-route evidence
AUH,ATH,EY189,315,https://2lnr.com/routes/auh-ath,no independent flight-route evidence
AUH,ATH,EY189,315,https://2lnr.com/routes/auh-ath,no independent flight-route evidence
AUH,BAH,EY641,75,https://2lnr.com/routes/auh-bah,flight-route mismatch
AUH,BAH,EY643,75,https://2lnr.com/routes/auh-bah,no independent flight-route evidence
AUH,BAH,EY643,70,https://2lnr.com/routes/auh-bah,no independent flight-route evidence
AUH,BAH,EY647,70,https://2lnr.com/routes/auh-bah,flight-route mismatch
AUH,BAH,EY647,70,https://2lnr.com/routes/auh-bah,flight-route mismatch
AUH,BCN,EY111,425,https://2lnr.com/routes/auh-bcn,no independent flight-route evidence
AUH,BEY,EY581,210,https://2lnr.com/routes/auh-bey,no independent flight-route evidence
AUH,CAI,EY715,225,https://2lnr.com/routes/auh-cai,no independent flight-route evidence
AUH,CDG,EY35,450,https://2lnr.com/routes/auh-cdg,no independent flight-route evidence
AUH,CDG,EY35,430,https://2lnr.com/routes/auh-cdg,no independent flight-route evidence
AUH,CLT,EY15,910,https://2lnr.com/routes/auh-clt,flight-route mismatch
AUH,CMN,EY757,495,https://2lnr.com/routes/auh-cmn,no independent flight-route evidence
AUH,CPH,EY177,405,https://2lnr.com/routes/auh-cph,no independent flight-route evidence
AUH,DAC,3L63,305,https://2lnr.com/routes/auh-dac,flight-route mismatch
AUH,DAC,BG328,325,https://2lnr.com/routes/auh-dac,flight-route mismatch
AUH,DAC,BS350,290,https://2lnr.com/routes/auh-dac,flight-route mismatch
AUH,DAC,BS350,280,https://2lnr.com/routes/auh-dac,flight-route mismatch
AUH,DAC,EY382,290,https://2lnr.com/routes/auh-dac,flight-route mismatch
AUH,DOH,QR1053,70,https://2lnr.com/routes/auh-doh,no independent flight-route evidence
AUH,DUS,EY135,415,https://2lnr.com/routes/auh-dus,flight-route mismatch
AUH,GVA,EY145,420,https://2lnr.com/routes/auh-gva,no independent flight-route evidence
AUH,GVA,EY145,405,https://2lnr.com/routes/auh-gva,no independent flight-route evidence
AUH,HKT,EY416,445,https://2lnr.com/routes/auh-hkt,flight-route mismatch
AUH,HKT,EY416,410,https://2lnr.com/routes/auh-hkt,flight-route mismatch
AUH,IAD,EY5,870,https://2lnr.com/routes/auh-iad,flight-route mismatch
AUH,ISB,EY300,190,https://2lnr.com/routes/auh-isb,no independent flight-route evidence
AUH,ISB,EY300,190,https://2lnr.com/routes/auh-isb,no independent flight-route evidence
AUH,ISB,EY302,195,https://2lnr.com/routes/auh-isb,flight-route mismatch
AUH,ISB,EY302,195,https://2lnr.com/routes/auh-isb,flight-route mismatch
AUH,IST,TK869,295,https://2lnr.com/routes/auh-ist,flight-route mismatch
AUH,IST,TK869,295,https://2lnr.com/routes/auh-ist,flight-route mismatch
AUH,IST,TK869,295,https://2lnr.com/routes/auh-ist,flight-route mismatch
AUH,JFK,EY3,860,https://2lnr.com/routes/auh-jfk,flight-route mismatch
AUH,KHI,EY292,135,https://2lnr.com/routes/auh-khi,flight-route mismatch
AUH,KHI,EY296,140,https://2lnr.com/routes/auh-khi,flight-route mismatch
AUH,KUL,EY486,440,https://2lnr.com/routes/auh-kul,flight-route mismatch
AUH,KUL,EY486,440,https://2lnr.com/routes/auh-kul,flight-route mismatch
AUH,KUL,EY488,445,https://2lnr.com/routes/auh-kul,no independent flight-route evidence
AUH,KWI,3L20,100,https://2lnr.com/routes/auh-kwi,flight-route mismatch
AUH,KWI,3L22,100,https://2lnr.com/routes/auh-kwi,flight-route mismatch
AUH,KWI,EY651,105,https://2lnr.com/routes/auh-kwi,flight-route mismatch
AUH,KWI,EY653,95,https://2lnr.com/routes/auh-kwi,flight-route mismatch
AUH,KWI,EY653,105,https://2lnr.com/routes/auh-kwi,flight-route mismatch
AUH,KWI,EY653,105,https://2lnr.com/routes/auh-kwi,flight-route mismatch
AUH,KWI,EY655,105,https://2lnr.com/routes/auh-kwi,flight-route mismatch
AUH,KWI,EY655,105,https://2lnr.com/routes/auh-kwi,flight-route mismatch
AUH,KWI,EY657,105,https://2lnr.com/routes/auh-kwi,flight-route mismatch
AUH,LHR,EY61,460,https://2lnr.com/routes/auh-lhr,flight-route mismatch
AUH,LHR,EY63,460,https://2lnr.com/routes/auh-lhr,flight-route mismatch
AUH,LHR,EY63,455,https://2lnr.com/routes/auh-lhr,flight-route mismatch
AUH,LHR,EY65,480,https://2lnr.com/routes/auh-lhr,flight-route mismatch
AUH,LHR,EY65,450,https://2lnr.com/routes/auh-lhr,flight-route mismatch
AUH,LHR,EY67,460,https://2lnr.com/routes/auh-lhr,flight-route mismatch
AUH,LHR,EY67,455,https://2lnr.com/routes/auh-lhr,flight-route mismatch
AUH,LIS,EY99,495,https://2lnr.com/routes/auh-lis,flight-route mismatch
AUH,MAD,EY101,465,https://2lnr.com/routes/auh-mad,flight-route mismatch
AUH,MAD,EY101,465,https://2lnr.com/routes/auh-mad,flight-route mismatch
AUH,MAN,EY77,465,https://2lnr.com/routes/auh-man,flight-route mismatch
AUH,MAN,EY77,465,https://2lnr.com/routes/auh-man,flight-route mismatch
AUH,MUC,EY127,405,https://2lnr.com/routes/auh-muc,no independent flight-route evidence
AUH,MUC,EY127,380,https://2lnr.com/routes/auh-muc,no independent flight-route evidence
AUH,MUC,EY129,405,https://2lnr.com/routes/auh-muc,no independent flight-route evidence
AUH,ORD,EY11,895,https://2lnr.com/routes/auh-ord,flight-route mismatch
AUH,ORD,EY11,880,https://2lnr.com/routes/auh-ord,flight-route mismatch
AUH,ORD,EY9,880,https://2lnr.com/routes/auh-ord,flight-route mismatch
AUH,PRG,EY155,375,https://2lnr.com/routes/auh-prg,no independent flight-route evidence
AUH,TAS,EY830,265,https://2lnr.com/routes/auh-tas,flight-route mismatch
AUH,TAS,EY830,210,https://2lnr.com/routes/auh-tas,flight-route mismatch
AUH,TUN,EY739,390,https://2lnr.com/routes/auh-tun,no independent flight-route evidence
AUH,VIE,EY153,360,https://2lnr.com/routes/auh-vie,no independent flight-route evidence
AUH,VIE,EY153,360,https://2lnr.com/routes/auh-vie,no independent flight-route evidence
AUH,YYZ,EY21,880,https://2lnr.com/routes/auh-yyz,flight-route mismatch
AUH,YYZ,EY21,860,https://2lnr.com/routes/auh-yyz,flight-route mismatch
AUH,ZRH,EY139,435,https://2lnr.com/routes/auh-zrh,no independent flight-route evidence
AUH,ZRH,EY139,415,https://2lnr.com/routes/auh-zrh,no independent flight-route evidence
AUH,ZRH,EY141,435,https://2lnr.com/routes/auh-zrh,flight-route mismatch
AUH,ZRH,EY141,415,https://2lnr.com/routes/auh-zrh,flight-route mismatch
AUH,ZRH,EY143,445,https://2lnr.com/routes/auh-zrh,no independent flight-route evidence
AUH,ZRH,EY143,415,https://2lnr.com/routes/auh-zrh,no independent flight-route evidence
BAH,AUH,EY642,75,https://2lnr.com/routes/bah-auh,flight-route mismatch
BAH,AUH,EY644,85,https://2lnr.com/routes/bah-auh,no independent flight-route evidence
BAH,AUH,EY644,75,https://2lnr.com/routes/bah-auh,no independent flight-route evidence
BAH,DAC,GF248,315,https://2lnr.com/routes/bah-dac,flight-route mismatch
BAH,DAC,GF250,315,https://2lnr.com/routes/bah-dac,flight-route mismatch
BAH,DAC,GF250,315,https://2lnr.com/routes/bah-dac,flight-route mismatch
BAH,DXB,FZ24,75,https://2lnr.com/routes/bah-dxb,no independent flight-route evidence
BAH,DXB,FZ26,75,https://2lnr.com/routes/bah-dxb,no independent flight-route evidence
BAH,DXB,FZ30,75,https://2lnr.com/routes/bah-dxb,no independent flight-route evidence
BAH,IST,TK779,255,https://2lnr.com/routes/bah-ist,flight-route mismatch
BAH,IST,TK779,255,https://2lnr.com/routes/bah-ist,flight-route mismatch
BAH,IST,TK779,255,https://2lnr.com/routes/bah-ist,flight-route mismatch
BAH,IST,TK779,255,https://2lnr.com/routes/bah-ist,flight-route mismatch
BAH,KUL,D7973,480,https://2lnr.com/routes/bah-kul,no independent flight-route evidence
BAH,KUL,GF158,450,https://2lnr.com/routes/bah-kul,no independent flight-route evidence
BAH,KWI,GF213,70,https://2lnr.com/routes/bah-kwi,flight-route mismatch
BAH,KWI,GF215,70,https://2lnr.com/routes/bah-kwi,flight-route mismatch
BAH,KWI,GF215,70,https://2lnr.com/routes/bah-kwi,flight-route mismatch
BAH,KWI,KU616,80,https://2lnr.com/routes/bah-kwi,flight-route mismatch
BAH,SVO,GF12,385,https://2lnr.com/routes/bah-svo,flight-route mismatch
BCN,ALG,VY6154,80,https://2lnr.com/routes/bcn-alg,no independent flight-route evidence
BCN,AMS,VY8309,145,https://2lnr.com/routes/bcn-ams,flight-route mismatch
BCN,AMS,VY8311,150,https://2lnr.com/routes/bcn-ams,no independent flight-route evidence
BCN,AMS,VY8312,150,https://2lnr.com/routes/bcn-ams,no independent flight-route evidence
BCN,AUH,EY112,420,https://2lnr.com/routes/bcn-auh,no independent flight-route evidence
BCN,AUH,EY112,395,https://2lnr.com/routes/bcn-auh,no independent flight-route evidence
BCN,AUH,EY112,395,https://2lnr.com/routes/bcn-auh,no independent flight-route evidence
BCN,BER,FR133,160,https://2lnr.com/routes/bcn-ber,flight-route mismatch
BCN,BER,FR149,160,https://2lnr.com/routes/bcn-ber,flight-route mismatch
BCN,BER,FR149,160,https://2lnr.com/routes/bcn-ber,flight-route mismatch
BCN,BER,FR9093,160,https://2lnr.com/routes/bcn-ber,flight-route mismatch
BCN,BER,U25108,170,https://2lnr.com/routes/bcn-ber,no independent flight-route evidence
BCN,BER,U25108,160,https://2lnr.com/routes/bcn-ber,no independent flight-route evidence
BCN,BER,U25108,165,https://2lnr.com/routes/bcn-ber,no independent flight-route evidence
BCN,BER,U27171,165,https://2lnr.com/routes/bcn-ber,no independent flight-route evidence
BCN,BER,U27171,170,https://2lnr.com/routes/bcn-ber,no independent flight-route evidence
BCN,BER,VY1882,165,https://2lnr.com/routes/bcn-ber,flight-route mismatch
BCN,BER,VY1882,165,https://2lnr.com/routes/bcn-ber,flight-route mismatch
BCN,BER,VY1884,165,https://2lnr.com/routes/bcn-ber,flight-route mismatch
BCN,BER,VY1886,165,https://2lnr.com/routes/bcn-ber,flight-route mismatch
BCN,BRU,VY8984,130,https://2lnr.com/routes/bcn-bru,no independent flight-route evidence
BCN,BUD,FR8384,155,https://2lnr.com/routes/bcn-bud,no independent flight-route evidence
BCN,BUD,FR8384,155,https://2lnr.com/routes/bcn-bud,no independent flight-route evidence
BCN,BUD,W62376,160,https://2lnr.com/routes/bcn-bud,flight-route mismatch
BCN,BUD,W62378,165,https://2lnr.com/routes/bcn-bud,flight-route mismatch
BCN,BUD,W62378,155,https://2lnr.com/routes/bcn-bud,flight-route mismatch
BCN,BUD,W62378,160,https://2lnr.com/routes/bcn-bud,flight-route mismatch
BCN,BUD,W62416,160,https://2lnr.com/routes/bcn-bud,flight-route mismatch
BCN,CAI,MS3923,250,https://2lnr.com/routes/bcn-cai,no independent flight-route evidence
BCN,CDG,VY8248,120,https://2lnr.com/routes/bcn-cdg,flight-route mismatch
BCN,CDG,VY8248,120,https://2lnr.com/routes/bcn-cdg,flight-route mismatch
BCN,CPH,D83657,175,https://2lnr.com/routes/bcn-cph,no independent flight-route evidence
BCN,CPH,D83657,175,https://2lnr.com/routes/bcn-cph,no independent flight-route evidence
BCN,CPH,FR1279,190,https://2lnr.com/routes/bcn-cph,flight-route mismatch
BCN,DOH,QR146,380,https://2lnr.com/routes/bcn-doh,flight-route mismatch
BCN,DOH,QR146,360,https://2lnr.com/routes/bcn-doh,flight-route mismatch
BCN,DUB,FR6920,165,https://2lnr.com/routes/bcn-dub,flight-route mismatch
BCN,EDI,RK6275,175,https://2lnr.com/routes/bcn-edi,no independent flight-route evidence
BCN,EDI,U23216,180,https://2lnr.com/routes/bcn-edi,flight-route mismatch
BCN,EDI,U27115,180,https://2lnr.com/routes/bcn-edi,no independent flight-route evidence
BCN,FCO,FR3180,115,https://2lnr.com/routes/bcn-fco,no independent flight-route evidence
BCN,FCO,FR8574,115,https://2lnr.com/routes/bcn-fco,flight-route mismatch
BCN,FCO,W46018,115,https://2lnr.com/routes/bcn-fco,flight-route mismatch
BCN,FCO,W46020,115,https://2lnr.com/routes/bcn-fco,flight-route mismatch
BCN,FRA,DE4322,125,https://2lnr.com/routes/bcn-fra,no independent flight-route evidence
BCN,FRA,DE4322,135,https://2lnr.com/routes/bcn-fra,no independent flight-route evidence
BCN,FRA,DE4324,125,https://2lnr.com/routes/bcn-fra,no independent flight-route evidence
BCN,FRA,DE4326,125,https://2lnr.com/routes/bcn-fra,no independent flight-route evidence
BCN,GRU,LA8135,660,https://2lnr.com/routes/bcn-gru,no independent flight-route evidence
BCN,GVA,U21294,105,https://2lnr.com/routes/bcn-gva,no independent flight-route evidence
BCN,GVA,U21294,100,https://2lnr.com/routes/bcn-gva,no independent flight-route evidence
BCN,GVA,U21296,105,https://2lnr.com/routes/bcn-gva,no independent flight-route evidence
BCN,GVA,U27105,105,https://2lnr.com/routes/bcn-gva,flight-route mismatch
BCN,GVA,U27107,105,https://2lnr.com/routes/bcn-gva,flight-route mismatch
BCN,GVA,U27109,100,https://2lnr.com/routes/bcn-gva,flight-route mismatch
BCN,GVA,U27109,105,https://2lnr.com/routes/bcn-gva,flight-route mismatch
BCN,GVA,U27109,90,https://2lnr.com/routes/bcn-gva,flight-route mismatch
BCN,GVA,U27111,105,https://2lnr.com/routes/bcn-gva,flight-route mismatch
BCN,GVA,U27454,100,https://2lnr.com/routes/bcn-gva,no independent flight-route evidence
BCN,GVA,VY6200,100,https://2lnr.com/routes/bcn-gva,no independent flight-route evidence
BCN,GVA,VY6202,105,https://2lnr.com/routes/bcn-gva,no independent flight-route evidence
BCN,GVA,VY6202,100,https://2lnr.com/routes/bcn-gva,no independent flight-route evidence
BCN,IST,TK1468,220,https://2lnr.com/routes/bcn-ist,no independent flight-route evidence
BCN,IST,TK1856,205,https://2lnr.com/routes/bcn-ist,flight-route mismatch
BCN,IST,TK1856,200,https://2lnr.com/routes/bcn-ist,flight-route mismatch
BCN,IST,VY3076,225,https://2lnr.com/routes/bcn-ist,no independent flight-route evidence
BCN,KEF,OG611,280,https://2lnr.com/routes/bcn-kef,no independent flight-route evidence
BCN,KEF,OG611,285,https://2lnr.com/routes/bcn-kef,no independent flight-route evidence
BCN,KEF,VY6012,275,https://2lnr.com/routes/bcn-kef,flight-route mismatch
BCN,KEF,VY6038,275,https://2lnr.com/routes/bcn-kef,no independent flight-route evidence
BCN,KWI,KU136,365,https://2lnr.com/routes/bcn-kwi,flight-route mismatch
BCN,LGW,U28056,150,https://2lnr.com/routes/bcn-lgw,no independent flight-route evidence
BCN,LGW,U28056,155,https://2lnr.com/routes/bcn-lgw,no independent flight-route evidence
BCN,LGW,U28058,150,https://2lnr.com/routes/bcn-lgw,no independent flight-route evidence
BCN,LGW,U28058,145,https://2lnr.com/routes/bcn-lgw,no independent flight-route evidence
BCN,LGW,U28064,150,https://2lnr.com/routes/bcn-lgw,flight-route mismatch
BCN,LGW,U28064,150,https://2lnr.com/routes/bcn-lgw,flight-route mismatch
BCN,LGW,VY6008,145,https://2lnr.com/routes/bcn-lgw,flight-route mismatch
BCN,LGW,VY6018,150,https://2lnr.com/routes/bcn-lgw,flight-route mismatch
BCN,LGW,VY6026,140,https://2lnr.com/routes/bcn-lgw,no independent flight-route evidence
BCN,LGW,VY7832,145,https://2lnr.com/routes/bcn-lgw,no independent flight-route evidence
BCN,LHR,BA467,140,https://2lnr.com/routes/bcn-lhr,flight-route mismatch
BCN,LHR,BA489,135,https://2lnr.com/routes/bcn-lhr,flight-route mismatch
BCN,LIM,IB2611,775,https://2lnr.com/routes/bcn-lim,no independent flight-route evidence
BCN,LIS,NI1033,120,https://2lnr.com/routes/bcn-lis,no independent flight-route evidence
BCN,LIS,U27213,125,https://2lnr.com/routes/bcn-lis,flight-route mismatch
BCN,LIS,U27656,130,https://2lnr.com/routes/bcn-lis,no independent flight-route evidence
BCN,LIS,VY8468,130,https://2lnr.com/routes/bcn-lis,flight-route mismatch
BCN,LIS,VY8468,125,https://2lnr.com/routes/bcn-lis,flight-route mismatch
BCN,MAD,IB402,85,https://2lnr.com/routes/bcn-mad,flight-route mismatch
BCN,MAD,IB402,85,https://2lnr.com/routes/bcn-mad,flight-route mismatch
BCN,MAD,IB404,85,https://2lnr.com/routes/bcn-mad,flight-route mismatch
BCN,MAD,IB404,85,https://2lnr.com/routes/bcn-mad,flight-route mismatch
BCN,MAD,IB412,85,https://2lnr.com/routes/bcn-mad,no independent flight-route evidence
BCN,MAD,IB414,85,https://2lnr.com/routes/bcn-mad,flight-route mismatch
BCN,MAD,IB418,85,https://2lnr.com/routes/bcn-mad,flight-route mismatch
BCN,MAD,IB420,85,https://2lnr.com/routes/bcn-mad,flight-route mismatch
BCN,MAD,IB422,85,https://2lnr.com/routes/bcn-mad,no independent flight-route evidence
BCN,MAD,IB424,85,https://2lnr.com/routes/bcn-mad,flight-route mismatch
BCN,MAD,IB426,85,https://2lnr.com/routes/bcn-mad,flight-route mismatch
BCN,MAD,VY1010,85,https://2lnr.com/routes/bcn-mad,flight-route mismatch
BCN,MAN,FR5270,155,https://2lnr.com/routes/bcn-man,no independent flight-route evidence
BCN,MAN,FR6597,155,https://2lnr.com/routes/bcn-man,flight-route mismatch
BCN,MAN,FR6597,155,https://2lnr.com/routes/bcn-man,flight-route mismatch
BCN,MAN,RK5270,155,https://2lnr.com/routes/bcn-man,no independent flight-route evidence
BCN,MAN,U22002,155,https://2lnr.com/routes/bcn-man,no independent flight-route evidence
BCN,MAN,U22002,160,https://2lnr.com/routes/bcn-man,no independent flight-route evidence
BCN,MAN,U22002,150,https://2lnr.com/routes/bcn-man,no independent flight-route evidence
BCN,MAN,U22036,150,https://2lnr.com/routes/bcn-man,flight-route mismatch
BCN,MAN,U22036,155,https://2lnr.com/routes/bcn-man,flight-route mismatch
BCN,MAN,VY8746,160,https://2lnr.com/routes/bcn-man,no independent flight-route evidence
BCN,MAN,VY8746,160,https://2lnr.com/routes/bcn-man,no independent flight-route evidence
BCN,MAN,VY8746,160,https://2lnr.com/routes/bcn-man,no independent flight-route evidence
BCN,MUC,VL1809,125,https://2lnr.com/routes/bcn-muc,no independent flight-route evidence
BCN,MUC,VL1811,130,https://2lnr.com/routes/bcn-muc,no independent flight-route evidence
BCN,MXP,U23754,105,https://2lnr.com/routes/bcn-mxp,flight-route mismatch
BCN,MXP,U23778,105,https://2lnr.com/routes/bcn-mxp,flight-route mismatch
BCN,MXP,U23780,100,https://2lnr.com/routes/bcn-mxp,flight-route mismatch
BCN,MXP,W46316,110,https://2lnr.com/routes/bcn-mxp,no independent flight-route evidence
BCN,OPO,VY8482,115,https://2lnr.com/routes/bcn-opo,flight-route mismatch
BCN,OPO,VY8482,120,https://2lnr.com/routes/bcn-opo,flight-route mismatch
BCN,OSL,DY1743,205,https://2lnr.com/routes/bcn-osl,no independent flight-route evidence
BCN,PRG,FR3039,150,https://2lnr.com/routes/bcn-prg,flight-route mismatch
BCN,RAK,FR2250,95,https://2lnr.com/routes/bcn-rak,no independent flight-route evidence
BCN,SAL,E9867,695,https://2lnr.com/routes/bcn-sal,no independent flight-route evidence
BCN,TLV,BZ250,255,https://2lnr.com/routes/bcn-tlv,no independent flight-route evidence
BCN,TLV,BZ2511,255,https://2lnr.com/routes/bcn-tlv,no independent flight-route evidence
BCN,TUN,TU607,95,https://2lnr.com/routes/bcn-tun,flight-route mismatch
BCN,VIE,FR12,145,https://2lnr.com/routes/bcn-vie,flight-route mismatch
BCN,VIE,FR7351,145,https://2lnr.com/routes/bcn-vie,no independent flight-route evidence
BCN,VIE,FR7351,145,https://2lnr.com/routes/bcn-vie,no independent flight-route evidence
BCN,VIE,OS406,135,https://2lnr.com/routes/bcn-vie,flight-route mismatch
BCN,VIE,OS406,135,https://2lnr.com/routes/bcn-vie,flight-route mismatch
BCN,VIE,VY8714,150,https://2lnr.com/routes/bcn-vie,no independent flight-route evidence
BCN,VIE,VY8716,150,https://2lnr.com/routes/bcn-vie,no independent flight-route evidence
BCN,WAW,LO436,180,https://2lnr.com/routes/bcn-waw,no independent flight-route evidence
BCN,WAW,W61476,180,https://2lnr.com/routes/bcn-waw,flight-route mismatch
BCN,WAW,W61476,185,https://2lnr.com/routes/bcn-waw,flight-route mismatch
BCN,WAW,W61476,165,https://2lnr.com/routes/bcn-waw,flight-route mismatch
BCN,WAW,W61476,195,https://2lnr.com/routes/bcn-waw,flight-route mismatch
BCN,ZRH,LX1959,110,https://2lnr.com/routes/bcn-zrh,no independent flight-route evidence
BCN,ZRH,LX1959,110,https://2lnr.com/routes/bcn-zrh,no independent flight-route evidence
BER,AMM,RJ138,260,https://2lnr.com/routes/ber-amm,flight-route mismatch
BER,AMM,RJ138,260,https://2lnr.com/routes/ber-amm,flight-route mismatch
BER,AMM,RJ138,260,https://2lnr.com/routes/ber-amm,flight-route mismatch
BER,AMM,RJ138,260,https://2lnr.com/routes/ber-amm,flight-route mismatch
BER,AMS,KL1770,85,https://2lnr.com/routes/ber-ams,flight-route mismatch
BER,AMS,KL1772,85,https://2lnr.com/routes/ber-ams,flight-route mismatch
BER,AMS,KL1772,85,https://2lnr.com/routes/ber-ams,flight-route mismatch
BER,AMS,KL1772,85,https://2lnr.com/routes/ber-ams,flight-route mismatch
BER,AMS,KL1772,85,https://2lnr.com/routes/ber-ams,flight-route mismatch
BER,AMS,KL1774,85,https://2lnr.com/routes/ber-ams,flight-route mismatch
BER,AMS,KL1776,80,https://2lnr.com/routes/ber-ams,flight-route mismatch
BER,AMS,KL1778,80,https://2lnr.com/routes/ber-ams,flight-route mismatch
BER,AMS,KL1778,80,https://2lnr.com/routes/ber-ams,flight-route mismatch
BER,AMS,KL1778,80,https://2lnr.com/routes/ber-ams,flight-route mismatch
BER,AMS,KL1780,75,https://2lnr.com/routes/ber-ams,flight-route mismatch
BER,AMS,KL1780,75,https://2lnr.com/routes/ber-ams,flight-route mismatch
BER,AMS,KL1782,85,https://2lnr.com/routes/ber-ams,flight-route mismatch
BER,AMS,KL1782,85,https://2lnr.com/routes/ber-ams,flight-route mismatch
BER,ARN,D84506,95,https://2lnr.com/routes/ber-arn,flight-route mismatch
BER,ARN,D84508,95,https://2lnr.com/routes/ber-arn,flight-route mismatch
BER,ARN,D84508,95,https://2lnr.com/routes/ber-arn,flight-route mismatch
BER,ARN,EW4601,95,https://2lnr.com/routes/ber-arn,flight-route mismatch
BER,ARN,EW4609,95,https://2lnr.com/routes/ber-arn,no independent flight-route evidence
BER,ARN,SK2678,95,https://2lnr.com/routes/ber-arn,flight-route mismatch
BER,ARN,SK2678,95,https://2lnr.com/routes/ber-arn,flight-route mismatch
BER,ARN,SK2680,95,https://2lnr.com/routes/ber-arn,flight-route mismatch
BER,ARN,SK2680,95,https://2lnr.com/routes/ber-arn,flight-route mismatch
BER,ATH,A3821,165,https://2lnr.com/routes/ber-ath,flight-route mismatch
BER,ATH,A3823,165,https://2lnr.com/routes/ber-ath,flight-route mismatch
BER,ATH,FR170,170,https://2lnr.com/routes/ber-ath,flight-route mismatch
BER,ATH,FR170,170,https://2lnr.com/routes/ber-ath,flight-route mismatch
BER,ATH,GQ875,165,https://2lnr.com/routes/ber-ath,no independent flight-route evidence
BER,BCN,FR132,155,https://2lnr.com/routes/ber-bcn,flight-route mismatch
BER,BCN,FR148,155,https://2lnr.com/routes/ber-bcn,no independent flight-route evidence
BER,BCN,FR9092,155,https://2lnr.com/routes/ber-bcn,flight-route mismatch
BER,BCN,U25107,165,https://2lnr.com/routes/ber-bcn,no independent flight-route evidence
BER,BCN,U25107,155,https://2lnr.com/routes/ber-bcn,no independent flight-route evidence
BER,BCN,U27172,155,https://2lnr.com/routes/ber-bcn,no independent flight-route evidence
BER,BCN,U27172,150,https://2lnr.com/routes/ber-bcn,no independent flight-route evidence
BER,BCN,U27172,160,https://2lnr.com/routes/ber-bcn,no independent flight-route evidence
BER,BCN,VY1883,165,https://2lnr.com/routes/ber-bcn,flight-route mismatch
BER,BCN,VY1883,165,https://2lnr.com/routes/ber-bcn,flight-route mismatch
BER,BCN,VY1885,165,https://2lnr.com/routes/ber-bcn,flight-route mismatch
BER,BCN,VY1887,165,https://2lnr.com/routes/ber-bcn,flight-route mismatch
BER,BEY,EW8980,225,https://2lnr.com/routes/ber-bey,flight-route mismatch
BER,BEY,ME246,230,https://2lnr.com/routes/ber-bey,flight-route mismatch
BER,BRU,SN2580,85,https://2lnr.com/routes/ber-bru,flight-route mismatch
BER,BRU,SN2580,85,https://2lnr.com/routes/ber-bru,flight-route mismatch
BER,BRU,SN2582,85,https://2lnr.com/routes/ber-bru,flight-route mismatch
BER,BRU,SN2582,85,https://2lnr.com/routes/ber-bru,flight-route mismatch
BER,BRU,SN2582,85,https://2lnr.com/routes/ber-bru,flight-route mismatch
BER,BRU,SN2588,85,https://2lnr.com/routes/ber-bru,flight-route mismatch
BER,BRU,SN2588,85,https://2lnr.com/routes/ber-bru,flight-route mismatch
BER,BRU,SN2588,85,https://2lnr.com/routes/ber-bru,flight-route mismatch
BER,BRU,SN2590,85,https://2lnr.com/routes/ber-bru,flight-route mismatch
BER,BRU,SN2590,85,https://2lnr.com/routes/ber-bru,flight-route mismatch
BER,BRU,SN2590,85,https://2lnr.com/routes/ber-bru,flight-route mismatch
BER,BRU,SN2592,85,https://2lnr.com/routes/ber-bru,flight-route mismatch
BER,BRU,SN2592,85,https://2lnr.com/routes/ber-bru,flight-route mismatch
BER,BUD,FR196,90,https://2lnr.com/routes/ber-bud,flight-route mismatch
BER,BUD,FR196,90,https://2lnr.com/routes/ber-bud,flight-route mismatch
BER,BUD,FR206,90,https://2lnr.com/routes/ber-bud,flight-route mismatch
BER,BUD,W62316,90,https://2lnr.com/routes/ber-bud,flight-route mismatch
BER,BUD,W62318,90,https://2lnr.com/routes/ber-bud,flight-route mismatch
BER,BUD,W62318,80,https://2lnr.com/routes/ber-bud,flight-route mismatch
BER,CAI,MS732,240,https://2lnr.com/routes/ber-cai,flight-route mismatch
BER,CAI,MS732,240,https://2lnr.com/routes/ber-cai,flight-route mismatch
BER,CAI,MS732,240,https://2lnr.com/routes/ber-cai,flight-route mismatch
BER,CDG,AF1135,115,https://2lnr.com/routes/ber-cdg,flight-route mismatch
BER,CDG,AF1235,110,https://2lnr.com/routes/ber-cdg,flight-route mismatch
BER,CDG,AF1235,110,https://2lnr.com/routes/ber-cdg,flight-route mismatch
BER,CDG,AF1435,110,https://2lnr.com/routes/ber-cdg,flight-route mismatch
BER,CDG,AF1435,110,https://2lnr.com/routes/ber-cdg,flight-route mismatch
BER,CDG,AF1435,110,https://2lnr.com/routes/ber-cdg,flight-route mismatch
BER,CDG,AF1535,110,https://2lnr.com/routes/ber-cdg,flight-route mismatch
BER,CDG,AF1535,110,https://2lnr.com/routes/ber-cdg,flight-route mismatch
BER,CDG,AF1735,110,https://2lnr.com/routes/ber-cdg,flight-route mismatch
BER,CDG,AF1835,110,https://2lnr.com/routes/ber-cdg,flight-route mismatch
BER,CDG,U24632,110,https://2lnr.com/routes/ber-cdg,flight-route mismatch
BER,CDG,U24632,110,https://2lnr.com/routes/ber-cdg,flight-route mismatch
BER,CDG,U24634,110,https://2lnr.com/routes/ber-cdg,flight-route mismatch
BER,CDG,U25159,105,https://2lnr.com/routes/ber-cdg,no independent flight-route evidence
BER,CDG,U25159,110,https://2lnr.com/routes/ber-cdg,no independent flight-route evidence
BER,CDG,U25159,110,https://2lnr.com/routes/ber-cdg,no independent flight-route evidence
BER,CDG,U25159,110,https://2lnr.com/routes/ber-cdg,no independent flight-route evidence
BER,CDG,U25161,105,https://2lnr.com/routes/ber-cdg,no independent flight-route evidence
BER,CDG,U25161,110,https://2lnr.com/routes/ber-cdg,no independent flight-route evidence
BER,CDG,U25161,105,https://2lnr.com/routes/ber-cdg,no independent flight-route evidence
BER,CDG,U25161,110,https://2lnr.com/routes/ber-cdg,no independent flight-route evidence
BER,CDG,U25163,110,https://2lnr.com/routes/ber-cdg,flight-route mismatch
BER,CDG,U25165,110,https://2lnr.com/routes/ber-cdg,flight-route mismatch
BER,CPH,D83301,60,https://2lnr.com/routes/ber-cph,flight-route mismatch
BER,CPH,D83303,60,https://2lnr.com/routes/ber-cph,flight-route mismatch
BER,CPH,D83303,60,https://2lnr.com/routes/ber-cph,flight-route mismatch
BER,CPH,D83305,60,https://2lnr.com/routes/ber-cph,flight-route mismatch
BER,CPH,SK1674,60,https://2lnr.com/routes/ber-cph,flight-route mismatch
BER,CPH,SK1678,60,https://2lnr.com/routes/ber-cph,flight-route mismatch
BER,CPH,SK1680,60,https://2lnr.com/routes/ber-cph,flight-route mismatch
BER,CPH,SK1680,60,https://2lnr.com/routes/ber-cph,flight-route mismatch
BER,CPH,SK1680,60,https://2lnr.com/routes/ber-cph,flight-route mismatch
BER,CPH,SK680,60,https://2lnr.com/routes/ber-cph,flight-route mismatch
BER,CPH,U25261,65,https://2lnr.com/routes/ber-cph,flight-route mismatch
BER,CPH,U25261,65,https://2lnr.com/routes/ber-cph,flight-route mismatch
BER,CPH,U25267,65,https://2lnr.com/routes/ber-cph,flight-route mismatch
BER,DOH,QR80,335,https://2lnr.com/routes/ber-doh,flight-route mismatch
BER,DOH,QR82,340,https://2lnr.com/routes/ber-doh,flight-route mismatch
BER,DOH,QR84,340,https://2lnr.com/routes/ber-doh,flight-route mismatch
BER,DOH,QR84,340,https://2lnr.com/routes/ber-doh,flight-route mismatch
BER,DUB,EI333,145,https://2lnr.com/routes/ber-dub,flight-route mismatch
BER,DUB,EI337,145,https://2lnr.com/routes/ber-dub,no independent flight-route evidence
BER,DUB,FR3670,140,https://2lnr.com/routes/ber-dub,flight-route mismatch
BER,DUB,FR3670,140,https://2lnr.com/routes/ber-dub,flight-route mismatch
BER,DUB,FR5419,140,https://2lnr.com/routes/ber-dub,flight-route mismatch
BER,DUB,FR5419,140,https://2lnr.com/routes/ber-dub,flight-route mismatch
BER,DUS,EW8040,65,https://2lnr.com/routes/ber-dus,flight-route mismatch
BER,DUS,EW8042,65,https://2lnr.com/routes/ber-dus,flight-route mismatch
BER,DUS,EW8044,65,https://2lnr.com/routes/ber-dus,no independent flight-route evidence
BER,DUS,EW8044,65,https://2lnr.com/routes/ber-dus,no independent flight-route evidence
BER,DUS,EW8046,65,https://2lnr.com/routes/ber-dus,flight-route mismatch
BER,DUS,EW9041,65,https://2lnr.com/routes/ber-dus,no independent flight-route evidence
BER,DUS,EW9041,65,https://2lnr.com/routes/ber-dus,no independent flight-route evidence
BER,DUS,EW9043,65,https://2lnr.com/routes/ber-dus,flight-route mismatch
BER,DUS,EW9043,65,https://2lnr.com/routes/ber-dus,flight-route mismatch
BER,DUS,EW9047,65,https://2lnr.com/routes/ber-dus,flight-route mismatch
BER,DUS,EW9047,65,https://2lnr.com/routes/ber-dus,flight-route mismatch
BER,DUS,EW9049,65,https://2lnr.com/routes/ber-dus,no independent flight-route evidence
BER,DUS,EW9049,65,https://2lnr.com/routes/ber-dus,no independent flight-route evidence
BER,EDI,FR2377,130,https://2lnr.com/routes/ber-edi,flight-route mismatch
BER,EDI,FR2377,130,https://2lnr.com/routes/ber-edi,flight-route mismatch
BER,EDI,U23262,135,https://2lnr.com/routes/ber-edi,no independent flight-route evidence
BER,EDI,U23262,130,https://2lnr.com/routes/ber-edi,no independent flight-route evidence
BER,EVN,EW8994,235,https://2lnr.com/routes/ber-evn,flight-route mismatch
BER,EWR,UA963,540,https://2lnr.com/routes/ber-ewr,flight-route mismatch
BER,FCO,FR134,130,https://2lnr.com/routes/ber-fco,no independent flight-route evidence
BER,FCO,FR40,130,https://2lnr.com/routes/ber-fco,flight-route mismatch
BER,FCO,FR40,130,https://2lnr.com/routes/ber-fco,flight-route mismatch
BER,FCO,U25079,130,https://2lnr.com/routes/ber-fco,flight-route mismatch
BER,FCO,U25081,130,https://2lnr.com/routes/ber-fco,no independent flight-route evidence
BER,FRA,DE4074,70,https://2lnr.com/routes/ber-fra,no independent flight-route evidence
BER,FRA,DE4074,70,https://2lnr.com/routes/ber-fra,no independent flight-route evidence
BER,FRA,DE4086,70,https://2lnr.com/routes/ber-fra,flight-route mismatch
BER,FRA,DE4094,70,https://2lnr.com/routes/ber-fra,flight-route mismatch
BER,FRA,LH173,70,https://2lnr.com/routes/ber-fra,flight-route mismatch
BER,FRA,LH175,70,https://2lnr.com/routes/ber-fra,flight-route mismatch
BER,FRA,LH179,70,https://2lnr.com/routes/ber-fra,flight-route mismatch
BER,FRA,LH181,70,https://2lnr.com/routes/ber-fra,flight-route mismatch
BER,FRA,LH181,70,https://2lnr.com/routes/ber-fra,flight-route mismatch
BER,FRA,LH185,70,https://2lnr.com/routes/ber-fra,flight-route mismatch
BER,FRA,LH187,70,https://2lnr.com/routes/ber-fra,flight-route mismatch
BER,FRA,LH187,70,https://2lnr.com/routes/ber-fra,flight-route mismatch
BER,FRA,LH193,70,https://2lnr.com/routes/ber-fra,flight-route mismatch
BER,FRA,LH199,70,https://2lnr.com/routes/ber-fra,flight-route mismatch
BER,FRA,LH203,70,https://2lnr.com/routes/ber-fra,flight-route mismatch
BER,FRA,LH207,70,https://2lnr.com/routes/ber-fra,flight-route mismatch
BER,FRA,LH207,70,https://2lnr.com/routes/ber-fra,flight-route mismatch
BER,FRA,VL179,70,https://2lnr.com/routes/ber-fra,no independent flight-route evidence
BER,FRA,VL195,70,https://2lnr.com/routes/ber-fra,flight-route mismatch
BER,GVA,U21590,105,https://2lnr.com/routes/ber-gva,flight-route mismatch
BER,GVA,U25181,105,https://2lnr.com/routes/ber-gva,no independent flight-route evidence
BER,GVA,U25183,105,https://2lnr.com/routes/ber-gva,no independent flight-route evidence
BER,GVA,U25183,105,https://2lnr.com/routes/ber-gva,no independent flight-route evidence
BER,GVA,U25183,105,https://2lnr.com/routes/ber-gva,no independent flight-route evidence
BER,GYD,J264,270,https://2lnr.com/routes/ber-gyd,flight-route mismatch
BER,GYD,J264,270,https://2lnr.com/routes/ber-gyd,flight-route mismatch
BER,HEL,AY1432,115,https://2lnr.com/routes/ber-hel,no independent flight-route evidence
BER,HEL,AY1432,115,https://2lnr.com/routes/ber-hel,no independent flight-route evidence
BER,HEL,AY1434,115,https://2lnr.com/routes/ber-hel,flight-route mismatch
BER,HEL,AY1434,115,https://2lnr.com/routes/ber-hel,flight-route mismatch
BER,HEL,AY1434,115,https://2lnr.com/routes/ber-hel,flight-route mismatch
BER,HEL,AY1436,115,https://2lnr.com/routes/ber-hel,flight-route mismatch
BER,HEL,AY1436,115,https://2lnr.com/routes/ber-hel,flight-route mismatch
BER,HEL,AY1436,115,https://2lnr.com/routes/ber-hel,flight-route mismatch
BER,HEL,AY1438,115,https://2lnr.com/routes/ber-hel,flight-route mismatch
BER,HEL,AY1438,115,https://2lnr.com/routes/ber-hel,flight-route mismatch
BER,HEL,AY1438,115,https://2lnr.com/routes/ber-hel,flight-route mismatch
BER,HEL,EW8230,115,https://2lnr.com/routes/ber-hel,no independent flight-route evidence
BER,IST,TK1722,175,https://2lnr.com/routes/ber-ist,flight-route mismatch
BER,IST,TK1722,180,https://2lnr.com/routes/ber-ist,flight-route mismatch
BER,IST,TK1722,180,https://2lnr.com/routes/ber-ist,flight-route mismatch
BER,IST,TK1724,170,https://2lnr.com/routes/ber-ist,flight-route mismatch
BER,IST,TK1724,170,https://2lnr.com/routes/ber-ist,flight-route mismatch
BER,IST,TK1724,170,https://2lnr.com/routes/ber-ist,flight-route mismatch
BER,IST,TK1726,180,https://2lnr.com/routes/ber-ist,flight-route mismatch
BER,IST,TK1726,180,https://2lnr.com/routes/ber-ist,flight-route mismatch
BER,IST,TK1728,180,https://2lnr.com/routes/ber-ist,flight-route mismatch
BER,IST,TK1730,175,https://2lnr.com/routes/ber-ist,flight-route mismatch
BER,IST,TK1730,180,https://2lnr.com/routes/ber-ist,flight-route mismatch
BER,IST,TK1730,180,https://2lnr.com/routes/ber-ist,flight-route mismatch
BER,IST,TK1730,175,https://2lnr.com/routes/ber-ist,flight-route mismatch
BER,IST,TK1730,175,https://2lnr.com/routes/ber-ist,flight-route mismatch
BER,JED,XY644,370,https://2lnr.com/routes/ber-jed,flight-route mismatch
BER,JFK,DL93,539,https://2lnr.com/routes/ber-jfk,flight-route mismatch
BER,JFK,DL93,535,https://2lnr.com/routes/ber-jfk,flight-route mismatch
BER,KEF,FI529,225,https://2lnr.com/routes/ber-kef,flight-route mismatch
BER,KEF,FI529,225,https://2lnr.com/routes/ber-kef,flight-route mismatch
BER,LGW,U28622,120,https://2lnr.com/routes/ber-lgw,flight-route mismatch
BER,LGW,U28622,120,https://2lnr.com/routes/ber-lgw,flight-route mismatch
BER,LGW,U28624,120,https://2lnr.com/routes/ber-lgw,flight-route mismatch
BER,LGW,U28624,125,https://2lnr.com/routes/ber-lgw,flight-route mismatch
BER,LGW,U28624,120,https://2lnr.com/routes/ber-lgw,flight-route mismatch
BER,LGW,U28626,120,https://2lnr.com/routes/ber-lgw,flight-route mismatch
BER,LGW,U28626,120,https://2lnr.com/routes/ber-lgw,flight-route mismatch
BER,LGW,U28626,125,https://2lnr.com/routes/ber-lgw,flight-route mismatch
BER,LGW,U28626,115,https://2lnr.com/routes/ber-lgw,flight-route mismatch
BER,LGW,U28630,120,https://2lnr.com/routes/ber-lgw,flight-route mismatch
BER,LGW,U28630,120,https://2lnr.com/routes/ber-lgw,flight-route mismatch
BER,LGW,U28630,115,https://2lnr.com/routes/ber-lgw,flight-route mismatch
BER,LHR,BA987,125,https://2lnr.com/routes/ber-lhr,flight-route mismatch
BER,LHR,BA987,125,https://2lnr.com/routes/ber-lhr,flight-route mismatch
BER,LHR,BA987,115,https://2lnr.com/routes/ber-lhr,flight-route mismatch
BER,LHR,BA989,115,https://2lnr.com/routes/ber-lhr,flight-route mismatch
BER,LHR,BA989,125,https://2lnr.com/routes/ber-lhr,flight-route mismatch
BER,LHR,BA989,125,https://2lnr.com/routes/ber-lhr,flight-route mismatch
BER,LHR,BA991,125,https://2lnr.com/routes/ber-lhr,flight-route mismatch
BER,LHR,BA991,120,https://2lnr.com/routes/ber-lhr,flight-route mismatch
BER,LHR,BA991,125,https://2lnr.com/routes/ber-lhr,flight-route mismatch
BER,LHR,BA991,125,https://2lnr.com/routes/ber-lhr,flight-route mismatch
BER,LHR,BA993,125,https://2lnr.com/routes/ber-lhr,flight-route mismatch
BER,LHR,BA993,110,https://2lnr.com/routes/ber-lhr,flight-route mismatch
BER,LHR,BA993,115,https://2lnr.com/routes/ber-lhr,flight-route mismatch
BER,LHR,BA995,115,https://2lnr.com/routes/ber-lhr,flight-route mismatch
BER,LHR,BA995,115,https://2lnr.com/routes/ber-lhr,flight-route mismatch
BER,LHR,BA995,115,https://2lnr.com/routes/ber-lhr,flight-route mismatch
BER,LHR,BA997,115,https://2lnr.com/routes/ber-lhr,flight-route mismatch
BER,LHR,BA999,125,https://2lnr.com/routes/ber-lhr,flight-route mismatch
BER,LHR,BA999,125,https://2lnr.com/routes/ber-lhr,flight-route mismatch
BER,LHR,BA999,125,https://2lnr.com/routes/ber-lhr,flight-route mismatch
BER,LHR,EW8460,130,https://2lnr.com/routes/ber-lhr,no independent flight-route evidence
BER,LHR,EW8464,125,https://2lnr.com/routes/ber-lhr,no independent flight-route evidence
BER,LIS,EW8602,225,https://2lnr.com/routes/ber-lis,flight-route mismatch
BER,LIS,FR1142,225,https://2lnr.com/routes/ber-lis,flight-route mismatch
BER,LIS,TP3333,225,https://2lnr.com/routes/ber-lis,no independent flight-route evidence
BER,LIS,TP3333,225,https://2lnr.com/routes/ber-lis,no independent flight-route evidence
BER,LIS,TP3333,230,https://2lnr.com/routes/ber-lis,no independent flight-route evidence
BER,LIS,TP3335,230,https://2lnr.com/routes/ber-lis,no independent flight-route evidence
BER,LIS,TP3335,230,https://2lnr.com/routes/ber-lis,no independent flight-route evidence
BER,LIS,TP3335,230,https://2lnr.com/routes/ber-lis,no independent flight-route evidence
BER,LIS,TP3335,225,https://2lnr.com/routes/ber-lis,no independent flight-route evidence
BER,LIS,TP531,225,https://2lnr.com/routes/ber-lis,flight-route mismatch
BER,LIS,TP531,225,https://2lnr.com/routes/ber-lis,flight-route mismatch
BER,LIS,TP533,225,https://2lnr.com/routes/ber-lis,flight-route mismatch
BER,LIS,TP533,235,https://2lnr.com/routes/ber-lis,flight-route mismatch
BER,LIS,TP533,230,https://2lnr.com/routes/ber-lis,flight-route mismatch
BER,LIS,TP535,225,https://2lnr.com/routes/ber-lis,flight-route mismatch
BER,LIS,TP535,225,https://2lnr.com/routes/ber-lis,flight-route mismatch
BER,LIS,TP535,225,https://2lnr.com/routes/ber-lis,flight-route mismatch
BER,MAD,FR2527,195,https://2lnr.com/routes/ber-mad,flight-route mismatch
BER,MAD,FR2527,195,https://2lnr.com/routes/ber-mad,flight-route mismatch
BER,MAD,IB782,195,https://2lnr.com/routes/ber-mad,no independent flight-route evidence
BER,MAD,IB782,195,https://2lnr.com/routes/ber-mad,no independent flight-route evidence
BER,MAD,IB786,190,https://2lnr.com/routes/ber-mad,no independent flight-route evidence
BER,MAD,IB786,190,https://2lnr.com/routes/ber-mad,no independent flight-route evidence
BER,MAD,IB788,190,https://2lnr.com/routes/ber-mad,no independent flight-route evidence
BER,MAN,FR1144,120,https://2lnr.com/routes/ber-man,flight-route mismatch
BER,MAN,FR1144,120,https://2lnr.com/routes/ber-man,flight-route mismatch
BER,MAN,FR1154,120,https://2lnr.com/routes/ber-man,flight-route mismatch
BER,MAN,FR1154,120,https://2lnr.com/routes/ber-man,flight-route mismatch
BER,MAN,RK1144,120,https://2lnr.com/routes/ber-man,flight-route mismatch
BER,MAN,U22202,120,https://2lnr.com/routes/ber-man,flight-route mismatch
BER,MAN,U22202,125,https://2lnr.com/routes/ber-man,flight-route mismatch
BER,MUC,LH1927,70,https://2lnr.com/routes/ber-muc,flight-route mismatch
BER,MUC,LH1929,70,https://2lnr.com/routes/ber-muc,flight-route mismatch
BER,MUC,LH1931,70,https://2lnr.com/routes/ber-muc,flight-route mismatch
BER,MUC,LH1935,70,https://2lnr.com/routes/ber-muc,flight-route mismatch
BER,MUC,LH1941,70,https://2lnr.com/routes/ber-muc,flight-route mismatch
BER,MUC,LH1943,70,https://2lnr.com/routes/ber-muc,flight-route mismatch
BER,MUC,LH1947,70,https://2lnr.com/routes/ber-muc,flight-route mismatch
BER,MUC,LH1947,70,https://2lnr.com/routes/ber-muc,flight-route mismatch
BER,MUC,LH1953,70,https://2lnr.com/routes/ber-muc,flight-route mismatch
BER,MUC,LH1953,70,https://2lnr.com/routes/ber-muc,flight-route mismatch
BER,MUC,LH1953,70,https://2lnr.com/routes/ber-muc,flight-route mismatch
BER,MUC,LH1961,70,https://2lnr.com/routes/ber-muc,flight-route mismatch
BER,MUC,LH1961,70,https://2lnr.com/routes/ber-muc,flight-route mismatch
BER,MUC,LH1963,70,https://2lnr.com/routes/ber-muc,flight-route mismatch
BER,MUC,LH1963,70,https://2lnr.com/routes/ber-muc,flight-route mismatch
BER,MUC,LH2607,70,https://2lnr.com/routes/ber-muc,flight-route mismatch
BER,MUC,VL1931,70,https://2lnr.com/routes/ber-muc,no independent flight-route evidence
BER,MUC,VL1939,70,https://2lnr.com/routes/ber-muc,no independent flight-route evidence
BER,MUC,VL1945,70,https://2lnr.com/routes/ber-muc,flight-route mismatch
BER,MXP,FR8,105,https://2lnr.com/routes/ber-mxp,no independent flight-route evidence
BER,MXP,U23948,105,https://2lnr.com/routes/ber-mxp,no independent flight-route evidence
BER,MXP,U25087,105,https://2lnr.com/routes/ber-mxp,flight-route mismatch
BER,NCE,EW8426,125,https://2lnr.com/routes/ber-nce,no independent flight-route evidence
BER,NCE,EW8426,125,https://2lnr.com/routes/ber-nce,no independent flight-route evidence
BER,NCE,U25143,125,https://2lnr.com/routes/ber-nce,no independent flight-route evidence
BER,NCE,U25143,125,https://2lnr.com/routes/ber-nce,no independent flight-route evidence
BER,NCE,U25143,125,https://2lnr.com/routes/ber-nce,no independent flight-route evidence
BER,NCE,U25145,125,https://2lnr.com/routes/ber-nce,flight-route mismatch
BER,NCE,U25145,125,https://2lnr.com/routes/ber-nce,flight-route mismatch
BER,OPO,EW8600,195,https://2lnr.com/routes/ber-opo,no independent flight-route evidence
BER,OPO,FR2946,200,https://2lnr.com/routes/ber-opo,no independent flight-route evidence
BER,OPO,FR2946,200,https://2lnr.com/routes/ber-opo,no independent flight-route evidence
BER,OPO,U25331,205,https://2lnr.com/routes/ber-opo,flight-route mismatch
BER,OPO,U25331,200,https://2lnr.com/routes/ber-opo,flight-route mismatch
BER,OSL,DY1103,100,https://2lnr.com/routes/ber-osl,flight-route mismatch
BER,OSL,DY1103,100,https://2lnr.com/routes/ber-osl,flight-route mismatch
BER,OSL,DY1105,100,https://2lnr.com/routes/ber-osl,flight-route mismatch
BER,OSL,DY1105,100,https://2lnr.com/routes/ber-osl,flight-route mismatch
BER,OSL,DY1107,100,https://2lnr.com/routes/ber-osl,flight-route mismatch
BER,OSL,DY1109,100,https://2lnr.com/routes/ber-osl,flight-route mismatch
BER,OSL,DY1109,100,https://2lnr.com/routes/ber-osl,flight-route mismatch
BER,OSL,SK4724,95,https://2lnr.com/routes/ber-osl,flight-route mismatch
BER,PEK,HU490,545,https://2lnr.com/routes/ber-pek,flight-route mismatch
BER,TLV,6H252,240,https://2lnr.com/routes/ber-tlv,flight-route mismatch
BER,TLV,6H252,240,https://2lnr.com/routes/ber-tlv,flight-route mismatch
BER,TLV,6H254,240,https://2lnr.com/routes/ber-tlv,flight-route mismatch
BER,TLV,BZ271,260,https://2lnr.com/routes/ber-tlv,flight-route mismatch
BER,TLV,BZ273,260,https://2lnr.com/routes/ber-tlv,flight-route mismatch
BER,TLV,LY2372,235,https://2lnr.com/routes/ber-tlv,flight-route mismatch
BER,TLV,LY2372,235,https://2lnr.com/routes/ber-tlv,flight-route mismatch
BER,TUN,BJ233,165,https://2lnr.com/routes/ber-tun,flight-route mismatch
BER,VIE,OS222,75,https://2lnr.com/routes/ber-vie,flight-route mismatch
BER,VIE,OS224,75,https://2lnr.com/routes/ber-vie,flight-route mismatch
BER,VIE,OS224,75,https://2lnr.com/routes/ber-vie,flight-route mismatch
BER,VIE,OS224,75,https://2lnr.com/routes/ber-vie,flight-route mismatch
BER,VIE,OS226,75,https://2lnr.com/routes/ber-vie,flight-route mismatch
BER,VIE,OS228,75,https://2lnr.com/routes/ber-vie,flight-route mismatch
BER,VIE,OS230,75,https://2lnr.com/routes/ber-vie,flight-route mismatch
BER,VIE,OS232,75,https://2lnr.com/routes/ber-vie,flight-route mismatch
BER,VIE,OS234,75,https://2lnr.com/routes/ber-vie,flight-route mismatch
BER,VIE,OS234,75,https://2lnr.com/routes/ber-vie,flight-route mismatch
BER,VIE,OS236,75,https://2lnr.com/routes/ber-vie,flight-route mismatch
BER,VIE,OS236,75,https://2lnr.com/routes/ber-vie,flight-route mismatch
BER,VIE,OS236,75,https://2lnr.com/routes/ber-vie,flight-route mismatch
BER,VIE,OS238,75,https://2lnr.com/routes/ber-vie,flight-route mismatch
BER,VIE,OS238,75,https://2lnr.com/routes/ber-vie,flight-route mismatch
BER,VIE,OS240,75,https://2lnr.com/routes/ber-vie,flight-route mismatch
BER,WAW,LO388,75,https://2lnr.com/routes/ber-waw,flight-route mismatch
BER,WAW,LO388,75,https://2lnr.com/routes/ber-waw,flight-route mismatch
BER,WAW,LO388,75,https://2lnr.com/routes/ber-waw,flight-route mismatch
BER,WAW,LO390,70,https://2lnr.com/routes/ber-waw,flight-route mismatch
BER,WAW,LO390,70,https://2lnr.com/routes/ber-waw,flight-route mismatch
BER,WAW,LO390,70,https://2lnr.com/routes/ber-waw,flight-route mismatch
BER,WAW,LO390,70,https://2lnr.com/routes/ber-waw,flight-route mismatch
BER,WAW,LO392,70,https://2lnr.com/routes/ber-waw,flight-route mismatch
BER,YYZ,TS419,530,https://2lnr.com/routes/ber-yyz,flight-route mismatch
BER,ZRH,EW8760,85,https://2lnr.com/routes/ber-zrh,no independent flight-route evidence
BER,ZRH,EW8762,85,https://2lnr.com/routes/ber-zrh,flight-route mismatch
BER,ZRH,EW8764,85,https://2lnr.com/routes/ber-zrh,no independent flight-route evidence
BER,ZRH,LX963,85,https://2lnr.com/routes/ber-zrh,flight-route mismatch
BER,ZRH,LX963,85,https://2lnr.com/routes/ber-zrh,flight-route mismatch
BER,ZRH,LX967,85,https://2lnr.com/routes/ber-zrh,flight-route mismatch
BER,ZRH,LX969,85,https://2lnr.com/routes/ber-zrh,flight-route mismatch
BER,ZRH,LX969,85,https://2lnr.com/routes/ber-zrh,flight-route mismatch
BER,ZRH,LX971,85,https://2lnr.com/routes/ber-zrh,flight-route mismatch
BER,ZRH,LX975,90,https://2lnr.com/routes/ber-zrh,flight-route mismatch
BER,ZRH,LX975,90,https://2lnr.com/routes/ber-zrh,flight-route mismatch
BER,ZRH,LX977,90,https://2lnr.com/routes/ber-zrh,flight-route mismatch
BER,ZRH,LX979,90,https://2lnr.com/routes/ber-zrh,flight-route mismatch
BER,ZRH,LX983,90,https://2lnr.com/routes/ber-zrh,flight-route mismatch
BER,ZRH,U25187,85,https://2lnr.com/routes/ber-zrh,no independent flight-route evidence
BER,ZRH,U25189,90,https://2lnr.com/routes/ber-zrh,no independent flight-route evidence
BEY,AUH,EY582,205,https://2lnr.com/routes/bey-auh,no independent flight-route evidence
BEY,BER,EW8981,240,https://2lnr.com/routes/bey-ber,flight-route mismatch
BEY,BER,ME245,240,https://2lnr.com/routes/bey-ber,flight-route mismatch
BEY,IST,TK827,120,https://2lnr.com/routes/bey-ist,flight-route mismatch
BEY,IST,TK829,120,https://2lnr.com/routes/bey-ist,flight-route mismatch
BEY,IST,TK831,120,https://2lnr.com/routes/bey-ist,no independent flight-route evidence
BEY,IST,TK831,120,https://2lnr.com/routes/bey-ist,no independent flight-route evidence
BEY,IST,TK831,120,https://2lnr.com/routes/bey-ist,no independent flight-route evidence
BEY,KWI,KU502,140,https://2lnr.com/routes/bey-kwi,flight-route mismatch
BEY,KWI,KU502,140,https://2lnr.com/routes/bey-kwi,flight-route mismatch
BEY,KWI,KU504,140,https://2lnr.com/routes/bey-kwi,flight-route mismatch
BEY,KWI,ME402,135,https://2lnr.com/routes/bey-kwi,flight-route mismatch
BEY,KWI,ME404,195,https://2lnr.com/routes/bey-kwi,flight-route mismatch
BEY,KWI,ME404,145,https://2lnr.com/routes/bey-kwi,flight-route mismatch
BKI,DAD,MH8780,160,https://2lnr.com/routes/bki-dad,no independent flight-route evidence
BKI,KUL,MH2643,160,https://2lnr.com/routes/bki-kul,no independent flight-route evidence
BKK,CKG,OQ2382,185,https://2lnr.com/routes/bkk-ckg,flight-route mismatch
BKK,CKG,VZ3606,200,https://2lnr.com/routes/bkk-ckg,no independent flight-route evidence
BKK,CSX,TG694,210,https://2lnr.com/routes/bkk-csx,no independent flight-route evidence
BKK,DAC,BG389,165,https://2lnr.com/routes/bkk-dac,flight-route mismatch
BKK,DAC,BG389,165,https://2lnr.com/routes/bkk-dac,flight-route mismatch
BKK,DAC,BS218,160,https://2lnr.com/routes/bkk-dac,flight-route mismatch
BKK,DAC,TG321,155,https://2lnr.com/routes/bkk-dac,flight-route mismatch
BKK,DAC,TG339,155,https://2lnr.com/routes/bkk-dac,flight-route mismatch
BKK,DAC,TG339,155,https://2lnr.com/routes/bkk-dac,flight-route mismatch
BKK,HKG,UO735,180,https://2lnr.com/routes/bkk-hkg,no independent flight-route evidence
BKK,HKT,FD4122,90,https://2lnr.com/routes/bkk-hkt,flight-route mismatch
BKK,KWI,KU412,445,https://2lnr.com/routes/bkk-kwi,flight-route mismatch
BKK,KWI,KU412,450,https://2lnr.com/routes/bkk-kwi,flight-route mismatch
BKK,KWI,KU414,450,https://2lnr.com/routes/bkk-kwi,flight-route mismatch
BKK,MAD,E9846,790,https://2lnr.com/routes/bkk-mad,no independent flight-route evidence
BKK,TFU,3U3936,185,https://2lnr.com/routes/bkk-tfu,flight-route mismatch
BKK,TFU,3U3936,185,https://2lnr.com/routes/bkk-tfu,flight-route mismatch
BKK,TFU,3U3938,185,https://2lnr.com/routes/bkk-tfu,flight-route mismatch
BKK,TFU,3U3938,185,https://2lnr.com/routes/bkk-tfu,flight-route mismatch
BKK,TFU,CA472,195,https://2lnr.com/routes/bkk-tfu,flight-route mismatch
BKK,TFU,MU5036,160,https://2lnr.com/routes/bkk-tfu,flight-route mismatch
BKK,TFU,MU5036,190,https://2lnr.com/routes/bkk-tfu,flight-route mismatch
BKK,TFU,TG618,190,https://2lnr.com/routes/bkk-tfu,flight-route mismatch
BKK,TLV,LY80,650,https://2lnr.com/routes/bkk-tlv,no independent flight-route evidence
BKK,WAW,LO66,675,https://2lnr.com/routes/bkk-waw,no independent flight-route evidence
BLR,BOM,6E5237,110,https://2lnr.com/routes/blr-bom,flight-route mismatch
BLR,BOM,6E6189,105,https://2lnr.com/routes/blr-bom,flight-route mismatch
BLR,COK,6E6104,65,https://2lnr.com/routes/blr-cok,flight-route mismatch
BLR,COK,6E7005,80,https://2lnr.com/routes/blr-cok,nonadjacent airports in flight sequence
BLR,DEL,6E2313,170,https://2lnr.com/routes/blr-del,flight-route mismatch
BLR,DEL,6E6406,170,https://2lnr.com/routes/blr-del,flight-route mismatch
BLR,DEL,6E804,170,https://2lnr.com/routes/blr-del,flight-route mismatch
BLR,DEL,6E809,170,https://2lnr.com/routes/blr-del,flight-route mismatch
BLR,DEL,6E817,170,https://2lnr.com/routes/blr-del,flight-route mismatch
BLR,DEL,6E830,180,https://2lnr.com/routes/blr-del,flight-route mismatch
BLR,DEL,6E836,170,https://2lnr.com/routes/blr-del,flight-route mismatch
BLR,DEL,6E839,170,https://2lnr.com/routes/blr-del,flight-route mismatch
BLR,DEL,6E840,170,https://2lnr.com/routes/blr-del,no independent flight-route evidence
BLR,DEL,6E844,170,https://2lnr.com/routes/blr-del,flight-route mismatch
BLR,DEL,6E849,170,https://2lnr.com/routes/blr-del,flight-route mismatch
BLR,DEL,6E860,170,https://2lnr.com/routes/blr-del,flight-route mismatch
BLR,DEL,6E870,165,https://2lnr.com/routes/blr-del,no independent flight-route evidence
BLR,HYD,6E407,75,https://2lnr.com/routes/blr-hyd,flight-route mismatch
BLR,HYD,6E6404,75,https://2lnr.com/routes/blr-hyd,flight-route mismatch
BLR,JED,SV815,340,https://2lnr.com/routes/blr-jed,flight-route mismatch
BLR,KWI,IX927,295,https://2lnr.com/routes/blr-kwi,flight-route mismatch
BLR,KWI,KU354,310,https://2lnr.com/routes/blr-kwi,flight-route mismatch
BLR,MAA,6E6562,65,https://2lnr.com/routes/blr-maa,flight-route mismatch
BNE,ADL,QF1279,175,https://2lnr.com/routes/bne-adl,flight-route mismatch
BNE,ADL,QF1285,175,https://2lnr.com/routes/bne-adl,flight-route mismatch
BNE,KUL,OD158,640,https://2lnr.com/routes/bne-kul,nonadjacent airports in flight sequence
BNE,SYD,VA922,95,https://2lnr.com/routes/bne-syd,no independent flight-route evidence
BOG,CCS,LA4404,115,https://2lnr.com/routes/bog-ccs,no independent flight-route evidence
BOG,EZE,AV8395,385,https://2lnr.com/routes/bog-eze,no independent flight-route evidence
BOG,GRU,LA4903,360,https://2lnr.com/routes/bog-gru,no independent flight-route evidence
BOG,GRU,LA4903,365,https://2lnr.com/routes/bog-gru,no independent flight-route evidence
BOG,GRU,LA4907,370,https://2lnr.com/routes/bog-gru,no independent flight-route evidence
BOG,GUA,AV742,195,https://2lnr.com/routes/bog-gua,no independent flight-route evidence
BOG,GYE,AV8383,120,https://2lnr.com/routes/bog-gye,no independent flight-route evidence
BOG,GYE,AV8385,120,https://2lnr.com/routes/bog-gye,no independent flight-route evidence
BOG,GYE,AV8389,115,https://2lnr.com/routes/bog-gye,no independent flight-route evidence
BOG,GYE,AV8391,110,https://2lnr.com/routes/bog-gye,no independent flight-route evidence
BOG,IST,TK801,990,https://2lnr.com/routes/bog-ist,independently confirmed stopover
BOG,LIM,AV103,190,https://2lnr.com/routes/bog-lim,flight-route mismatch
BOG,LIM,AV103,190,https://2lnr.com/routes/bog-lim,flight-route mismatch
BOG,LIM,AV49,190,https://2lnr.com/routes/bog-lim,flight-route mismatch
BOG,LIM,AV51,185,https://2lnr.com/routes/bog-lim,flight-route mismatch
BOG,LIM,AV53,180,https://2lnr.com/routes/bog-lim,flight-route mismatch
BOG,LIM,AV53,180,https://2lnr.com/routes/bog-lim,flight-route mismatch
BOG,LIM,AV75,180,https://2lnr.com/routes/bog-lim,flight-route mismatch
BOG,LIM,LA2387,185,https://2lnr.com/routes/bog-lim,no independent flight-route evidence
BOG,LIM,LA4902,185,https://2lnr.com/routes/bog-lim,no independent flight-route evidence
BOG,LIM,LA4906,185,https://2lnr.com/routes/bog-lim,no independent flight-route evidence
BOG,LIM,LA4910,185,https://2lnr.com/routes/bog-lim,no independent flight-route evidence
BOG,MCO,LA4406,255,https://2lnr.com/routes/bog-mco,no independent flight-route evidence
BOG,MCO,LA4408,255,https://2lnr.com/routes/bog-mco,no independent flight-route evidence
BOG,MIA,LA4400,235,https://2lnr.com/routes/bog-mia,no independent flight-route evidence
BOG,MIA,LA4402,235,https://2lnr.com/routes/bog-mia,no independent flight-route evidence
BOG,PTY,CM4275,110,https://2lnr.com/routes/bog-pty,no independent flight-route evidence
BOG,PTY,CM854,104,https://2lnr.com/routes/bog-pty,flight-route mismatch
BOG,PUJ,DM1503,172,https://2lnr.com/routes/bog-puj,flight-route mismatch
BOG,SAL,AV366,185,https://2lnr.com/routes/bog-sal,no independent flight-route evidence
BOG,SAL,AV382,180,https://2lnr.com/routes/bog-sal,no independent flight-route evidence
BOG,SAL,AV384,180,https://2lnr.com/routes/bog-sal,no independent flight-route evidence
BOG,SJO,AV692,135,https://2lnr.com/routes/bog-sjo,no independent flight-route evidence
BOG,SJO,AV696,140,https://2lnr.com/routes/bog-sjo,no independent flight-route evidence
BOG,SJO,AV698,140,https://2lnr.com/routes/bog-sjo,no independent flight-route evidence
BOG,UIO,AV8373,100,https://2lnr.com/routes/bog-uio,no independent flight-route evidence
BOG,UIO,AV8377,105,https://2lnr.com/routes/bog-uio,no independent flight-route evidence
BOG,UIO,AV8396,90,https://2lnr.com/routes/bog-uio,no independent flight-route evidence
BOG,UIO,AV8396,95,https://2lnr.com/routes/bog-uio,no independent flight-route evidence
BOG,UIO,LA1441,100,https://2lnr.com/routes/bog-uio,flight-route mismatch
BOG,UIO,LA1443,105,https://2lnr.com/routes/bog-uio,no independent flight-route evidence
BOM,AMD,6E5107,80,https://2lnr.com/routes/bom-amd,flight-route mismatch
BOM,BLR,6E5071,110,https://2lnr.com/routes/bom-blr,flight-route mismatch
BOM,BLR,6E5184,115,https://2lnr.com/routes/bom-blr,flight-route mismatch
BOM,BLR,6E6188,115,https://2lnr.com/routes/bom-blr,flight-route mismatch
BOM,BLR,IX5986,110,https://2lnr.com/routes/bom-blr,flight-route mismatch
BOM,CCU,6E5165,170,https://2lnr.com/routes/bom-ccu,flight-route mismatch
BOM,CCU,6E6367,165,https://2lnr.com/routes/bom-ccu,flight-route mismatch
BOM,CPH,SK970,555,https://2lnr.com/routes/bom-cph,no independent flight-route evidence
BOM,DAC,6E1115,185,https://2lnr.com/routes/bom-dac,flight-route mismatch
BOM,DAC,AI2183,170,https://2lnr.com/routes/bom-dac,flight-route mismatch
BOM,DEL,6E310,145,https://2lnr.com/routes/bom-del,flight-route mismatch
BOM,DEL,6E313,135,https://2lnr.com/routes/bom-del,flight-route mismatch
BOM,DEL,6E317,135,https://2lnr.com/routes/bom-del,flight-route mismatch
BOM,DEL,6E762,125,https://2lnr.com/routes/bom-del,flight-route mismatch
BOM,DPS,6E1607,535,https://2lnr.com/routes/bom-dps,nonadjacent airports in flight sequence
BOM,EWR,AI191,970,https://2lnr.com/routes/bom-ewr,nonadjacent airports in flight sequence
BOM,HYD,6E6195,95,https://2lnr.com/routes/bom-hyd,flight-route mismatch
BOM,HYD,6E6362,95,https://2lnr.com/routes/bom-hyd,flight-route mismatch
BOM,JFK,AI119,975,https://2lnr.com/routes/bom-jfk,nonadjacent airports in flight sequence
BOM,KWI,KU302,250,https://2lnr.com/routes/bom-kwi,flight-route mismatch
BOM,KWI,KU302,250,https://2lnr.com/routes/bom-kwi,flight-route mismatch
BOM,KWI,KU302,250,https://2lnr.com/routes/bom-kwi,flight-route mismatch
BOM,KWI,KU304,250,https://2lnr.com/routes/bom-kwi,flight-route mismatch
BOM,MAA,6E5105,125,https://2lnr.com/routes/bom-maa,flight-route mismatch
BOM,MAA,6E5188,125,https://2lnr.com/routes/bom-maa,flight-route mismatch
BOM,MAA,6E5204,125,https://2lnr.com/routes/bom-maa,flight-route mismatch
BOS,AUH,EY8,745,https://2lnr.com/routes/bos-auh,flight-route mismatch
BOS,CDG,AF331,410,https://2lnr.com/routes/bos-cdg,flight-route mismatch
BOS,CLT,AA1348,148,https://2lnr.com/routes/bos-clt,flight-route mismatch
BOS,CLT,AA2358,149,https://2lnr.com/routes/bos-clt,flight-route mismatch
BOS,CLT,AA698,148,https://2lnr.com/routes/bos-clt,flight-route mismatch
BOS,CLT,AA698,153,https://2lnr.com/routes/bos-clt,flight-route mismatch
BOS,CLT,DL5626,150,https://2lnr.com/routes/bos-clt,no independent flight-route evidence
BOS,CLT,DL5626,153,https://2lnr.com/routes/bos-clt,no independent flight-route evidence
BOS,CLT,DL5630,150,https://2lnr.com/routes/bos-clt,no independent flight-route evidence
BOS,CLT,DL5630,149,https://2lnr.com/routes/bos-clt,no independent flight-route evidence
BOS,CLT,DL5807,153,https://2lnr.com/routes/bos-clt,no independent flight-route evidence
BOS,CLT,DL5837,155,https://2lnr.com/routes/bos-clt,no independent flight-route evidence
BOS,CLT,DL5837,154,https://2lnr.com/routes/bos-clt,no independent flight-route evidence
BOS,CUN,DL627,270,https://2lnr.com/routes/bos-cun,flight-route mismatch
BOS,DEN,UA2348,274,https://2lnr.com/routes/bos-den,flight-route mismatch
BOS,DEN,UA800,277,https://2lnr.com/routes/bos-den,flight-route mismatch
BOS,DFW,AA1401,252,https://2lnr.com/routes/bos-dfw,flight-route mismatch
BOS,DFW,AA2138,261,https://2lnr.com/routes/bos-dfw,flight-route mismatch
BOS,DUB,EI132,370,https://2lnr.com/routes/bos-dub,nonadjacent airports in flight sequence
BOS,EWR,DL5718,100,https://2lnr.com/routes/bos-ewr,no independent flight-route evidence
BOS,EWR,DL5764,96,https://2lnr.com/routes/bos-ewr,no independent flight-route evidence
BOS,EWR,DL5764,95,https://2lnr.com/routes/bos-ewr,no independent flight-route evidence
BOS,EWR,DL5829,95,https://2lnr.com/routes/bos-ewr,no independent flight-route evidence
BOS,EWR,UA555,89,https://2lnr.com/routes/bos-ewr,flight-route mismatch
BOS,FLL,B62969,211,https://2lnr.com/routes/bos-fll,flight-route mismatch
BOS,FLL,DL1982,209,https://2lnr.com/routes/bos-fll,flight-route mismatch
BOS,FLL,G43473,215,https://2lnr.com/routes/bos-fll,flight-route mismatch
BOS,GRU,LA8165,580,https://2lnr.com/routes/bos-gru,no independent flight-route evidence
BOS,IAD,UA3409,124,https://2lnr.com/routes/bos-iad,flight-route mismatch
BOS,IAH,B6833,261,https://2lnr.com/routes/bos-iah,flight-route mismatch
BOS,IAH,UA396,255,https://2lnr.com/routes/bos-iah,flight-route mismatch
BOS,IST,TK82,560,https://2lnr.com/routes/bos-ist,flight-route mismatch
BOS,JFK,AA4357,84,https://2lnr.com/routes/bos-jfk,flight-route mismatch
BOS,JFK,AA4687,84,https://2lnr.com/routes/bos-jfk,no independent flight-route evidence
BOS,JFK,AA4745,92,https://2lnr.com/routes/bos-jfk,no independent flight-route evidence
BOS,JFK,DL5702,99,https://2lnr.com/routes/bos-jfk,no independent flight-route evidence
BOS,JFK,DL5720,80,https://2lnr.com/routes/bos-jfk,no independent flight-route evidence
BOS,JFK,DL5808,88,https://2lnr.com/routes/bos-jfk,no independent flight-route evidence
BOS,JFK,DL5814,100,https://2lnr.com/routes/bos-jfk,no independent flight-route evidence
BOS,LAS,DL408,370,https://2lnr.com/routes/bos-las,flight-route mismatch
BOS,LAS,DL408,359,https://2lnr.com/routes/bos-las,flight-route mismatch
BOS,LAX,AA2407,388,https://2lnr.com/routes/bos-lax,flight-route mismatch
BOS,LAX,UA233,375,https://2lnr.com/routes/bos-lax,flight-route mismatch
BOS,LAX,UA639,375,https://2lnr.com/routes/bos-lax,flight-route mismatch
BOS,LAX,UA659,375,https://2lnr.com/routes/bos-lax,flight-route mismatch
BOS,LIS,TP216,395,https://2lnr.com/routes/bos-lis,flight-route mismatch
BOS,LIS,TP216,395,https://2lnr.com/routes/bos-lis,flight-route mismatch
BOS,MCO,AA442,204,https://2lnr.com/routes/bos-mco,flight-route mismatch
BOS,MCO,DL1608,190,https://2lnr.com/routes/bos-mco,flight-route mismatch
BOS,MIA,AA2064,211,https://2lnr.com/routes/bos-mia,flight-route mismatch
BOS,MIA,AA2143,218,https://2lnr.com/routes/bos-mia,flight-route mismatch
BOS,MIA,AA2446,211,https://2lnr.com/routes/bos-mia,flight-route mismatch
BOS,MIA,AA3241,219,https://2lnr.com/routes/bos-mia,flight-route mismatch
BOS,MIA,AA3241,219,https://2lnr.com/routes/bos-mia,flight-route mismatch
BOS,MIA,AA4665,212,https://2lnr.com/routes/bos-mia,no independent flight-route evidence
BOS,MXP,DL276,450,https://2lnr.com/routes/bos-mxp,flight-route mismatch
BOS,NCE,DL276,450,https://2lnr.com/routes/bos-nce,flight-route mismatch
BOS,ORD,UA1097,176,https://2lnr.com/routes/bos-ord,flight-route mismatch
BOS,PHL,AA2532,98,https://2lnr.com/routes/bos-phl,flight-route mismatch
BOS,PHL,AA2685,94,https://2lnr.com/routes/bos-phl,flight-route mismatch
BOS,PHL,AA2743,100,https://2lnr.com/routes/bos-phl,flight-route mismatch
BOS,PHL,AA4416,101,https://2lnr.com/routes/bos-phl,flight-route mismatch
BOS,PHL,AA4643,102,https://2lnr.com/routes/bos-phl,no independent flight-route evidence
BOS,PHL,DL5610,101,https://2lnr.com/routes/bos-phl,no independent flight-route evidence
BOS,PHL,DL5706,101,https://2lnr.com/routes/bos-phl,no independent flight-route evidence
BOS,PHL,DL5714,109,https://2lnr.com/routes/bos-phl,no independent flight-route evidence
BOS,PHL,DL5805,99,https://2lnr.com/routes/bos-phl,no independent flight-route evidence
BOS,PHL,DL5845,100,https://2lnr.com/routes/bos-phl,no independent flight-route evidence
BOS,PHL,DL5845,99,https://2lnr.com/routes/bos-phl,no independent flight-route evidence
BOS,PHX,AA1245,343,https://2lnr.com/routes/bos-phx,flight-route mismatch
BOS,PHX,AA1999,352,https://2lnr.com/routes/bos-phx,flight-route mismatch
BOS,PHX,AA2802,351,https://2lnr.com/routes/bos-phx,flight-route mismatch
BOS,SAL,AV445,325,https://2lnr.com/routes/bos-sal,no independent flight-route evidence
BOS,SAL,AV445,325,https://2lnr.com/routes/bos-sal,no independent flight-route evidence
BOS,SEA,AS288,379,https://2lnr.com/routes/bos-sea,flight-route mismatch
BOS,SEA,AS288,379,https://2lnr.com/routes/bos-sea,flight-route mismatch
BOS,SEA,AS288,379,https://2lnr.com/routes/bos-sea,flight-route mismatch
BOS,SEA,DL797,384,https://2lnr.com/routes/bos-sea,flight-route mismatch
BOS,SFO,UA2317,390,https://2lnr.com/routes/bos-sfo,flight-route mismatch
BOS,YHZ,AA4495,103,https://2lnr.com/routes/bos-yhz,no independent flight-route evidence
BOS,YHZ,AC7668,107,https://2lnr.com/routes/bos-yhz,flight-route mismatch
BOS,YHZ,DL5756,100,https://2lnr.com/routes/bos-yhz,no independent flight-route evidence
BOS,YUL,AC8611,89,https://2lnr.com/routes/bos-yul,flight-route mismatch
BOS,YYZ,AC8693,110,https://2lnr.com/routes/bos-yyz,no independent flight-route evidence
BRU,ACC,SN295,400,https://2lnr.com/routes/bru-acc,no independent flight-route evidence
BRU,ARN,SN2291,135,https://2lnr.com/routes/bru-arn,no independent flight-route evidence
BRU,ARN,SN2293,135,https://2lnr.com/routes/bru-arn,no independent flight-route evidence
BRU,ATH,GQ801,180,https://2lnr.com/routes/bru-ath,no independent flight-route evidence
BRU,BCN,VY8987,130,https://2lnr.com/routes/bru-bcn,no independent flight-route evidence
BRU,BER,SN2579,85,https://2lnr.com/routes/bru-ber,flight-route mismatch
BRU,BER,SN2579,85,https://2lnr.com/routes/bru-ber,flight-route mismatch
BRU,BER,SN2581,85,https://2lnr.com/routes/bru-ber,flight-route mismatch
BRU,BER,SN2581,85,https://2lnr.com/routes/bru-ber,flight-route mismatch
BRU,BER,SN2581,85,https://2lnr.com/routes/bru-ber,flight-route mismatch
BRU,BER,SN2587,85,https://2lnr.com/routes/bru-ber,flight-route mismatch
BRU,BER,SN2587,85,https://2lnr.com/routes/bru-ber,flight-route mismatch
BRU,BER,SN2587,85,https://2lnr.com/routes/bru-ber,flight-route mismatch
BRU,BER,SN2589,80,https://2lnr.com/routes/bru-ber,flight-route mismatch
BRU,BER,SN2591,85,https://2lnr.com/routes/bru-ber,flight-route mismatch
BRU,BER,SN2591,85,https://2lnr.com/routes/bru-ber,flight-route mismatch
BRU,CMN,TB2533,235,https://2lnr.com/routes/bru-cmn,no independent flight-route evidence
BRU,CMN,TB2533,230,https://2lnr.com/routes/bru-cmn,no independent flight-route evidence
BRU,CMN,TB2533,230,https://2lnr.com/routes/bru-cmn,no independent flight-route evidence
BRU,CMN,TB2533,230,https://2lnr.com/routes/bru-cmn,no independent flight-route evidence
BRU,CMN,TB2535,230,https://2lnr.com/routes/bru-cmn,no independent flight-route evidence
BRU,DUB,FR1453,105,https://2lnr.com/routes/bru-dub,flight-route mismatch
BRU,DUB,FR1453,105,https://2lnr.com/routes/bru-dub,flight-route mismatch
BRU,DUB,FR658,105,https://2lnr.com/routes/bru-dub,flight-route mismatch
BRU,EBB,SN455,660,https://2lnr.com/routes/bru-ebb,nonadjacent airports in flight sequence
BRU,FCO,U22981,135,https://2lnr.com/routes/bru-fco,no independent flight-route evidence
BRU,FCO,U22983,135,https://2lnr.com/routes/bru-fco,flight-route mismatch
BRU,FRA,SN2609,60,https://2lnr.com/routes/bru-fra,no independent flight-route evidence
BRU,FRA,SN2609,65,https://2lnr.com/routes/bru-fra,no independent flight-route evidence
BRU,FRA,SN2609,70,https://2lnr.com/routes/bru-fra,no independent flight-route evidence
BRU,FRA,SN2609,70,https://2lnr.com/routes/bru-fra,no independent flight-route evidence
BRU,FRA,SN2611,70,https://2lnr.com/routes/bru-fra,no independent flight-route evidence
BRU,FRA,SN2611,70,https://2lnr.com/routes/bru-fra,no independent flight-route evidence
BRU,FRA,SN2613,70,https://2lnr.com/routes/bru-fra,no independent flight-route evidence
BRU,FRA,SN2613,70,https://2lnr.com/routes/bru-fra,no independent flight-route evidence
BRU,FRA,SN2615,75,https://2lnr.com/routes/bru-fra,no independent flight-route evidence
BRU,GRU,LA8157,720,https://2lnr.com/routes/bru-gru,no independent flight-route evidence
BRU,GVA,U21530,80,https://2lnr.com/routes/bru-gva,no independent flight-route evidence
BRU,HEL,AY1542,150,https://2lnr.com/routes/bru-hel,flight-route mismatch
BRU,HEL,AY1542,150,https://2lnr.com/routes/bru-hel,flight-route mismatch
BRU,HEL,AY1542,150,https://2lnr.com/routes/bru-hel,flight-route mismatch
BRU,HEL,AY1546,150,https://2lnr.com/routes/bru-hel,no independent flight-route evidence
BRU,IST,TK1938,210,https://2lnr.com/routes/bru-ist,flight-route mismatch
BRU,IST,TK1938,200,https://2lnr.com/routes/bru-ist,flight-route mismatch
BRU,IST,TK1938,200,https://2lnr.com/routes/bru-ist,flight-route mismatch
BRU,IST,TK1944,210,https://2lnr.com/routes/bru-ist,flight-route mismatch
BRU,IST,TK1944,210,https://2lnr.com/routes/bru-ist,flight-route mismatch
BRU,IST,TK1944,210,https://2lnr.com/routes/bru-ist,flight-route mismatch
BRU,IST,TK1944,205,https://2lnr.com/routes/bru-ist,flight-route mismatch
BRU,KGL,SN491,510,https://2lnr.com/routes/bru-kgl,no independent flight-route evidence
BRU,MAD,FR2947,150,https://2lnr.com/routes/bru-mad,flight-route mismatch
BRU,MAD,IB1300,150,https://2lnr.com/routes/bru-mad,no independent flight-route evidence
BRU,MAD,IB598,150,https://2lnr.com/routes/bru-mad,flight-route mismatch
BRU,MAD,IB602,150,https://2lnr.com/routes/bru-mad,no independent flight-route evidence
BRU,MAD,IB602,150,https://2lnr.com/routes/bru-mad,no independent flight-route evidence
BRU,MAD,IB604,150,https://2lnr.com/routes/bru-mad,no independent flight-route evidence
BRU,MUC,SN2645,80,https://2lnr.com/routes/bru-muc,no independent flight-route evidence
BRU,MUC,SN2645,80,https://2lnr.com/routes/bru-muc,no independent flight-route evidence
BRU,MUC,SN2649,80,https://2lnr.com/routes/bru-muc,no independent flight-route evidence
BRU,MUC,SN2651,80,https://2lnr.com/routes/bru-muc,no independent flight-route evidence
BRU,NBO,SN481,555,https://2lnr.com/routes/bru-nbo,no independent flight-route evidence
BRU,NCE,U21748,105,https://2lnr.com/routes/bru-nce,flight-route mismatch
BRU,OPO,FR2928,155,https://2lnr.com/routes/bru-opo,no independent flight-route evidence
BRU,PRG,QS1001,85,https://2lnr.com/routes/bru-prg,flight-route mismatch
BRU,PRG,QS1003,85,https://2lnr.com/routes/bru-prg,flight-route mismatch
BRU,RAK,FR5237,160,https://2lnr.com/routes/bru-rak,no independent flight-route evidence
BRU,RAK,FR5237,220,https://2lnr.com/routes/bru-rak,no independent flight-route evidence
BRU,RAK,TB2511,345,https://2lnr.com/routes/bru-rak,no independent flight-route evidence
BRU,RAK,TB2581,245,https://2lnr.com/routes/bru-rak,no independent flight-route evidence
BRU,RAK,TB2581,245,https://2lnr.com/routes/bru-rak,no independent flight-route evidence
BRU,TFU,CA464,620,https://2lnr.com/routes/bru-tfu,flight-route mismatch
BRU,ZRH,SN2729,75,https://2lnr.com/routes/bru-zrh,no independent flight-route evidence
BRU,ZRH,SN2731,70,https://2lnr.com/routes/bru-zrh,no independent flight-route evidence
BSB,CNF,LA3720,75,https://2lnr.com/routes/bsb-cnf,no independent flight-route evidence
BSB,CNF,LA3720,75,https://2lnr.com/routes/bsb-cnf,no independent flight-route evidence
BSB,CNF,LA3720,75,https://2lnr.com/routes/bsb-cnf,no independent flight-route evidence
BSB,CNF,LA3722,75,https://2lnr.com/routes/bsb-cnf,no independent flight-route evidence
BSB,CNF,LA3724,75,https://2lnr.com/routes/bsb-cnf,no independent flight-route evidence
BSB,FOR,G39150,155,https://2lnr.com/routes/bsb-for,flight-route mismatch
BSB,FOR,G39150,155,https://2lnr.com/routes/bsb-for,flight-route mismatch
BSB,FOR,LA3730,160,https://2lnr.com/routes/bsb-for,no independent flight-route evidence
BSB,FOR,LA3730,155,https://2lnr.com/routes/bsb-for,no independent flight-route evidence
BSB,FOR,LA3732,155,https://2lnr.com/routes/bsb-for,no independent flight-route evidence
BSB,FOR,LA3732,155,https://2lnr.com/routes/bsb-for,no independent flight-route evidence
BSB,FOR,LA3734,155,https://2lnr.com/routes/bsb-for,no independent flight-route evidence
BSB,GIG,G31846,110,https://2lnr.com/routes/bsb-gig,flight-route mismatch
BSB,GIG,LA3412,100,https://2lnr.com/routes/bsb-gig,no independent flight-route evidence
BSB,GIG,LA3464,105,https://2lnr.com/routes/bsb-gig,no independent flight-route evidence
BSB,GIG,LA3464,105,https://2lnr.com/routes/bsb-gig,no independent flight-route evidence
BSB,GIG,LA3464,105,https://2lnr.com/routes/bsb-gig,no independent flight-route evidence
BSB,GIG,LA3728,100,https://2lnr.com/routes/bsb-gig,no independent flight-route evidence
BSB,GIG,LA3728,100,https://2lnr.com/routes/bsb-gig,no independent flight-route evidence
BSB,GIG,LA3780,105,https://2lnr.com/routes/bsb-gig,no independent flight-route evidence
BSB,GRU,LA3256,105,https://2lnr.com/routes/bsb-gru,no independent flight-route evidence
BSB,GRU,LA3256,105,https://2lnr.com/routes/bsb-gru,no independent flight-route evidence
BSB,GRU,LA3260,105,https://2lnr.com/routes/bsb-gru,no independent flight-route evidence
BSB,GRU,LA3264,105,https://2lnr.com/routes/bsb-gru,no independent flight-route evidence
BSB,GRU,LA3264,105,https://2lnr.com/routes/bsb-gru,no independent flight-route evidence
BSB,GRU,LA3528,105,https://2lnr.com/routes/bsb-gru,no independent flight-route evidence
BSB,GRU,LA3528,105,https://2lnr.com/routes/bsb-gru,no independent flight-route evidence
BSB,GRU,LA3657,110,https://2lnr.com/routes/bsb-gru,no independent flight-route evidence
BSB,GRU,LA3657,100,https://2lnr.com/routes/bsb-gru,no independent flight-route evidence
BSB,GRU,LA3657,110,https://2lnr.com/routes/bsb-gru,no independent flight-route evidence
BSB,GRU,LA4677,100,https://2lnr.com/routes/bsb-gru,no independent flight-route evidence
BSB,GRU,LA4677,105,https://2lnr.com/routes/bsb-gru,no independent flight-route evidence
BSB,LIM,LA2403,290,https://2lnr.com/routes/bsb-lim,no independent flight-route evidence
BSB,REC,LA3402,155,https://2lnr.com/routes/bsb-rec,no independent flight-route evidence
BSB,REC,LA3496,155,https://2lnr.com/routes/bsb-rec,no independent flight-route evidence
BSB,REC,LA3498,150,https://2lnr.com/routes/bsb-rec,no independent flight-route evidence
BSB,REC,LA4724,155,https://2lnr.com/routes/bsb-rec,no independent flight-route evidence
BSB,REC,LA4724,155,https://2lnr.com/routes/bsb-rec,no independent flight-route evidence
BSB,REC,LA9000,150,https://2lnr.com/routes/bsb-rec,no independent flight-route evidence
BSB,SCL,LA8108,230,https://2lnr.com/routes/bsb-scl,no independent flight-route evidence
BSB,SCL,LA8108,290,https://2lnr.com/routes/bsb-scl,no independent flight-route evidence
BSB,SSA,G31682,120,https://2lnr.com/routes/bsb-ssa,flight-route mismatch
BSB,SSA,LA3409,115,https://2lnr.com/routes/bsb-ssa,no independent flight-route evidence
BSB,SSA,LA3409,115,https://2lnr.com/routes/bsb-ssa,no independent flight-route evidence
BSB,SSA,LA3776,110,https://2lnr.com/routes/bsb-ssa,no independent flight-route evidence
BSB,SSA,LA3776,110,https://2lnr.com/routes/bsb-ssa,no independent flight-route evidence
BSB,SSA,LA3816,115,https://2lnr.com/routes/bsb-ssa,no independent flight-route evidence
BSB,SSA,LA3816,120,https://2lnr.com/routes/bsb-ssa,no independent flight-route evidence
BSB,SSA,LA3816,120,https://2lnr.com/routes/bsb-ssa,no independent flight-route evidence
BSB,SSA,LA3995,110,https://2lnr.com/routes/bsb-ssa,no independent flight-route evidence
BUD,AMS,KL1362,125,https://2lnr.com/routes/bud-ams,flight-route mismatch
BUD,AMS,KL1362,125,https://2lnr.com/routes/bud-ams,flight-route mismatch
BUD,AMS,KL1366,130,https://2lnr.com/routes/bud-ams,flight-route mismatch
BUD,AMS,KL1366,130,https://2lnr.com/routes/bud-ams,flight-route mismatch
BUD,AMS,KL1370,130,https://2lnr.com/routes/bud-ams,no independent flight-route evidence
BUD,ARN,D84488,130,https://2lnr.com/routes/bud-arn,no independent flight-route evidence
BUD,ARN,D84488,130,https://2lnr.com/routes/bud-arn,no independent flight-route evidence
BUD,ARN,FR7599,140,https://2lnr.com/routes/bud-arn,no independent flight-route evidence
BUD,ATH,FR7595,120,https://2lnr.com/routes/bud-ath,flight-route mismatch
BUD,BCN,FR8385,155,https://2lnr.com/routes/bud-bcn,no independent flight-route evidence
BUD,BCN,FR8385,155,https://2lnr.com/routes/bud-bcn,no independent flight-route evidence
BUD,BCN,FR8385,155,https://2lnr.com/routes/bud-bcn,no independent flight-route evidence
BUD,BCN,W62375,160,https://2lnr.com/routes/bud-bcn,flight-route mismatch
BUD,BCN,W62377,160,https://2lnr.com/routes/bud-bcn,no independent flight-route evidence
BUD,BCN,W62415,160,https://2lnr.com/routes/bud-bcn,flight-route mismatch
BUD,BER,FR197,90,https://2lnr.com/routes/bud-ber,flight-route mismatch
BUD,BER,FR207,90,https://2lnr.com/routes/bud-ber,flight-route mismatch
BUD,BER,W62315,90,https://2lnr.com/routes/bud-ber,flight-route mismatch
BUD,BER,W62317,90,https://2lnr.com/routes/bud-ber,flight-route mismatch
BUD,CDG,U24686,140,https://2lnr.com/routes/bud-cdg,flight-route mismatch
BUD,CDG,U24686,145,https://2lnr.com/routes/bud-cdg,flight-route mismatch
BUD,CDG,U24686,140,https://2lnr.com/routes/bud-cdg,flight-route mismatch
BUD,CPH,FR80,120,https://2lnr.com/routes/bud-cph,no independent flight-route evidence
BUD,DUS,EW9785,110,https://2lnr.com/routes/bud-dus,no independent flight-route evidence
BUD,EDI,FR1018,180,https://2lnr.com/routes/bud-edi,flight-route mismatch
BUD,EDI,FR1018,184,https://2lnr.com/routes/bud-edi,flight-route mismatch
BUD,EDI,FR1078,180,https://2lnr.com/routes/bud-edi,flight-route mismatch
BUD,EVN,W67864,190,https://2lnr.com/routes/bud-evn,no independent flight-route evidence
BUD,FCO,W42341,110,https://2lnr.com/routes/bud-fco,no independent flight-route evidence
BUD,FCO,W42343,110,https://2lnr.com/routes/bud-fco,no independent flight-route evidence
BUD,FCO,W62341,110,https://2lnr.com/routes/bud-fco,flight-route mismatch
BUD,FCO,W62341,105,https://2lnr.com/routes/bud-fco,flight-route mismatch
BUD,FRA,DE4464,95,https://2lnr.com/routes/bud-fra,no independent flight-route evidence
BUD,FRA,DE4466,95,https://2lnr.com/routes/bud-fra,no independent flight-route evidence
BUD,FRA,DE4468,95,https://2lnr.com/routes/bud-fra,no independent flight-route evidence
BUD,GVA,U21566,110,https://2lnr.com/routes/bud-gva,no independent flight-route evidence
BUD,GVA,U21566,115,https://2lnr.com/routes/bud-gva,no independent flight-route evidence
BUD,HAM,EW7783,105,https://2lnr.com/routes/bud-ham,no independent flight-route evidence
BUD,HAM,EW7783,105,https://2lnr.com/routes/bud-ham,no independent flight-route evidence
BUD,IST,TK1034,130,https://2lnr.com/routes/bud-ist,flight-route mismatch
BUD,IST,TK1034,130,https://2lnr.com/routes/bud-ist,flight-route mismatch
BUD,IST,TK1038,125,https://2lnr.com/routes/bud-ist,flight-route mismatch
BUD,IST,TK1038,125,https://2lnr.com/routes/bud-ist,flight-route mismatch
BUD,IST,TK1038,130,https://2lnr.com/routes/bud-ist,flight-route mismatch
BUD,IST,TK1038,130,https://2lnr.com/routes/bud-ist,flight-route mismatch
BUD,IST,W62409,135,https://2lnr.com/routes/bud-ist,flight-route mismatch
BUD,IST,W62429,145,https://2lnr.com/routes/bud-ist,flight-route mismatch
BUD,IST,W62429,135,https://2lnr.com/routes/bud-ist,flight-route mismatch
BUD,IST,W62435,135,https://2lnr.com/routes/bud-ist,flight-route mismatch
BUD,LGW,U28732,170,https://2lnr.com/routes/bud-lgw,flight-route mismatch
BUD,LGW,U28732,170,https://2lnr.com/routes/bud-lgw,flight-route mismatch
BUD,LGW,U28736,165,https://2lnr.com/routes/bud-lgw,flight-route mismatch
BUD,LHR,BA863,165,https://2lnr.com/routes/bud-lhr,flight-route mismatch
BUD,LHR,BA863,165,https://2lnr.com/routes/bud-lhr,flight-route mismatch
BUD,LIS,FR8859,240,https://2lnr.com/routes/bud-lis,no independent flight-route evidence
BUD,LIS,W62393,245,https://2lnr.com/routes/bud-lis,flight-route mismatch
BUD,MAD,FR5712,200,https://2lnr.com/routes/bud-mad,flight-route mismatch
BUD,MAD,FR5712,200,https://2lnr.com/routes/bud-mad,flight-route mismatch
BUD,MAD,IB872,200,https://2lnr.com/routes/bud-mad,no independent flight-route evidence
BUD,MAD,W62391,210,https://2lnr.com/routes/bud-mad,no independent flight-route evidence
BUD,MUC,LH1685,80,https://2lnr.com/routes/bud-muc,flight-route mismatch
BUD,MUC,LH1685,80,https://2lnr.com/routes/bud-muc,flight-route mismatch
BUD,MUC,VL1685,80,https://2lnr.com/routes/bud-muc,no independent flight-route evidence
BUD,MXP,FR8492,105,https://2lnr.com/routes/bud-mxp,no independent flight-route evidence
BUD,MXP,W42337,105,https://2lnr.com/routes/bud-mxp,no independent flight-route evidence
BUD,NCE,W62263,125,https://2lnr.com/routes/bud-nce,flight-route mismatch
BUD,OPO,FR4243,220,https://2lnr.com/routes/bud-opo,flight-route mismatch
BUD,PRG,FR4034,75,https://2lnr.com/routes/bud-prg,flight-route mismatch
BUD,RAK,FR4656,200,https://2lnr.com/routes/bud-rak,no independent flight-route evidence
BUD,RAK,W62459,270,https://2lnr.com/routes/bud-rak,no independent flight-route evidence
BUD,RAK,W62459,210,https://2lnr.com/routes/bud-rak,no independent flight-route evidence
BUD,TLV,6H708,190,https://2lnr.com/routes/bud-tlv,flight-route mismatch
BUD,TLV,BZ440,195,https://2lnr.com/routes/bud-tlv,no independent flight-route evidence
BUD,TLV,W62501,195,https://2lnr.com/routes/bud-tlv,flight-route mismatch
BUD,TLV,W62503,195,https://2lnr.com/routes/bud-tlv,flight-route mismatch
BUD,TLV,W62505,195,https://2lnr.com/routes/bud-tlv,flight-route mismatch
BUD,TLV,W62511,195,https://2lnr.com/routes/bud-tlv,flight-route mismatch
BUD,TLV,W62513,195,https://2lnr.com/routes/bud-tlv,flight-route mismatch
BUD,TLV,W62515,195,https://2lnr.com/routes/bud-tlv,no independent flight-route evidence
BUD,TLV,W62517,195,https://2lnr.com/routes/bud-tlv,flight-route mismatch
BUD,TLV,W62525,195,https://2lnr.com/routes/bud-tlv,flight-route mismatch
BUD,TLV,W62527,170,https://2lnr.com/routes/bud-tlv,flight-route mismatch
BUD,WAW,LO540,75,https://2lnr.com/routes/bud-waw,no independent flight-route evidence
BUD,WAW,W62467,75,https://2lnr.com/routes/bud-waw,flight-route mismatch
BUD,WAW,W62469,75,https://2lnr.com/routes/bud-waw,flight-route mismatch
BUD,WAW,W62469,60,https://2lnr.com/routes/bud-waw,flight-route mismatch
BUD,WAW,W62469,70,https://2lnr.com/routes/bud-waw,flight-route mismatch
CAI,AUH,EY716,210,https://2lnr.com/routes/cai-auh,no independent flight-route evidence
CAI,BER,MS731,255,https://2lnr.com/routes/cai-ber,flight-route mismatch
CAI,BER,MS731,255,https://2lnr.com/routes/cai-ber,flight-route mismatch
CAI,BER,MS731,255,https://2lnr.com/routes/cai-ber,flight-route mismatch
CAI,DAC,MS970,435,https://2lnr.com/routes/cai-dac,flight-route mismatch
CAI,DMM,E5315,175,https://2lnr.com/routes/cai-dmm,no independent flight-route evidence
CAI,DOH,QR1310,185,https://2lnr.com/routes/cai-doh,no independent flight-route evidence
CAI,DOH,QR1310,185,https://2lnr.com/routes/cai-doh,no independent flight-route evidence
CAI,DOH,QR1312,185,https://2lnr.com/routes/cai-doh,no independent flight-route evidence
CAI,IST,MS3920,140,https://2lnr.com/routes/cai-ist,no independent flight-route evidence
CAI,IST,TK687,140,https://2lnr.com/routes/cai-ist,flight-route mismatch
CAI,IST,TK687,140,https://2lnr.com/routes/cai-ist,flight-route mismatch
CAI,IST,TK691,155,https://2lnr.com/routes/cai-ist,flight-route mismatch
CAI,IST,TK691,155,https://2lnr.com/routes/cai-ist,flight-route mismatch
CAI,IST,TK693,145,https://2lnr.com/routes/cai-ist,flight-route mismatch
CAI,IST,TK695,140,https://2lnr.com/routes/cai-ist,flight-route mismatch
CAI,IST,TK755,140,https://2lnr.com/routes/cai-ist,flight-route mismatch
CAI,KGL,MS835,320,https://2lnr.com/routes/cai-kgl,flight-route mismatch
CAI,KWI,E5212,160,https://2lnr.com/routes/cai-kwi,flight-route mismatch
CAI,KWI,KU542,165,https://2lnr.com/routes/cai-kwi,flight-route mismatch
CAI,KWI,KU542,175,https://2lnr.com/routes/cai-kwi,flight-route mismatch
CAI,KWI,KU544,160,https://2lnr.com/routes/cai-kwi,flight-route mismatch
CAI,KWI,KU544,175,https://2lnr.com/routes/cai-kwi,flight-route mismatch
CAI,KWI,KU546,165,https://2lnr.com/routes/cai-kwi,flight-route mismatch
CAI,KWI,KU546,175,https://2lnr.com/routes/cai-kwi,flight-route mismatch
CAI,KWI,MS610,165,https://2lnr.com/routes/cai-kwi,flight-route mismatch
CAI,KWI,MS610,165,https://2lnr.com/routes/cai-kwi,flight-route mismatch
CAI,KWI,MS610,165,https://2lnr.com/routes/cai-kwi,flight-route mismatch
CAI,KWI,NE200,155,https://2lnr.com/routes/cai-kwi,no independent flight-route evidence
CAI,KWI,NE200,155,https://2lnr.com/routes/cai-kwi,no independent flight-route evidence
CAI,KWI,NP161,160,https://2lnr.com/routes/cai-kwi,flight-route mismatch
CAI,KWI,NP261,160,https://2lnr.com/routes/cai-kwi,flight-route mismatch
CAI,MAD,IB1904,300,https://2lnr.com/routes/cai-mad,no independent flight-route evidence
CAI,MXP,NO1930,240,https://2lnr.com/routes/cai-mxp,no independent flight-route evidence
CAI,MXP,NO4930,240,https://2lnr.com/routes/cai-mxp,no independent flight-route evidence
CAI,TFU,3U3864,565,https://2lnr.com/routes/cai-tfu,flight-route mismatch
CAI,TUN,BJ191,220,https://2lnr.com/routes/cai-tun,no independent flight-route evidence
CAI,WAW,LO1148,240,https://2lnr.com/routes/cai-waw,no independent flight-route evidence
CAN,DAC,BG367,235,https://2lnr.com/routes/can-dac,flight-route mismatch
CAN,DAC,BS326,260,https://2lnr.com/routes/can-dac,flight-route mismatch
CAN,DAC,BS326,250,https://2lnr.com/routes/can-dac,flight-route mismatch
CAN,DAC,CZ391,240,https://2lnr.com/routes/can-dac,flight-route mismatch
CAN,DAC,CZ5015,255,https://2lnr.com/routes/can-dac,flight-route mismatch
CAN,KWI,KU420,570,https://2lnr.com/routes/can-kwi,flight-route mismatch
CAN,PVG,HO1870,140,https://2lnr.com/routes/can-pvg,flight-route mismatch
CAN,PVG,HO1870,155,https://2lnr.com/routes/can-pvg,flight-route mismatch
CAN,TFU,3U6702,125,https://2lnr.com/routes/can-tfu,flight-route mismatch
CAN,TFU,3U6704,120,https://2lnr.com/routes/can-tfu,flight-route mismatch
CAN,TFU,3U6710,135,https://2lnr.com/routes/can-tfu,flight-route mismatch
CAN,TFU,CA4310,140,https://2lnr.com/routes/can-tfu,flight-route mismatch
CAN,TFU,CA4320,150,https://2lnr.com/routes/can-tfu,flight-route mismatch
CAN,TFU,CA4334,145,https://2lnr.com/routes/can-tfu,flight-route mismatch
CAN,TFU,CZ3475,140,https://2lnr.com/routes/can-tfu,flight-route mismatch
CAN,TFU,HU7151,135,https://2lnr.com/routes/can-tfu,flight-route mismatch
CAN,TFU,HU7251,140,https://2lnr.com/routes/can-tfu,flight-route mismatch
CAN,TFU,JD5161,130,https://2lnr.com/routes/can-tfu,flight-route mismatch
CAN,TFU,MU5322,135,https://2lnr.com/routes/can-tfu,flight-route mismatch
CAN,TFU,MU6141,145,https://2lnr.com/routes/can-tfu,flight-route mismatch
CAN,TFU,MU6186,155,https://2lnr.com/routes/can-tfu,flight-route mismatch
CAN,TFU,MU9894,125,https://2lnr.com/routes/can-tfu,flight-route mismatch
CAN,TFU,ZH9441,120,https://2lnr.com/routes/can-tfu,flight-route mismatch
CAN,TFU,ZH9443,140,https://2lnr.com/routes/can-tfu,flight-route mismatch
CCS,BOG,LA4405,120,https://2lnr.com/routes/ccs-bog,no independent flight-route evidence
CCS,DOH,QR783,855,https://2lnr.com/routes/ccs-doh,no independent flight-route evidence
CCS,IAH,UA1045,320,https://2lnr.com/routes/ccs-iah,flight-route mismatch
CCS,MAD,Q42920,525,https://2lnr.com/routes/ccs-mad,no independent flight-route evidence
CCS,MIA,AA3688,208,https://2lnr.com/routes/ccs-mia,flight-route mismatch
CCS,MIA,AA3688,214,https://2lnr.com/routes/ccs-mia,flight-route mismatch
CCS,PTY,CM331,149,https://2lnr.com/routes/ccs-pty,no independent flight-route evidence
CCU,BOM,6E5183,150,https://2lnr.com/routes/ccu-bom,flight-route mismatch
CCU,DAC,6E1105,60,https://2lnr.com/routes/ccu-dac,flight-route mismatch
CCU,DAC,BS202,60,https://2lnr.com/routes/ccu-dac,flight-route mismatch
CCU,DEL,6E2285,125,https://2lnr.com/routes/ccu-del,flight-route mismatch
CCU,DEL,6E6358,145,https://2lnr.com/routes/ccu-del,flight-route mismatch
CCU,DEL,6E6516,145,https://2lnr.com/routes/ccu-del,flight-route mismatch
CCU,DEL,6E891,145,https://2lnr.com/routes/ccu-del,flight-route mismatch
CCU,DEL,6E896,140,https://2lnr.com/routes/ccu-del,flight-route mismatch
CCU,DEL,6E899,145,https://2lnr.com/routes/ccu-del,no independent flight-route evidence
CCU,DEL,6E917,145,https://2lnr.com/routes/ccu-del,flight-route mismatch
CCU,DEL,AI2704,155,https://2lnr.com/routes/ccu-del,no independent flight-route evidence
CCU,DEL,IX1525,155,https://2lnr.com/routes/ccu-del,no independent flight-route evidence
CCU,HYD,6E2256,125,https://2lnr.com/routes/ccu-hyd,flight-route mismatch
CCU,MAA,6E263,140,https://2lnr.com/routes/ccu-maa,flight-route mismatch
CDG,ALG,AH1005,130,https://2lnr.com/routes/cdg-alg,flight-route mismatch
CDG,AMS,AF9350,65,https://2lnr.com/routes/cdg-ams,no independent flight-route evidence
CDG,ATH,GQ901,190,https://2lnr.com/routes/cdg-ath,no independent flight-route evidence
CDG,AUH,EY36,445,https://2lnr.com/routes/cdg-auh,no independent flight-route evidence
CDG,AUH,EY36,420,https://2lnr.com/routes/cdg-auh,no independent flight-route evidence
CDG,AUH,EY36,400,https://2lnr.com/routes/cdg-auh,no independent flight-route evidence
CDG,BCN,AF1548,110,https://2lnr.com/routes/cdg-bcn,no independent flight-route evidence
CDG,BCN,AF1548,110,https://2lnr.com/routes/cdg-bcn,no independent flight-route evidence
CDG,BER,AF1134,105,https://2lnr.com/routes/cdg-ber,flight-route mismatch
CDG,BER,AF1234,105,https://2lnr.com/routes/cdg-ber,flight-route mismatch
CDG,BER,AF1234,105,https://2lnr.com/routes/cdg-ber,flight-route mismatch
CDG,BER,AF1434,105,https://2lnr.com/routes/cdg-ber,flight-route mismatch
CDG,BER,AF1434,105,https://2lnr.com/routes/cdg-ber,flight-route mismatch
CDG,BER,AF1434,105,https://2lnr.com/routes/cdg-ber,flight-route mismatch
CDG,BER,AF1534,100,https://2lnr.com/routes/cdg-ber,flight-route mismatch
CDG,BER,AF1534,100,https://2lnr.com/routes/cdg-ber,flight-route mismatch
CDG,BER,AF1734,110,https://2lnr.com/routes/cdg-ber,flight-route mismatch
CDG,BER,AF1834,105,https://2lnr.com/routes/cdg-ber,flight-route mismatch
CDG,BER,AF1834,105,https://2lnr.com/routes/cdg-ber,flight-route mismatch
CDG,BER,U24631,105,https://2lnr.com/routes/cdg-ber,flight-route mismatch
CDG,BER,U24631,105,https://2lnr.com/routes/cdg-ber,flight-route mismatch
CDG,BER,U24633,105,https://2lnr.com/routes/cdg-ber,flight-route mismatch
CDG,BER,U25160,105,https://2lnr.com/routes/cdg-ber,no independent flight-route evidence
CDG,BER,U25160,105,https://2lnr.com/routes/cdg-ber,no independent flight-route evidence
CDG,BER,U25160,105,https://2lnr.com/routes/cdg-ber,no independent flight-route evidence
CDG,BER,U25162,105,https://2lnr.com/routes/cdg-ber,no independent flight-route evidence
CDG,BER,U25162,105,https://2lnr.com/routes/cdg-ber,no independent flight-route evidence
CDG,BER,U25162,110,https://2lnr.com/routes/cdg-ber,no independent flight-route evidence
CDG,BER,U25164,105,https://2lnr.com/routes/cdg-ber,flight-route mismatch
CDG,BER,U25166,105,https://2lnr.com/routes/cdg-ber,no independent flight-route evidence
CDG,BEY,AF558,255,https://2lnr.com/routes/cdg-bey,flight-route mismatch
CDG,BEY,AF558,255,https://2lnr.com/routes/cdg-bey,flight-route mismatch
CDG,BUD,U24685,130,https://2lnr.com/routes/cdg-bud,flight-route mismatch
CDG,BUD,U24685,135,https://2lnr.com/routes/cdg-bud,flight-route mismatch
CDG,CMN,AF1296,185,https://2lnr.com/routes/cdg-cmn,no independent flight-route evidence
CDG,CPH,D83639,115,https://2lnr.com/routes/cdg-cph,no independent flight-route evidence
CDG,CPH,D83639,115,https://2lnr.com/routes/cdg-cph,no independent flight-route evidence
CDG,CPH,SK564,110,https://2lnr.com/routes/cdg-cph,no independent flight-route evidence
CDG,CPH,SK564,105,https://2lnr.com/routes/cdg-cph,no independent flight-route evidence
CDG,CPH,SK564,110,https://2lnr.com/routes/cdg-cph,no independent flight-route evidence
CDG,DEN,AF58,615,https://2lnr.com/routes/cdg-den,no independent flight-route evidence
CDG,DEN,AF58,600,https://2lnr.com/routes/cdg-den,no independent flight-route evidence
CDG,DUS,A51106,75,https://2lnr.com/routes/cdg-dus,no independent flight-route evidence
CDG,EDI,U23242,110,https://2lnr.com/routes/cdg-edi,no independent flight-route evidence
CDG,EDI,U23242,105,https://2lnr.com/routes/cdg-edi,no independent flight-route evidence
CDG,EDI,U23242,110,https://2lnr.com/routes/cdg-edi,no independent flight-route evidence
CDG,EDI,U23244,105,https://2lnr.com/routes/cdg-edi,flight-route mismatch
CDG,EDI,U24649,110,https://2lnr.com/routes/cdg-edi,no independent flight-route evidence
CDG,EDI,U24677,105,https://2lnr.com/routes/cdg-edi,flight-route mismatch
CDG,EDI,U24677,110,https://2lnr.com/routes/cdg-edi,flight-route mismatch
CDG,EDI,U24679,105,https://2lnr.com/routes/cdg-edi,no independent flight-route evidence
CDG,EDI,U24681,110,https://2lnr.com/routes/cdg-edi,flight-route mismatch
CDG,EDI,U24681,105,https://2lnr.com/routes/cdg-edi,flight-route mismatch
CDG,EDI,U24697,105,https://2lnr.com/routes/cdg-edi,no independent flight-route evidence
CDG,EZE,AF556,820,https://2lnr.com/routes/cdg-eze,flight-route mismatch
CDG,FCO,AF1104,130,https://2lnr.com/routes/cdg-fco,no independent flight-route evidence
CDG,FCO,AF1104,130,https://2lnr.com/routes/cdg-fco,no independent flight-route evidence
CDG,FCO,AF1104,130,https://2lnr.com/routes/cdg-fco,no independent flight-route evidence
CDG,FIH,AF736,620,https://2lnr.com/routes/cdg-fih,nonadjacent airports in flight sequence
CDG,FIH,AF754,620,https://2lnr.com/routes/cdg-fih,nonadjacent airports in flight sequence
CDG,FIH,ET98,430,https://2lnr.com/routes/cdg-fih,no independent flight-route evidence
CDG,FRA,4Y601,80,https://2lnr.com/routes/cdg-fra,flight-route mismatch
CDG,FRA,AF1218,80,https://2lnr.com/routes/cdg-fra,no independent flight-route evidence
CDG,FRA,DE4292,90,https://2lnr.com/routes/cdg-fra,no independent flight-route evidence
CDG,GIG,AF512,690,https://2lnr.com/routes/cdg-gig,no independent flight-route evidence
CDG,GRU,LA8067,710,https://2lnr.com/routes/cdg-gru,no independent flight-route evidence
CDG,GRU,LA8133,710,https://2lnr.com/routes/cdg-gru,no independent flight-route evidence
CDG,GRU,LA8133,695,https://2lnr.com/routes/cdg-gru,no independent flight-route evidence
CDG,HEL,AY1572,175,https://2lnr.com/routes/cdg-hel,no independent flight-route evidence
CDG,HEL,AY1572,175,https://2lnr.com/routes/cdg-hel,no independent flight-route evidence
CDG,HEL,AY1576,175,https://2lnr.com/routes/cdg-hel,no independent flight-route evidence
CDG,HEL,AY1578,175,https://2lnr.com/routes/cdg-hel,no independent flight-route evidence
CDG,HEL,AY1578,175,https://2lnr.com/routes/cdg-hel,no independent flight-route evidence
CDG,HEL,AY1578,175,https://2lnr.com/routes/cdg-hel,no independent flight-route evidence
CDG,HEL,AY1578,175,https://2lnr.com/routes/cdg-hel,no independent flight-route evidence
CDG,HEL,AY1578,175,https://2lnr.com/routes/cdg-hel,no independent flight-route evidence
CDG,HEL,AY1582,165,https://2lnr.com/routes/cdg-hel,no independent flight-route evidence
CDG,IAD,AF50,520,https://2lnr.com/routes/cdg-iad,no independent flight-route evidence
CDG,IAD,AF52,515,https://2lnr.com/routes/cdg-iad,no independent flight-route evidence
CDG,IAH,AF98,630,https://2lnr.com/routes/cdg-iah,no independent flight-route evidence
CDG,IST,TK1822,210,https://2lnr.com/routes/cdg-ist,flight-route mismatch
CDG,IST,TK1822,210,https://2lnr.com/routes/cdg-ist,flight-route mismatch
CDG,IST,TK1822,210,https://2lnr.com/routes/cdg-ist,flight-route mismatch
CDG,IST,TK1824,215,https://2lnr.com/routes/cdg-ist,flight-route mismatch
CDG,IST,TK1824,215,https://2lnr.com/routes/cdg-ist,flight-route mismatch
CDG,IST,TK1826,215,https://2lnr.com/routes/cdg-ist,flight-route mismatch
CDG,IST,TK1828,200,https://2lnr.com/routes/cdg-ist,flight-route mismatch
CDG,IST,TK1828,205,https://2lnr.com/routes/cdg-ist,flight-route mismatch
CDG,IST,TK1828,205,https://2lnr.com/routes/cdg-ist,flight-route mismatch
CDG,IST,TK1834,220,https://2lnr.com/routes/cdg-ist,flight-route mismatch
CDG,KEF,U24629,230,https://2lnr.com/routes/cdg-kef,no independent flight-route evidence
CDG,KWI,KU168,350,https://2lnr.com/routes/cdg-kwi,flight-route mismatch
CDG,LAS,AF56,655,https://2lnr.com/routes/cdg-las,no independent flight-route evidence
CDG,LGW,AF1704,70,https://2lnr.com/routes/cdg-lgw,no independent flight-route evidence
CDG,LGW,AF1706,70,https://2lnr.com/routes/cdg-lgw,flight-route mismatch
CDG,LGW,AF1706,75,https://2lnr.com/routes/cdg-lgw,flight-route mismatch
CDG,LGW,U28404,70,https://2lnr.com/routes/cdg-lgw,flight-route mismatch
CDG,LGW,U28404,75,https://2lnr.com/routes/cdg-lgw,flight-route mismatch
CDG,LGW,U28406,70,https://2lnr.com/routes/cdg-lgw,flight-route mismatch
CDG,LGW,U28406,70,https://2lnr.com/routes/cdg-lgw,flight-route mismatch
CDG,LGW,U28408,75,https://2lnr.com/routes/cdg-lgw,no independent flight-route evidence
CDG,LGW,U28408,70,https://2lnr.com/routes/cdg-lgw,no independent flight-route evidence
CDG,LGW,U28408,70,https://2lnr.com/routes/cdg-lgw,no independent flight-route evidence
CDG,LGW,U28412,75,https://2lnr.com/routes/cdg-lgw,flight-route mismatch
CDG,LGW,U28412,70,https://2lnr.com/routes/cdg-lgw,flight-route mismatch
CDG,LIM,AF500,750,https://2lnr.com/routes/cdg-lim,flight-route mismatch
CDG,LIM,AF500,750,https://2lnr.com/routes/cdg-lim,flight-route mismatch
CDG,LIM,AF504,750,https://2lnr.com/routes/cdg-lim,flight-route mismatch
CDG,MAD,IB582,130,https://2lnr.com/routes/cdg-mad,flight-route mismatch
CDG,MAD,IB590,130,https://2lnr.com/routes/cdg-mad,flight-route mismatch
CDG,MAD,IB592,130,https://2lnr.com/routes/cdg-mad,flight-route mismatch
CDG,MAN,U22106,90,https://2lnr.com/routes/cdg-man,flight-route mismatch
CDG,MAN,U22108,90,https://2lnr.com/routes/cdg-man,flight-route mismatch
CDG,MAN,U22108,85,https://2lnr.com/routes/cdg-man,flight-route mismatch
CDG,MAN,U22110,85,https://2lnr.com/routes/cdg-man,flight-route mismatch
CDG,MAN,U22114,90,https://2lnr.com/routes/cdg-man,no independent flight-route evidence
CDG,MAN,U22118,90,https://2lnr.com/routes/cdg-man,flight-route mismatch
CDG,MAN,U22118,85,https://2lnr.com/routes/cdg-man,flight-route mismatch
CDG,MUC,VL2231,90,https://2lnr.com/routes/cdg-muc,no independent flight-route evidence
CDG,MUC,VL2231,90,https://2lnr.com/routes/cdg-muc,no independent flight-route evidence
CDG,MXP,A51330,90,https://2lnr.com/routes/cdg-mxp,no independent flight-route evidence
CDG,MXP,AF1130,90,https://2lnr.com/routes/cdg-mxp,flight-route mismatch
CDG,MXP,AF1130,90,https://2lnr.com/routes/cdg-mxp,flight-route mismatch
CDG,MXP,AF1330,90,https://2lnr.com/routes/cdg-mxp,flight-route mismatch
CDG,MXP,AF1330,95,https://2lnr.com/routes/cdg-mxp,flight-route mismatch
CDG,MXP,AF1730,95,https://2lnr.com/routes/cdg-mxp,no independent flight-route evidence
CDG,MXP,U23806,90,https://2lnr.com/routes/cdg-mxp,flight-route mismatch
CDG,MXP,U23806,90,https://2lnr.com/routes/cdg-mxp,flight-route mismatch
CDG,MXP,U23808,85,https://2lnr.com/routes/cdg-mxp,flight-route mismatch
CDG,MXP,U23810,90,https://2lnr.com/routes/cdg-mxp,no independent flight-route evidence
CDG,MXP,U23812,90,https://2lnr.com/routes/cdg-mxp,no independent flight-route evidence
CDG,MXP,U23814,100,https://2lnr.com/routes/cdg-mxp,no independent flight-route evidence
CDG,MXP,U23814,90,https://2lnr.com/routes/cdg-mxp,no independent flight-route evidence
CDG,MXP,U23818,90,https://2lnr.com/routes/cdg-mxp,flight-route mismatch
CDG,MXP,U24539,90,https://2lnr.com/routes/cdg-mxp,flight-route mismatch
CDG,MXP,U24541,90,https://2lnr.com/routes/cdg-mxp,no independent flight-route evidence
CDG,MXP,U24541,90,https://2lnr.com/routes/cdg-mxp,no independent flight-route evidence
CDG,MXP,U24543,90,https://2lnr.com/routes/cdg-mxp,flight-route mismatch
CDG,MXP,U24545,90,https://2lnr.com/routes/cdg-mxp,flight-route mismatch
CDG,MXP,U24545,90,https://2lnr.com/routes/cdg-mxp,flight-route mismatch
CDG,MXP,U24547,100,https://2lnr.com/routes/cdg-mxp,flight-route mismatch
CDG,NCE,AF7300,90,https://2lnr.com/routes/cdg-nce,no independent flight-route evidence
CDG,NCE,AF7302,95,https://2lnr.com/routes/cdg-nce,no independent flight-route evidence
CDG,NCE,AF7304,100,https://2lnr.com/routes/cdg-nce,no independent flight-route evidence
CDG,NCE,AF7304,100,https://2lnr.com/routes/cdg-nce,no independent flight-route evidence
CDG,NCE,AF7306,100,https://2lnr.com/routes/cdg-nce,no independent flight-route evidence
CDG,NCE,AF7308,105,https://2lnr.com/routes/cdg-nce,flight-route mismatch
CDG,NCE,AF7308,105,https://2lnr.com/routes/cdg-nce,flight-route mismatch
CDG,NCE,AF7310,100,https://2lnr.com/routes/cdg-nce,flight-route mismatch
CDG,NCE,AF7310,100,https://2lnr.com/routes/cdg-nce,flight-route mismatch
CDG,NCE,AF7312,100,https://2lnr.com/routes/cdg-nce,no independent flight-route evidence
CDG,NCE,AF7312,100,https://2lnr.com/routes/cdg-nce,no independent flight-route evidence
CDG,NCE,AF7318,95,https://2lnr.com/routes/cdg-nce,no independent flight-route evidence
CDG,NCE,AF7320,90,https://2lnr.com/routes/cdg-nce,flight-route mismatch
CDG,NCE,AF7322,90,https://2lnr.com/routes/cdg-nce,no independent flight-route evidence
CDG,NCE,AF7328,95,https://2lnr.com/routes/cdg-nce,flight-route mismatch
CDG,NCE,U24525,95,https://2lnr.com/routes/cdg-nce,flight-route mismatch
CDG,NCE,U24527,100,https://2lnr.com/routes/cdg-nce,flight-route mismatch
CDG,OPO,AF1516,135,https://2lnr.com/routes/cdg-opo,flight-route mismatch
CDG,OPO,AF1516,135,https://2lnr.com/routes/cdg-opo,flight-route mismatch
CDG,OSL,DY1491,135,https://2lnr.com/routes/cdg-osl,flight-route mismatch
CDG,OSL,DY1497,135,https://2lnr.com/routes/cdg-osl,flight-route mismatch
CDG,OSL,DY1497,135,https://2lnr.com/routes/cdg-osl,flight-route mismatch
CDG,OSL,DY1499,135,https://2lnr.com/routes/cdg-osl,flight-route mismatch
CDG,RAK,AT639,140,https://2lnr.com/routes/cdg-rak,flight-route mismatch
CDG,RAK,U24557,205,https://2lnr.com/routes/cdg-rak,flight-route mismatch
CDG,RAK,U24663,145,https://2lnr.com/routes/cdg-rak,no independent flight-route evidence
CDG,RAK,U24663,205,https://2lnr.com/routes/cdg-rak,no independent flight-route evidence
CDG,RAK,U24665,210,https://2lnr.com/routes/cdg-rak,no independent flight-route evidence
CDG,RAK,U26006,150,https://2lnr.com/routes/cdg-rak,flight-route mismatch
CDG,TFU,CA458,650,https://2lnr.com/routes/cdg-tfu,flight-route mismatch
CDG,TUN,TU2725,150,https://2lnr.com/routes/cdg-tun,flight-route mismatch
CDG,TUN,TU2725,145,https://2lnr.com/routes/cdg-tun,flight-route mismatch
CDG,TUN,TU723,145,https://2lnr.com/routes/cdg-tun,flight-route mismatch
CDG,VIE,AF4140,120,https://2lnr.com/routes/cdg-vie,flight-route mismatch
CDG,VIE,OS362,115,https://2lnr.com/routes/cdg-vie,flight-route mismatch
CDG,YYZ,AF358,495,https://2lnr.com/routes/cdg-yyz,flight-route mismatch
CDG,YYZ,AF358,495,https://2lnr.com/routes/cdg-yyz,flight-route mismatch
CDG,ZRH,AF1114,75,https://2lnr.com/routes/cdg-zrh,flight-route mismatch
CDG,ZRH,AF1114,75,https://2lnr.com/routes/cdg-zrh,flight-route mismatch
CEB,MNL,PR2836,80,https://2lnr.com/routes/ceb-mnl,no independent flight-route evidence
CEB,MNL,PR2846,85,https://2lnr.com/routes/ceb-mnl,no independent flight-route evidence
CEB,MNL,PR2850,85,https://2lnr.com/routes/ceb-mnl,no independent flight-route evidence
CEB,MNL,PR2852,80,https://2lnr.com/routes/ceb-mnl,no independent flight-route evidence
CEB,MNL,PR2854,85,https://2lnr.com/routes/ceb-mnl,no independent flight-route evidence
CEB,MNL,PR2860,80,https://2lnr.com/routes/ceb-mnl,no independent flight-route evidence
CEB,MNL,PR2862,80,https://2lnr.com/routes/ceb-mnl,no independent flight-route evidence
CEB,MNL,PR2864,80,https://2lnr.com/routes/ceb-mnl,no independent flight-route evidence
CEB,MNL,PR2868,80,https://2lnr.com/routes/ceb-mnl,no independent flight-route evidence
CEB,MNL,PR2880,80,https://2lnr.com/routes/ceb-mnl,no independent flight-route evidence
CGK,AMS,KL810,985,https://2lnr.com/routes/cgk-ams,nonadjacent airports in flight sequence
CGK,BKK,8B381,205,https://2lnr.com/routes/cgk-bkk,no independent flight-route evidence
CGK,JED,GA994,575,https://2lnr.com/routes/cgk-jed,no independent flight-route evidence
CGK,SUB,ID6711,90,https://2lnr.com/routes/cgk-sub,flight-route mismatch
CGK,SUB,ID6821,90,https://2lnr.com/routes/cgk-sub,flight-route mismatch
CGK,SUB,JT241,90,https://2lnr.com/routes/cgk-sub,flight-route mismatch
CGK,TFU,CA476,350,https://2lnr.com/routes/cgk-tfu,flight-route mismatch
CGO,DLC,CZ8828,105,https://2lnr.com/routes/cgo-dlc,flight-route mismatch
CGO,TFU,3U6736,125,https://2lnr.com/routes/cgo-tfu,flight-route mismatch
CGO,TFU,3U6736,125,https://2lnr.com/routes/cgo-tfu,flight-route mismatch
CGO,TFU,3U6738,145,https://2lnr.com/routes/cgo-tfu,flight-route mismatch
CGO,TFU,3U6738,145,https://2lnr.com/routes/cgo-tfu,flight-route mismatch
CGO,TFU,8L9688,135,https://2lnr.com/routes/cgo-tfu,flight-route mismatch
CGO,TFU,CA2696,140,https://2lnr.com/routes/cgo-tfu,flight-route mismatch
CGO,TFU,CA2774,135,https://2lnr.com/routes/cgo-tfu,flight-route mismatch
CGO,TFU,CA2774,135,https://2lnr.com/routes/cgo-tfu,flight-route mismatch
CGO,TFU,CA4178,130,https://2lnr.com/routes/cgo-tfu,flight-route mismatch
CGO,TFU,CA4178,120,https://2lnr.com/routes/cgo-tfu,flight-route mismatch
CGO,TFU,CA9560,135,https://2lnr.com/routes/cgo-tfu,flight-route mismatch
CGO,TFU,CZ3473,130,https://2lnr.com/routes/cgo-tfu,flight-route mismatch
CGO,TFU,CZ6471,135,https://2lnr.com/routes/cgo-tfu,flight-route mismatch
CGO,TFU,CZ6473,140,https://2lnr.com/routes/cgo-tfu,flight-route mismatch
CGO,TFU,EU1868,130,https://2lnr.com/routes/cgo-tfu,flight-route mismatch
CGO,TFU,EU1924,135,https://2lnr.com/routes/cgo-tfu,flight-route mismatch
CGO,TFU,QW6102,135,https://2lnr.com/routes/cgo-tfu,flight-route mismatch
CHC,WLG,NZ5326,65,https://2lnr.com/routes/chc-wlg,flight-route mismatch
CHC,WLG,NZ5328,65,https://2lnr.com/routes/chc-wlg,flight-route mismatch
CHC,WLG,NZ5350,65,https://2lnr.com/routes/chc-wlg,flight-route mismatch
CHC,WLG,NZ5352,65,https://2lnr.com/routes/chc-wlg,flight-route mismatch
CHC,WLG,NZ5356,65,https://2lnr.com/routes/chc-wlg,flight-route mismatch
CHC,WLG,NZ5360,65,https://2lnr.com/routes/chc-wlg,no independent flight-route evidence
CHC,WLG,NZ5362,65,https://2lnr.com/routes/chc-wlg,no independent flight-route evidence
CHC,WLG,NZ5370,65,https://2lnr.com/routes/chc-wlg,flight-route mismatch
CHC,WLG,NZ5374,65,https://2lnr.com/routes/chc-wlg,flight-route mismatch
CHC,WLG,NZ5380,65,https://2lnr.com/routes/chc-wlg,flight-route mismatch
CHC,WLG,NZ5382,65,https://2lnr.com/routes/chc-wlg,flight-route mismatch
CHC,WLG,NZ5386,65,https://2lnr.com/routes/chc-wlg,flight-route mismatch
CKG,BKK,OQ2381,200,https://2lnr.com/routes/ckg-bkk,flight-route mismatch
CKG,BKK,VZ3607,195,https://2lnr.com/routes/ckg-bkk,no independent flight-route evidence
CKG,NKG,PN6427,125,https://2lnr.com/routes/ckg-nkg,flight-route mismatch
CKG,SHA,SC7955,135,https://2lnr.com/routes/ckg-sha,flight-route mismatch
CKG,SIN,OQ2093,300,https://2lnr.com/routes/ckg-sin,flight-route mismatch
CKG,SIN,PN6425,275,https://2lnr.com/routes/ckg-sin,flight-route mismatch
CKG,XIY,GS7666,85,https://2lnr.com/routes/ckg-xiy,flight-route mismatch
CLT,ATH,AA342,625,https://2lnr.com/routes/clt-ath,flight-route mismatch
CLT,ATH,AA342,640,https://2lnr.com/routes/clt-ath,flight-route mismatch
CLT,ATH,AA342,620,https://2lnr.com/routes/clt-ath,flight-route mismatch
CLT,ATH,AA342,635,https://2lnr.com/routes/clt-ath,flight-route mismatch
CLT,ATL,AA5063,89,https://2lnr.com/routes/clt-atl,no independent flight-route evidence
CLT,ATL,AA5067,81,https://2lnr.com/routes/clt-atl,flight-route mismatch
CLT,ATL,AA5067,84,https://2lnr.com/routes/clt-atl,flight-route mismatch
CLT,ATL,AA5175,81,https://2lnr.com/routes/clt-atl,no independent flight-route evidence
CLT,ATL,AA5175,80,https://2lnr.com/routes/clt-atl,no independent flight-route evidence
CLT,ATL,AA5207,83,https://2lnr.com/routes/clt-atl,no independent flight-route evidence
CLT,ATL,AA5207,87,https://2lnr.com/routes/clt-atl,no independent flight-route evidence
CLT,ATL,AA5269,81,https://2lnr.com/routes/clt-atl,no independent flight-route evidence
CLT,ATL,AA5498,80,https://2lnr.com/routes/clt-atl,no independent flight-route evidence
CLT,ATL,AA5552,85,https://2lnr.com/routes/clt-atl,no independent flight-route evidence
CLT,ATL,DL2132,79,https://2lnr.com/routes/clt-atl,flight-route mismatch
CLT,BOS,AA1094,131,https://2lnr.com/routes/clt-bos,flight-route mismatch
CLT,BOS,AA1143,146,https://2lnr.com/routes/clt-bos,flight-route mismatch
CLT,BOS,AA1809,148,https://2lnr.com/routes/clt-bos,flight-route mismatch
CLT,BOS,AA1901,146,https://2lnr.com/routes/clt-bos,flight-route mismatch
CLT,BOS,AA2528,138,https://2lnr.com/routes/clt-bos,flight-route mismatch
CLT,BOS,AA2618,148,https://2lnr.com/routes/clt-bos,flight-route mismatch
CLT,BOS,DL5626,150,https://2lnr.com/routes/clt-bos,no independent flight-route evidence
CLT,BOS,DL5626,135,https://2lnr.com/routes/clt-bos,no independent flight-route evidence
CLT,BOS,DL5626,145,https://2lnr.com/routes/clt-bos,no independent flight-route evidence
CLT,BOS,DL5630,149,https://2lnr.com/routes/clt-bos,no independent flight-route evidence
CLT,BOS,DL5630,155,https://2lnr.com/routes/clt-bos,no independent flight-route evidence
CLT,BOS,DL5648,141,https://2lnr.com/routes/clt-bos,no independent flight-route evidence
CLT,BOS,DL5648,142,https://2lnr.com/routes/clt-bos,no independent flight-route evidence
CLT,BOS,DL5648,144,https://2lnr.com/routes/clt-bos,no independent flight-route evidence
CLT,BOS,DL5837,155,https://2lnr.com/routes/clt-bos,no independent flight-route evidence
CLT,DEN,AA1284,229,https://2lnr.com/routes/clt-den,flight-route mismatch
CLT,DEN,AA1284,218,https://2lnr.com/routes/clt-den,flight-route mismatch
CLT,DEN,AA1410,226,https://2lnr.com/routes/clt-den,flight-route mismatch
CLT,DEN,AA1659,213,https://2lnr.com/routes/clt-den,flight-route mismatch
CLT,DEN,AA2174,222,https://2lnr.com/routes/clt-den,flight-route mismatch
CLT,DEN,AA2859,216,https://2lnr.com/routes/clt-den,flight-route mismatch
CLT,DEN,UA792,225,https://2lnr.com/routes/clt-den,flight-route mismatch
CLT,DFW,AA1555,182,https://2lnr.com/routes/clt-dfw,flight-route mismatch
CLT,DFW,AA1630,183,https://2lnr.com/routes/clt-dfw,flight-route mismatch
CLT,DFW,AA1696,182,https://2lnr.com/routes/clt-dfw,flight-route mismatch
CLT,DFW,AA2302,184,https://2lnr.com/routes/clt-dfw,flight-route mismatch
CLT,DFW,AA2556,184,https://2lnr.com/routes/clt-dfw,flight-route mismatch
CLT,DFW,AA2795,183,https://2lnr.com/routes/clt-dfw,flight-route mismatch
CLT,DFW,AA625,180,https://2lnr.com/routes/clt-dfw,flight-route mismatch
CLT,DTW,AA1443,110,https://2lnr.com/routes/clt-dtw,flight-route mismatch
CLT,DTW,AA1897,109,https://2lnr.com/routes/clt-dtw,flight-route mismatch
CLT,DTW,AA2988,110,https://2lnr.com/routes/clt-dtw,flight-route mismatch
CLT,EWR,AA2415,124,https://2lnr.com/routes/clt-ewr,flight-route mismatch
CLT,EWR,AA2415,116,https://2lnr.com/routes/clt-ewr,flight-route mismatch
CLT,EWR,UA3427,126,https://2lnr.com/routes/clt-ewr,flight-route mismatch
CLT,EWR,UA3428,126,https://2lnr.com/routes/clt-ewr,flight-route mismatch
CLT,EWR,UA3468,127,https://2lnr.com/routes/clt-ewr,flight-route mismatch
CLT,EWR,UA3627,126,https://2lnr.com/routes/clt-ewr,no independent flight-route evidence
CLT,EWR,UA3649,126,https://2lnr.com/routes/clt-ewr,no independent flight-route evidence
CLT,FLL,AA1451,117,https://2lnr.com/routes/clt-fll,flight-route mismatch
CLT,FLL,AA1451,120,https://2lnr.com/routes/clt-fll,flight-route mismatch
CLT,FLL,AA1465,124,https://2lnr.com/routes/clt-fll,flight-route mismatch
CLT,FLL,AA1465,122,https://2lnr.com/routes/clt-fll,flight-route mismatch
CLT,FLL,AA1484,122,https://2lnr.com/routes/clt-fll,flight-route mismatch
CLT,FLL,AA2354,121,https://2lnr.com/routes/clt-fll,flight-route mismatch
CLT,FLL,AA2587,120,https://2lnr.com/routes/clt-fll,flight-route mismatch
CLT,FLL,AA2933,121,https://2lnr.com/routes/clt-fll,flight-route mismatch
CLT,FLL,AA3022,121,https://2lnr.com/routes/clt-fll,flight-route mismatch
CLT,IAD,AA3238,84,https://2lnr.com/routes/clt-iad,flight-route mismatch
CLT,IAD,AA3238,86,https://2lnr.com/routes/clt-iad,flight-route mismatch
CLT,IAD,AA5077,88,https://2lnr.com/routes/clt-iad,flight-route mismatch
CLT,IAD,AA5154,94,https://2lnr.com/routes/clt-iad,no independent flight-route evidence
CLT,IAD,AA5154,91,https://2lnr.com/routes/clt-iad,no independent flight-route evidence
CLT,IAD,AA5222,90,https://2lnr.com/routes/clt-iad,no independent flight-route evidence
CLT,IAD,AA5447,94,https://2lnr.com/routes/clt-iad,no independent flight-route evidence
CLT,IAD,AA5447,90,https://2lnr.com/routes/clt-iad,no independent flight-route evidence
CLT,IAD,AA5490,92,https://2lnr.com/routes/clt-iad,no independent flight-route evidence
CLT,IAD,AA5490,90,https://2lnr.com/routes/clt-iad,no independent flight-route evidence
CLT,IAD,UA1613,86,https://2lnr.com/routes/clt-iad,flight-route mismatch
CLT,IAD,UA3998,90,https://2lnr.com/routes/clt-iad,flight-route mismatch
CLT,IAD,UA434,82,https://2lnr.com/routes/clt-iad,flight-route mismatch
CLT,IAD,UA6132,90,https://2lnr.com/routes/clt-iad,flight-route mismatch
CLT,IAD,UA6203,90,https://2lnr.com/routes/clt-iad,flight-route mismatch
CLT,IAD,UA6279,94,https://2lnr.com/routes/clt-iad,flight-route mismatch
CLT,IAD,UA6279,89,https://2lnr.com/routes/clt-iad,flight-route mismatch
CLT,IAH,AA2088,167,https://2lnr.com/routes/clt-iah,flight-route mismatch
CLT,IAH,AA2364,171,https://2lnr.com/routes/clt-iah,flight-route mismatch
CLT,IAH,UA3984,171,https://2lnr.com/routes/clt-iah,flight-route mismatch
CLT,IAH,UA4020,171,https://2lnr.com/routes/clt-iah,flight-route mismatch
CLT,IAH,UA6236,171,https://2lnr.com/routes/clt-iah,flight-route mismatch
CLT,JFK,AA1221,116,https://2lnr.com/routes/clt-jfk,flight-route mismatch
CLT,JFK,AA2024,118,https://2lnr.com/routes/clt-jfk,flight-route mismatch
CLT,JFK,AA2278,119,https://2lnr.com/routes/clt-jfk,flight-route mismatch
CLT,JFK,AA3313,116,https://2lnr.com/routes/clt-jfk,flight-route mismatch
CLT,JFK,DL5049,127,https://2lnr.com/routes/clt-jfk,no independent flight-route evidence
CLT,JFK,DL5052,109,https://2lnr.com/routes/clt-jfk,no independent flight-route evidence
CLT,JFK,DL5052,115,https://2lnr.com/routes/clt-jfk,no independent flight-route evidence
CLT,JFK,DL5067,129,https://2lnr.com/routes/clt-jfk,no independent flight-route evidence
CLT,JFK,DL5079,113,https://2lnr.com/routes/clt-jfk,no independent flight-route evidence
CLT,JFK,DL5079,117,https://2lnr.com/routes/clt-jfk,no independent flight-route evidence
CLT,JFK,DL5688,126,https://2lnr.com/routes/clt-jfk,no independent flight-route evidence
CLT,LAS,AA1596,296,https://2lnr.com/routes/clt-las,flight-route mismatch
CLT,LAS,AA2199,296,https://2lnr.com/routes/clt-las,flight-route mismatch
CLT,LAX,AA2001,321,https://2lnr.com/routes/clt-lax,flight-route mismatch
CLT,MCO,AA1459,105,https://2lnr.com/routes/clt-mco,flight-route mismatch
CLT,MCO,AA2877,106,https://2lnr.com/routes/clt-mco,flight-route mismatch
CLT,MCO,AA3064,105,https://2lnr.com/routes/clt-mco,flight-route mismatch
CLT,MCO,AA936,110,https://2lnr.com/routes/clt-mco,flight-route mismatch
CLT,MIA,AA2187,126,https://2lnr.com/routes/clt-mia,flight-route mismatch
CLT,MIA,AA2428,127,https://2lnr.com/routes/clt-mia,flight-route mismatch
CLT,MIA,AA2594,127,https://2lnr.com/routes/clt-mia,flight-route mismatch
CLT,MIA,AA2768,127,https://2lnr.com/routes/clt-mia,flight-route mismatch
CLT,MSP,AA1737,168,https://2lnr.com/routes/clt-msp,flight-route mismatch
CLT,MSP,AA2140,161,https://2lnr.com/routes/clt-msp,flight-route mismatch
CLT,MSP,AA2140,167,https://2lnr.com/routes/clt-msp,flight-route mismatch
CLT,MSP,AA2140,164,https://2lnr.com/routes/clt-msp,flight-route mismatch
CLT,MSP,DL705,166,https://2lnr.com/routes/clt-msp,flight-route mismatch
CLT,ORD,AA2534,142,https://2lnr.com/routes/clt-ord,flight-route mismatch
CLT,ORD,UA3421,149,https://2lnr.com/routes/clt-ord,flight-route mismatch
CLT,ORD,UA3442,145,https://2lnr.com/routes/clt-ord,flight-route mismatch
CLT,ORD,UA3491,145,https://2lnr.com/routes/clt-ord,flight-route mismatch
CLT,ORD,UA5654,145,https://2lnr.com/routes/clt-ord,flight-route mismatch
CLT,PDX,AA3108,339,https://2lnr.com/routes/clt-pdx,flight-route mismatch
CLT,PHL,AA5118,105,https://2lnr.com/routes/clt-phl,no independent flight-route evidence
CLT,PHX,AA1617,277,https://2lnr.com/routes/clt-phx,flight-route mismatch
CLT,PHX,AA2613,273,https://2lnr.com/routes/clt-phx,flight-route mismatch
CLT,PUJ,AA1537,216,https://2lnr.com/routes/clt-puj,flight-route mismatch
CLT,PUJ,AA3057,216,https://2lnr.com/routes/clt-puj,flight-route mismatch
CLT,SAN,AA1913,311,https://2lnr.com/routes/clt-san,flight-route mismatch
CLT,SAN,AA2227,313,https://2lnr.com/routes/clt-san,flight-route mismatch
CLT,SAN,AA465,296,https://2lnr.com/routes/clt-san,flight-route mismatch
CLT,SAN,AA860,301,https://2lnr.com/routes/clt-san,flight-route mismatch
CLT,SAN,AA860,311,https://2lnr.com/routes/clt-san,flight-route mismatch
CLT,SEA,AA1920,351,https://2lnr.com/routes/clt-sea,flight-route mismatch
CLT,SEA,AA854,347,https://2lnr.com/routes/clt-sea,flight-route mismatch
CLT,SFO,AA2412,346,https://2lnr.com/routes/clt-sfo,flight-route mismatch
CLT,SFO,AA398,340,https://2lnr.com/routes/clt-sfo,flight-route mismatch
CLT,SJU,AA3187,224,https://2lnr.com/routes/clt-sju,flight-route mismatch
CLT,SLC,AA2563,275,https://2lnr.com/routes/clt-slc,flight-route mismatch
CLT,TPA,AA1037,103,https://2lnr.com/routes/clt-tpa,flight-route mismatch
CLT,TPA,AA1974,106,https://2lnr.com/routes/clt-tpa,flight-route mismatch
CLT,TPA,AA2113,106,https://2lnr.com/routes/clt-tpa,flight-route mismatch
CLT,TPA,AA2515,106,https://2lnr.com/routes/clt-tpa,flight-route mismatch
CLT,TPA,AA2710,108,https://2lnr.com/routes/clt-tpa,flight-route mismatch
CLT,TPA,AA2753,106,https://2lnr.com/routes/clt-tpa,flight-route mismatch
CLT,TPA,AA2753,104,https://2lnr.com/routes/clt-tpa,flight-route mismatch
CLT,TPA,AA2753,106,https://2lnr.com/routes/clt-tpa,flight-route mismatch
CLT,TPA,AA649,106,https://2lnr.com/routes/clt-tpa,flight-route mismatch
CLT,YUL,AA5137,152,https://2lnr.com/routes/clt-yul,no independent flight-route evidence
CLT,YUL,AA5137,154,https://2lnr.com/routes/clt-yul,no independent flight-route evidence
CLT,YUL,AA5350,151,https://2lnr.com/routes/clt-yul,flight-route mismatch
CLT,YUL,AA5350,150,https://2lnr.com/routes/clt-yul,flight-route mismatch
CLT,YVR,AA1817,348,https://2lnr.com/routes/clt-yvr,flight-route mismatch
CLT,YYC,UA720,453,https://2lnr.com/routes/clt-yyc,flight-route mismatch
CLT,YYZ,AA5020,129,https://2lnr.com/routes/clt-yyz,flight-route mismatch
CLT,YYZ,AA5020,131,https://2lnr.com/routes/clt-yyz,flight-route mismatch
CLT,YYZ,AA5020,130,https://2lnr.com/routes/clt-yyz,flight-route mismatch
CLT,YYZ,AA5030,126,https://2lnr.com/routes/clt-yyz,flight-route mismatch
CLT,YYZ,AA5030,128,https://2lnr.com/routes/clt-yyz,flight-route mismatch
CLT,YYZ,AA5030,130,https://2lnr.com/routes/clt-yyz,flight-route mismatch
CLT,YYZ,AA5045,128,https://2lnr.com/routes/clt-yyz,flight-route mismatch
CLT,YYZ,AA5045,132,https://2lnr.com/routes/clt-yyz,flight-route mismatch
CLT,YYZ,AA5045,130,https://2lnr.com/routes/clt-yyz,flight-route mismatch
CLT,YYZ,AC8746,111,https://2lnr.com/routes/clt-yyz,flight-route mismatch
CLT,YYZ,AC8748,111,https://2lnr.com/routes/clt-yyz,flight-route mismatch
CMB,AMD,8D961,190,https://2lnr.com/routes/cmb-amd,no independent flight-route evidence
CMB,AMD,8D963,190,https://2lnr.com/routes/cmb-amd,no independent flight-route evidence
CMB,DAC,8D911,195,https://2lnr.com/routes/cmb-dac,flight-route mismatch
CMB,DAC,UL189,195,https://2lnr.com/routes/cmb-dac,flight-route mismatch
CMB,DAC,UL189,195,https://2lnr.com/routes/cmb-dac,flight-route mismatch
CMB,DAC,UL189,195,https://2lnr.com/routes/cmb-dac,flight-route mismatch
CMB,DOH,QR655,290,https://2lnr.com/routes/cmb-doh,flight-route mismatch
CMB,DOH,QR655,290,https://2lnr.com/routes/cmb-doh,flight-route mismatch
CMB,DOH,QR655,270,https://2lnr.com/routes/cmb-doh,flight-route mismatch
CMB,DOH,QR659,290,https://2lnr.com/routes/cmb-doh,no independent flight-route evidence
CMB,IST,TK1131,510,https://2lnr.com/routes/cmb-ist,flight-route mismatch
CMB,IST,TK731,510,https://2lnr.com/routes/cmb-ist,nonadjacent airports in flight sequence
CMB,IST,TK731,510,https://2lnr.com/routes/cmb-ist,nonadjacent airports in flight sequence
CMB,KUL,MH496,225,https://2lnr.com/routes/cmb-kul,no independent flight-route evidence
CMB,KWI,KU364,335,https://2lnr.com/routes/cmb-kwi,no independent flight-route evidence
CMB,KWI,UL229,330,https://2lnr.com/routes/cmb-kwi,flight-route mismatch
CMB,KWI,UL229,325,https://2lnr.com/routes/cmb-kwi,flight-route mismatch
CMB,LHE,W21855,250,https://2lnr.com/routes/cmb-lhe,no independent flight-route evidence
CMB,MAA,6E1180,75,https://2lnr.com/routes/cmb-maa,no independent flight-route evidence
CMB,MCT,OV440,250,https://2lnr.com/routes/cmb-mct,no independent flight-route evidence
CMB,MEL,JQ6,580,https://2lnr.com/routes/cmb-mel,flight-route mismatch
CMB,MEL,UL608,590,https://2lnr.com/routes/cmb-mel,flight-route mismatch
CMB,MLE,8D921,94,https://2lnr.com/routes/cmb-mle,no independent flight-route evidence
CMB,MLE,8D923,95,https://2lnr.com/routes/cmb-mle,no independent flight-route evidence
CMB,MLE,8D923,90,https://2lnr.com/routes/cmb-mle,no independent flight-route evidence
CMB,SGN,VJ1876,325,https://2lnr.com/routes/cmb-sgn,no independent flight-route evidence
CMB,SGN,VN670,310,https://2lnr.com/routes/cmb-sgn,no independent flight-route evidence
CMB,TFU,CA426,335,https://2lnr.com/routes/cmb-tfu,flight-route mismatch
CMN,ABJ,AT535,265,https://2lnr.com/routes/cmn-abj,no independent flight-route evidence
CMN,ABJ,AT535,265,https://2lnr.com/routes/cmn-abj,no independent flight-route evidence
CMN,ABJ,AT535,325,https://2lnr.com/routes/cmn-abj,no independent flight-route evidence
CMN,AUH,EY758,380,https://2lnr.com/routes/cmn-auh,no independent flight-route evidence
CMN,AUH,EY758,440,https://2lnr.com/routes/cmn-auh,no independent flight-route evidence
CMN,BCN,AT964,185,https://2lnr.com/routes/cmn-bcn,no independent flight-route evidence
CMN,BCN,AT964,185,https://2lnr.com/routes/cmn-bcn,no independent flight-route evidence
CMN,BCN,AT964,125,https://2lnr.com/routes/cmn-bcn,no independent flight-route evidence
CMN,BCN,AT964,125,https://2lnr.com/routes/cmn-bcn,no independent flight-route evidence
CMN,BRU,TB2536,225,https://2lnr.com/routes/cmn-bru,flight-route mismatch
CMN,CDG,AF1297,185,https://2lnr.com/routes/cmn-cdg,flight-route mismatch
CMN,CDG,AT778,235,https://2lnr.com/routes/cmn-cdg,flight-route mismatch
CMN,FIH,AT283,465,https://2lnr.com/routes/cmn-fih,no independent flight-route evidence
CMN,IST,TK618,280,https://2lnr.com/routes/cmn-ist,flight-route mismatch
CMN,IST,TK618,280,https://2lnr.com/routes/cmn-ist,flight-route mismatch
CMN,IST,TK618,340,https://2lnr.com/routes/cmn-ist,flight-route mismatch
CMN,KWI,KU124,425,https://2lnr.com/routes/cmn-kwi,flight-route mismatch
CMN,KWI,KU124,485,https://2lnr.com/routes/cmn-kwi,flight-route mismatch
CMN,LED,AT240,335,https://2lnr.com/routes/cmn-led,no independent flight-route evidence
CMN,LED,AT240,395,https://2lnr.com/routes/cmn-led,no independent flight-route evidence
CMN,LIS,AT980,80,https://2lnr.com/routes/cmn-lis,no independent flight-route evidence
CMN,LIS,AT980,140,https://2lnr.com/routes/cmn-lis,no independent flight-route evidence
CMN,LOS,AT557,280,https://2lnr.com/routes/cmn-los,flight-route mismatch
CMN,MAD,IB1356,170,https://2lnr.com/routes/cmn-mad,no independent flight-route evidence
CMN,MAD,IB1358,165,https://2lnr.com/routes/cmn-mad,no independent flight-route evidence
CMN,MIA,AT204,585,https://2lnr.com/routes/cmn-mia,flight-route mismatch
CMN,MIA,AT204,525,https://2lnr.com/routes/cmn-mia,flight-route mismatch
CMN,SVO,AT222,365,https://2lnr.com/routes/cmn-svo,flight-route mismatch
CMN,YYZ,AT210,505,https://2lnr.com/routes/cmn-yyz,flight-route mismatch
CNF,BSB,LA3721,85,https://2lnr.com/routes/cnf-bsb,no independent flight-route evidence
CNF,BSB,LA3723,85,https://2lnr.com/routes/cnf-bsb,no independent flight-route evidence
CNF,BSB,LA3725,85,https://2lnr.com/routes/cnf-bsb,no independent flight-route evidence
CNF,BSB,LA3884,85,https://2lnr.com/routes/cnf-bsb,no independent flight-route evidence
CNF,BSB,LA3884,85,https://2lnr.com/routes/cnf-bsb,no independent flight-route evidence
CNF,EZE,G37214,200,https://2lnr.com/routes/cnf-eze,no independent flight-route evidence
CNF,FOR,AD2580,165,https://2lnr.com/routes/cnf-for,no independent flight-route evidence
CNF,FOR,LA4508,170,https://2lnr.com/routes/cnf-for,no independent flight-route evidence
CNF,FOR,LA4508,170,https://2lnr.com/routes/cnf-for,no independent flight-route evidence
CNF,GIG,AD2899,65,https://2lnr.com/routes/cnf-gig,no independent flight-route evidence
CNF,GIG,AD4436,65,https://2lnr.com/routes/cnf-gig,flight-route mismatch
CNF,GIG,G39002,65,https://2lnr.com/routes/cnf-gig,flight-route mismatch
CNF,GRU,AD2824,80,https://2lnr.com/routes/cnf-gru,flight-route mismatch
CNF,GRU,LA3309,75,https://2lnr.com/routes/cnf-gru,no independent flight-route evidence
CNF,GRU,LA3553,80,https://2lnr.com/routes/cnf-gru,no independent flight-route evidence
CNF,GRU,LA3555,85,https://2lnr.com/routes/cnf-gru,no independent flight-route evidence
CNF,GRU,LA3555,80,https://2lnr.com/routes/cnf-gru,no independent flight-route evidence
CNF,GRU,LA3557,80,https://2lnr.com/routes/cnf-gru,no independent flight-route evidence
CNF,GRU,LA3557,85,https://2lnr.com/routes/cnf-gru,no independent flight-route evidence
CNF,GRU,LA3561,75,https://2lnr.com/routes/cnf-gru,no independent flight-route evidence
CNF,GRU,LA3561,85,https://2lnr.com/routes/cnf-gru,no independent flight-route evidence
CNF,GRU,LA3561,80,https://2lnr.com/routes/cnf-gru,no independent flight-route evidence
CNF,GRU,LA4712,85,https://2lnr.com/routes/cnf-gru,no independent flight-route evidence
CNF,GRU,LA4712,85,https://2lnr.com/routes/cnf-gru,no independent flight-route evidence
CNF,SSA,AD4248,155,https://2lnr.com/routes/cnf-ssa,flight-route mismatch
CNF,SSA,AD4295,170,https://2lnr.com/routes/cnf-ssa,flight-route mismatch
CNX,KMG,MU7604,100,https://2lnr.com/routes/cnx-kmg,flight-route mismatch
CNX,KMG,MU7604,110,https://2lnr.com/routes/cnx-kmg,flight-route mismatch
COK,BLR,6E302,75,https://2lnr.com/routes/cok-blr,flight-route mismatch
COK,BLR,6E7006,90,https://2lnr.com/routes/cok-blr,nonadjacent airports in flight sequence
COK,BOM,6E436,125,https://2lnr.com/routes/cok-bom,flight-route mismatch
COK,BOM,6E6702,120,https://2lnr.com/routes/cok-bom,flight-route mismatch
COK,BOM,IX1798,145,https://2lnr.com/routes/cok-bom,no independent flight-route evidence
COK,DEL,6E6232,195,https://2lnr.com/routes/cok-del,flight-route mismatch
COK,KWI,6E1237,300,https://2lnr.com/routes/cok-kwi,flight-route mismatch
COK,KWI,IX493,310,https://2lnr.com/routes/cok-kwi,flight-route mismatch
COK,KWI,KU352,300,https://2lnr.com/routes/cok-kwi,flight-route mismatch
COK,KWI,KU352,300,https://2lnr.com/routes/cok-kwi,flight-route mismatch
COK,KWI,KU358,310,https://2lnr.com/routes/cok-kwi,flight-route mismatch
COK,KWI,KU358,310,https://2lnr.com/routes/cok-kwi,flight-route mismatch
CPH,AUH,EY178,375,https://2lnr.com/routes/cph-auh,no independent flight-route evidence
CPH,BCN,FR1280,174,https://2lnr.com/routes/cph-bcn,flight-route mismatch
CPH,BER,D83300,60,https://2lnr.com/routes/cph-ber,flight-route mismatch
CPH,BER,D83302,60,https://2lnr.com/routes/cph-ber,flight-route mismatch
CPH,BER,D83302,60,https://2lnr.com/routes/cph-ber,flight-route mismatch
CPH,BER,D83304,60,https://2lnr.com/routes/cph-ber,flight-route mismatch
CPH,BER,SK1673,65,https://2lnr.com/routes/cph-ber,flight-route mismatch
CPH,BER,SK1677,60,https://2lnr.com/routes/cph-ber,flight-route mismatch
CPH,BER,SK1679,60,https://2lnr.com/routes/cph-ber,flight-route mismatch
CPH,BER,SK1679,60,https://2lnr.com/routes/cph-ber,flight-route mismatch
CPH,BER,SK1679,60,https://2lnr.com/routes/cph-ber,flight-route mismatch
CPH,BER,SK679,60,https://2lnr.com/routes/cph-ber,flight-route mismatch
CPH,BER,U25262,65,https://2lnr.com/routes/cph-ber,flight-route mismatch
CPH,BER,U25268,65,https://2lnr.com/routes/cph-ber,flight-route mismatch
CPH,BOM,SK969,530,https://2lnr.com/routes/cph-bom,no independent flight-route evidence
CPH,CDG,D83638,120,https://2lnr.com/routes/cph-cdg,no independent flight-route evidence
CPH,CDG,D83638,120,https://2lnr.com/routes/cph-cdg,no independent flight-route evidence
CPH,CDG,SK563,125,https://2lnr.com/routes/cph-cdg,no independent flight-route evidence
CPH,CDG,SK563,125,https://2lnr.com/routes/cph-cdg,no independent flight-route evidence
CPH,CDG,SK563,125,https://2lnr.com/routes/cph-cdg,no independent flight-route evidence
CPH,DXB,EK154,380,https://2lnr.com/routes/cph-dxb,no independent flight-route evidence
CPH,EDI,RK6925,119,https://2lnr.com/routes/cph-edi,flight-route mismatch
CPH,EDI,U23324,125,https://2lnr.com/routes/cph-edi,flight-route mismatch
CPH,FCO,FR406,155,https://2lnr.com/routes/cph-fco,flight-route mismatch
CPH,GVA,U21540,120,https://2lnr.com/routes/cph-gva,no independent flight-route evidence
CPH,HEL,AY952,90,https://2lnr.com/routes/cph-hel,flight-route mismatch
CPH,HEL,AY952,90,https://2lnr.com/routes/cph-hel,flight-route mismatch
CPH,HEL,AY952,90,https://2lnr.com/routes/cph-hel,flight-route mismatch
CPH,HEL,AY954,90,https://2lnr.com/routes/cph-hel,no independent flight-route evidence
CPH,HEL,AY954,90,https://2lnr.com/routes/cph-hel,no independent flight-route evidence
CPH,HEL,AY956,95,https://2lnr.com/routes/cph-hel,flight-route mismatch
CPH,HEL,AY956,95,https://2lnr.com/routes/cph-hel,flight-route mismatch
CPH,HEL,AY956,95,https://2lnr.com/routes/cph-hel,flight-route mismatch
CPH,HEL,AY962,95,https://2lnr.com/routes/cph-hel,flight-route mismatch
CPH,HEL,AY962,95,https://2lnr.com/routes/cph-hel,flight-route mismatch
CPH,HEL,AY962,95,https://2lnr.com/routes/cph-hel,flight-route mismatch
CPH,IST,TK1784,200,https://2lnr.com/routes/cph-ist,flight-route mismatch
CPH,IST,TK1784,200,https://2lnr.com/routes/cph-ist,flight-route mismatch
CPH,IST,TK1786,195,https://2lnr.com/routes/cph-ist,flight-route mismatch
CPH,IST,TK1788,200,https://2lnr.com/routes/cph-ist,flight-route mismatch
CPH,KEF,OG901,200,https://2lnr.com/routes/cph-kef,no independent flight-route evidence
CPH,LGW,U28720,125,https://2lnr.com/routes/cph-lgw,flight-route mismatch
CPH,LGW,U28722,125,https://2lnr.com/routes/cph-lgw,flight-route mismatch
CPH,LGW,U28722,130,https://2lnr.com/routes/cph-lgw,flight-route mismatch
CPH,MAD,IB818,200,https://2lnr.com/routes/cph-mad,no independent flight-route evidence
CPH,MAD,IB864,190,https://2lnr.com/routes/cph-mad,no independent flight-route evidence
CPH,MAD,IB876,190,https://2lnr.com/routes/cph-mad,flight-route mismatch
CPH,MAN,FR6880,120,https://2lnr.com/routes/cph-man,no independent flight-route evidence
CPH,MAN,FR6880,120,https://2lnr.com/routes/cph-man,no independent flight-route evidence
CPH,MAN,U22238,120,https://2lnr.com/routes/cph-man,flight-route mismatch
CPH,MUC,VL2443,100,https://2lnr.com/routes/cph-muc,no independent flight-route evidence
CPH,MUC,VL2443,100,https://2lnr.com/routes/cph-muc,no independent flight-route evidence
CPH,MUC,VL2449,100,https://2lnr.com/routes/cph-muc,no independent flight-route evidence
CPH,VIE,FR9888,105,https://2lnr.com/routes/cph-vie,flight-route mismatch
CPH,VIE,OS992,100,https://2lnr.com/routes/cph-vie,no independent flight-route evidence
CPH,VIE,OS992,100,https://2lnr.com/routes/cph-vie,no independent flight-route evidence
CPH,VIE,OS996,100,https://2lnr.com/routes/cph-vie,no independent flight-route evidence
CPH,VIE,OS996,100,https://2lnr.com/routes/cph-vie,no independent flight-route evidence
CPH,VIE,OS998,100,https://2lnr.com/routes/cph-vie,no independent flight-route evidence
CPH,VIE,OS998,100,https://2lnr.com/routes/cph-vie,no independent flight-route evidence
CPH,WAW,W61368,85,https://2lnr.com/routes/cph-waw,flight-route mismatch
CPT,DAR,TC217,315,https://2lnr.com/routes/cpt-dar,no independent flight-route evidence
CPT,DUR,RN304,120,https://2lnr.com/routes/cpt-dur,no independent flight-route evidence
CPT,DUR,W22028,125,https://2lnr.com/routes/cpt-dur,no independent flight-route evidence
CPT,DUR,W22036,125,https://2lnr.com/routes/cpt-dur,no independent flight-route evidence
CPT,DUR,W22038,125,https://2lnr.com/routes/cpt-dur,no independent flight-route evidence
CPT,DUR,W22058,125,https://2lnr.com/routes/cpt-dur,no independent flight-route evidence
CPT,GRU,LA8061,540,https://2lnr.com/routes/cpt-gru,no independent flight-route evidence
CPT,HRE,4Z382,190,https://2lnr.com/routes/cpt-hre,flight-route mismatch
CPT,IST,TK45,660,https://2lnr.com/routes/cpt-ist,flight-route mismatch
CPT,JNB,4Z922,125,https://2lnr.com/routes/cpt-jnb,no independent flight-route evidence
CPT,JNB,4Z924,125,https://2lnr.com/routes/cpt-jnb,no independent flight-route evidence
CPT,JNB,4Z928,125,https://2lnr.com/routes/cpt-jnb,no independent flight-route evidence
CPT,JNB,4Z950,125,https://2lnr.com/routes/cpt-jnb,no independent flight-route evidence
CPT,JNB,GE142,120,https://2lnr.com/routes/cpt-jnb,no independent flight-route evidence
CPT,JNB,W22022,120,https://2lnr.com/routes/cpt-jnb,no independent flight-route evidence
CPT,JNB,W22024,120,https://2lnr.com/routes/cpt-jnb,no independent flight-route evidence
CPT,JNB,W22030,120,https://2lnr.com/routes/cpt-jnb,no independent flight-route evidence
CPT,JNB,W22032,120,https://2lnr.com/routes/cpt-jnb,no independent flight-route evidence
CPT,JNB,W22042,120,https://2lnr.com/routes/cpt-jnb,no independent flight-route evidence
CPT,WDH,4Z320,130,https://2lnr.com/routes/cpt-wdh,no independent flight-route evidence
CPT,WDH,4Z328,130,https://2lnr.com/routes/cpt-wdh,no independent flight-route evidence
CPT,WDH,FA814,125,https://2lnr.com/routes/cpt-wdh,no independent flight-route evidence
CSX,ICN,CZ5045,190,https://2lnr.com/routes/csx-icn,no independent flight-route evidence
CSX,ICN,CZ5045,195,https://2lnr.com/routes/csx-icn,no independent flight-route evidence
CSX,TFU,3U6742,120,https://2lnr.com/routes/csx-tfu,flight-route mismatch
CSX,TFU,3U6744,115,https://2lnr.com/routes/csx-tfu,flight-route mismatch
CSX,TFU,3U6744,120,https://2lnr.com/routes/csx-tfu,flight-route mismatch
CSX,TFU,3U6744,120,https://2lnr.com/routes/csx-tfu,flight-route mismatch
CSX,TFU,CA2654,115,https://2lnr.com/routes/csx-tfu,flight-route mismatch
CSX,TFU,CA2654,115,https://2lnr.com/routes/csx-tfu,flight-route mismatch
CSX,TFU,CA2654,110,https://2lnr.com/routes/csx-tfu,flight-route mismatch
CSX,TFU,CA4300,115,https://2lnr.com/routes/csx-tfu,flight-route mismatch
CSX,TFU,CA4300,115,https://2lnr.com/routes/csx-tfu,flight-route mismatch
CSX,TFU,CZ3461,125,https://2lnr.com/routes/csx-tfu,flight-route mismatch
CSX,TFU,CZ3807,135,https://2lnr.com/routes/csx-tfu,flight-route mismatch
CSX,TFU,CZ3807,135,https://2lnr.com/routes/csx-tfu,flight-route mismatch
CSX,TFU,CZ5133,120,https://2lnr.com/routes/csx-tfu,flight-route mismatch
CSX,TFU,CZ5815,125,https://2lnr.com/routes/csx-tfu,flight-route mismatch
CSX,TFU,CZ5815,120,https://2lnr.com/routes/csx-tfu,flight-route mismatch
CSX,TFU,CZ5975,115,https://2lnr.com/routes/csx-tfu,flight-route mismatch
CSX,TFU,EU1802,120,https://2lnr.com/routes/csx-tfu,flight-route mismatch
CSX,TFU,EU2261,120,https://2lnr.com/routes/csx-tfu,flight-route mismatch
CSX,TFU,EU2269,125,https://2lnr.com/routes/csx-tfu,flight-route mismatch
CSX,TFU,MF8625,115,https://2lnr.com/routes/csx-tfu,flight-route mismatch
CSX,TFU,QW6137,115,https://2lnr.com/routes/csx-tfu,flight-route mismatch
CTS,FUK,HD114,145,https://2lnr.com/routes/cts-fuk,flight-route mismatch
CTS,FUK,JH518,170,https://2lnr.com/routes/cts-fuk,no independent flight-route evidence
CTU,TPE,CI552,225,https://2lnr.com/routes/ctu-tpe,flight-route mismatch
CUN,BOS,DL626,267,https://2lnr.com/routes/cun-bos,flight-route mismatch
CUN,BOS,DL626,258,https://2lnr.com/routes/cun-bos,flight-route mismatch
CUN,GUA,AV651,100,https://2lnr.com/routes/cun-gua,no independent flight-route evidence
CUN,HAV,Q4312,125,https://2lnr.com/routes/cun-hav,no independent flight-route evidence
CUN,LIM,LA2457,310,https://2lnr.com/routes/cun-lim,no independent flight-route evidence
CUN,LIM,LA2459,315,https://2lnr.com/routes/cun-lim,no independent flight-route evidence
CUN,MAD,E9814,575,https://2lnr.com/routes/cun-mad,no independent flight-route evidence
CUN,MAD,E9814,575,https://2lnr.com/routes/cun-mad,no independent flight-route evidence
CUN,MIA,AA2577,105,https://2lnr.com/routes/cun-mia,flight-route mismatch
CUN,PHL,AA1971,232,https://2lnr.com/routes/cun-phl,flight-route mismatch
CUN,PUJ,DM4221,186,https://2lnr.com/routes/cun-puj,no independent flight-route evidence
CUN,SAL,AV435,105,https://2lnr.com/routes/cun-sal,no independent flight-route evidence
CUN,YUL,AC1883,260,https://2lnr.com/routes/cun-yul,flight-route mismatch
CUN,YUL,AC1883,260,https://2lnr.com/routes/cun-yul,flight-route mismatch
CUN,YVR,AC2129,385,https://2lnr.com/routes/cun-yvr,flight-route mismatch
CUN,YYZ,AC1811,240,https://2lnr.com/routes/cun-yyz,flight-route mismatch
CUN,YYZ,AC1813,240,https://2lnr.com/routes/cun-yyz,flight-route mismatch
CUN,YYZ,AC1813,240,https://2lnr.com/routes/cun-yyz,flight-route mismatch
CUN,YYZ,AC1813,240,https://2lnr.com/routes/cun-yyz,flight-route mismatch
CUN,YYZ,AC1815,240,https://2lnr.com/routes/cun-yyz,flight-route mismatch
DAC,ADD,ET681,450,https://2lnr.com/routes/dac-add,flight-route mismatch
DAC,AUH,3L64,310,https://2lnr.com/routes/dac-auh,flight-route mismatch
DAC,AUH,BG327,320,https://2lnr.com/routes/dac-auh,flight-route mismatch
DAC,AUH,BS349,335,https://2lnr.com/routes/dac-auh,flight-route mismatch
DAC,AUH,EY383,310,https://2lnr.com/routes/dac-auh,flight-route mismatch
DAC,BAH,GF249,335,https://2lnr.com/routes/dac-bah,flight-route mismatch
DAC,BAH,GF249,335,https://2lnr.com/routes/dac-bah,flight-route mismatch
DAC,BAH,GF251,335,https://2lnr.com/routes/dac-bah,flight-route mismatch
DAC,BAH,GF251,335,https://2lnr.com/routes/dac-bah,flight-route mismatch
DAC,BKK,BG388,165,https://2lnr.com/routes/dac-bkk,flight-route mismatch
DAC,BKK,BG388,165,https://2lnr.com/routes/dac-bkk,flight-route mismatch
DAC,BKK,BG388,165,https://2lnr.com/routes/dac-bkk,flight-route mismatch
DAC,BKK,BS217,160,https://2lnr.com/routes/dac-bkk,flight-route mismatch
DAC,BKK,TG322,145,https://2lnr.com/routes/dac-bkk,flight-route mismatch
DAC,BKK,TG340,150,https://2lnr.com/routes/dac-bkk,flight-route mismatch
DAC,BOM,6E1116,210,https://2lnr.com/routes/dac-bom,flight-route mismatch
DAC,BOM,AI2184,200,https://2lnr.com/routes/dac-bom,flight-route mismatch
DAC,CAI,MS971,460,https://2lnr.com/routes/dac-cai,flight-route mismatch
DAC,CAN,BG366,225,https://2lnr.com/routes/dac-can,flight-route mismatch
DAC,CAN,BG366,220,https://2lnr.com/routes/dac-can,flight-route mismatch
DAC,CAN,BS325,230,https://2lnr.com/routes/dac-can,flight-route mismatch
DAC,CAN,BS325,215,https://2lnr.com/routes/dac-can,flight-route mismatch
DAC,CAN,CZ392,235,https://2lnr.com/routes/dac-can,flight-route mismatch
DAC,CAN,CZ5016,230,https://2lnr.com/routes/dac-can,flight-route mismatch
DAC,CCU,6E1106,65,https://2lnr.com/routes/dac-ccu,flight-route mismatch
DAC,CCU,BG391,60,https://2lnr.com/routes/dac-ccu,flight-route mismatch
DAC,CCU,BG395,60,https://2lnr.com/routes/dac-ccu,flight-route mismatch
DAC,CCU,BS201,60,https://2lnr.com/routes/dac-ccu,flight-route mismatch
DAC,CMB,8D912,205,https://2lnr.com/routes/dac-cmb,flight-route mismatch
DAC,CMB,UL190,195,https://2lnr.com/routes/dac-cmb,flight-route mismatch
DAC,CMB,UL190,195,https://2lnr.com/routes/dac-cmb,flight-route mismatch
DAC,CMB,UL190,195,https://2lnr.com/routes/dac-cmb,flight-route mismatch
DAC,DEL,6E1104,160,https://2lnr.com/routes/dac-del,flight-route mismatch
DAC,DEL,AI238,155,https://2lnr.com/routes/dac-del,flight-route mismatch
DAC,DEL,BG397,165,https://2lnr.com/routes/dac-del,flight-route mismatch
DAC,DMM,BG349,340,https://2lnr.com/routes/dac-dmm,flight-route mismatch
DAC,DMM,BG449,365,https://2lnr.com/routes/dac-dmm,no independent flight-route evidence
DAC,DOH,BG325,330,https://2lnr.com/routes/dac-doh,flight-route mismatch
DAC,DOH,BS333,305,https://2lnr.com/routes/dac-doh,flight-route mismatch
DAC,DOH,QR639,340,https://2lnr.com/routes/dac-doh,flight-route mismatch
DAC,DOH,QR639,310,https://2lnr.com/routes/dac-doh,flight-route mismatch
DAC,DOH,QR641,340,https://2lnr.com/routes/dac-doh,flight-route mismatch
DAC,DOH,QR643,340,https://2lnr.com/routes/dac-doh,flight-route mismatch
DAC,DOH,QR643,310,https://2lnr.com/routes/dac-doh,flight-route mismatch
DAC,DXB,BG347,305,https://2lnr.com/routes/dac-dxb,flight-route mismatch
DAC,DXB,BS341,290,https://2lnr.com/routes/dac-dxb,flight-route mismatch
DAC,DXB,BS341,300,https://2lnr.com/routes/dac-dxb,flight-route mismatch
DAC,DXB,BS343,295,https://2lnr.com/routes/dac-dxb,flight-route mismatch
DAC,DXB,EK583,300,https://2lnr.com/routes/dac-dxb,flight-route mismatch
DAC,DXB,EK585,290,https://2lnr.com/routes/dac-dxb,flight-route mismatch
DAC,DXB,EK585,290,https://2lnr.com/routes/dac-dxb,flight-route mismatch
DAC,DXB,EK587,300,https://2lnr.com/routes/dac-dxb,flight-route mismatch
DAC,DXB,FZ502,305,https://2lnr.com/routes/dac-dxb,flight-route mismatch
DAC,DXB,FZ504,305,https://2lnr.com/routes/dac-dxb,no independent flight-route evidence
DAC,DXB,FZ524,305,https://2lnr.com/routes/dac-dxb,flight-route mismatch
DAC,FCO,BG355,600,https://2lnr.com/routes/dac-fco,flight-route mismatch
DAC,HKG,CX662,240,https://2lnr.com/routes/dac-hkg,flight-route mismatch
DAC,HYD,6E1118,155,https://2lnr.com/routes/dac-hyd,flight-route mismatch
DAC,IST,TK713,525,https://2lnr.com/routes/dac-ist,flight-route mismatch
DAC,IST,TK713,535,https://2lnr.com/routes/dac-ist,flight-route mismatch
DAC,IST,TK743,525,https://2lnr.com/routes/dac-ist,flight-route mismatch
DAC,JED,BG335,415,https://2lnr.com/routes/dac-jed,flight-route mismatch
DAC,JED,BS361,410,https://2lnr.com/routes/dac-jed,flight-route mismatch
DAC,JED,SV803,400,https://2lnr.com/routes/dac-jed,flight-route mismatch
DAC,JED,SV803,400,https://2lnr.com/routes/dac-jed,flight-route mismatch
DAC,JED,SV809,400,https://2lnr.com/routes/dac-jed,flight-route mismatch
DAC,JED,SV811,400,https://2lnr.com/routes/dac-jed,flight-route mismatch
DAC,KHI,BG341,230,https://2lnr.com/routes/dac-khi,flight-route mismatch
DAC,KMG,MU2036,140,https://2lnr.com/routes/dac-kmg,flight-route mismatch
DAC,KTM,BG371,105,https://2lnr.com/routes/dac-ktm,flight-route mismatch
DAC,KTM,BG373,105,https://2lnr.com/routes/dac-ktm,flight-route mismatch
DAC,KTM,BG373,105,https://2lnr.com/routes/dac-ktm,flight-route mismatch
DAC,KTM,H9679,85,https://2lnr.com/routes/dac-ktm,flight-route mismatch
DAC,KUL,AK70,240,https://2lnr.com/routes/dac-kul,flight-route mismatch
DAC,KUL,BG382,235,https://2lnr.com/routes/dac-kul,flight-route mismatch
DAC,KUL,BG386,235,https://2lnr.com/routes/dac-kul,flight-route mismatch
DAC,KUL,BG386,235,https://2lnr.com/routes/dac-kul,flight-route mismatch
DAC,KUL,BS315,235,https://2lnr.com/routes/dac-kul,flight-route mismatch
DAC,KUL,MH103,240,https://2lnr.com/routes/dac-kul,flight-route mismatch
DAC,KUL,MH197,235,https://2lnr.com/routes/dac-kul,flight-route mismatch
DAC,KUL,OD161,230,https://2lnr.com/routes/dac-kul,flight-route mismatch
DAC,KUL,OD165,230,https://2lnr.com/routes/dac-kul,flight-route mismatch
DAC,KWI,BG343,390,https://2lnr.com/routes/dac-kwi,flight-route mismatch
DAC,KWI,BG343,360,https://2lnr.com/routes/dac-kwi,flight-route mismatch
DAC,KWI,KU284,355,https://2lnr.com/routes/dac-kwi,flight-route mismatch
DAC,KWI,KU286,355,https://2lnr.com/routes/dac-kwi,flight-route mismatch
DAC,LHR,BG301,680,https://2lnr.com/routes/dac-lhr,flight-route mismatch
DAC,MAA,6E1114,155,https://2lnr.com/routes/dac-maa,flight-route mismatch
DAC,MAA,BG363,165,https://2lnr.com/routes/dac-maa,flight-route mismatch
DAC,MAA,BS205,160,https://2lnr.com/routes/dac-maa,flight-route mismatch
DAC,MCT,BG721,285,https://2lnr.com/routes/dac-mct,flight-route mismatch
DAC,MCT,BS321,270,https://2lnr.com/routes/dac-mct,flight-route mismatch
DAC,MCT,OV498,305,https://2lnr.com/routes/dac-mct,flight-route mismatch
DAC,MCT,OV498,290,https://2lnr.com/routes/dac-mct,flight-route mismatch
DAC,MCT,WY318,290,https://2lnr.com/routes/dac-mct,flight-route mismatch
DAC,MCT,WY318,280,https://2lnr.com/routes/dac-mct,flight-route mismatch
DAC,MLE,BS337,240,https://2lnr.com/routes/dac-mle,flight-route mismatch
DAC,NRT,BG376,410,https://2lnr.com/routes/dac-nrt,flight-route mismatch
DAC,PEK,CA702,325,https://2lnr.com/routes/dac-pek,flight-route mismatch
DAC,RUH,BG339,360,https://2lnr.com/routes/dac-ruh,flight-route mismatch
DAC,RUH,BG539,375,https://2lnr.com/routes/dac-ruh,no independent flight-route evidence
DAC,RUH,BS381,410,https://2lnr.com/routes/dac-ruh,flight-route mismatch
DAC,RUH,BS381,435,https://2lnr.com/routes/dac-ruh,flight-route mismatch
DAC,RUH,SV805,355,https://2lnr.com/routes/dac-ruh,flight-route mismatch
DAC,RUH,SV805,355,https://2lnr.com/routes/dac-ruh,flight-route mismatch
DAC,RUH,SV807,355,https://2lnr.com/routes/dac-ruh,flight-route mismatch
DAC,SIN,BG584,255,https://2lnr.com/routes/dac-sin,flight-route mismatch
DAC,SIN,BS307,250,https://2lnr.com/routes/dac-sin,flight-route mismatch
DAC,SIN,BS309,250,https://2lnr.com/routes/dac-sin,flight-route mismatch
DAC,SIN,SQ447,245,https://2lnr.com/routes/dac-sin,flight-route mismatch
DAD,BKK,EK371,100,https://2lnr.com/routes/dad-bkk,flight-route mismatch
DAD,HAN,9G924,80,https://2lnr.com/routes/dad-han,no independent flight-route evidence
DAD,HAN,9G928,80,https://2lnr.com/routes/dad-han,no independent flight-route evidence
DAD,HAN,9G936,80,https://2lnr.com/routes/dad-han,no independent flight-route evidence
DAD,HAN,9G940,80,https://2lnr.com/routes/dad-han,no independent flight-route evidence
DAD,HAN,VJ1530,80,https://2lnr.com/routes/dad-han,no independent flight-route evidence
DAD,HAN,VN6070,90,https://2lnr.com/routes/dad-han,no independent flight-route evidence
DAD,HAN,VN6080,90,https://2lnr.com/routes/dad-han,no independent flight-route evidence
DAD,HAN,VN7158,90,https://2lnr.com/routes/dad-han,no independent flight-route evidence
DAD,MNL,Z2827,165,https://2lnr.com/routes/dad-mnl,no independent flight-route evidence
DAD,NRT,VN316,325,https://2lnr.com/routes/dad-nrt,no independent flight-route evidence
DAD,SGN,9G961,90,https://2lnr.com/routes/dad-sgn,no independent flight-route evidence
DAD,SGN,9G995,90,https://2lnr.com/routes/dad-sgn,no independent flight-route evidence
DAD,SGN,9G997,90,https://2lnr.com/routes/dad-sgn,no independent flight-route evidence
DAD,SGN,VJ1643,80,https://2lnr.com/routes/dad-sgn,no independent flight-route evidence
DAD,SGN,VN6037,95,https://2lnr.com/routes/dad-sgn,no independent flight-route evidence
DAD,SIN,TR511,170,https://2lnr.com/routes/dad-sin,flight-route mismatch
DAD,SIN,TR519,170,https://2lnr.com/routes/dad-sin,no independent flight-route evidence
DAD,SIN,TR519,180,https://2lnr.com/routes/dad-sin,no independent flight-route evidence
DAD,SIN,VJ889,175,https://2lnr.com/routes/dad-sin,flight-route mismatch
DAR,DOH,QR1476,485,https://2lnr.com/routes/dar-doh,flight-route mismatch
DAR,HRE,TC212,140,https://2lnr.com/routes/dar-hre,flight-route mismatch
DAR,HRE,UM439,210,https://2lnr.com/routes/dar-hre,no independent flight-route evidence
DAR,HRE,UM439,150,https://2lnr.com/routes/dar-hre,no independent flight-route evidence
DAR,IST,TK604,460,https://2lnr.com/routes/dar-ist,flight-route mismatch
DAR,IST,TK604,440,https://2lnr.com/routes/dar-ist,flight-route mismatch
DAR,KGL,WB440,115,https://2lnr.com/routes/dar-kgl,flight-route mismatch
DAR,KGL,WB443,140,https://2lnr.com/routes/dar-kgl,nonadjacent airports in flight sequence
DAR,KGL,WB443,140,https://2lnr.com/routes/dar-kgl,nonadjacent airports in flight sequence
DAR,LOS,TC235,340,https://2lnr.com/routes/dar-los,no independent flight-route evidence
DAR,LUN,TC216,140,https://2lnr.com/routes/dar-lun,no independent flight-route evidence
DAR,LUN,ZN504,150,https://2lnr.com/routes/dar-lun,flight-route mismatch
DAR,MCT,WY705,335,https://2lnr.com/routes/dar-mct,flight-route mismatch
DAR,MCT,WY707,330,https://2lnr.com/routes/dar-mct,flight-route mismatch
DAR,SEZ,TC242,165,https://2lnr.com/routes/dar-sez,no independent flight-route evidence
DEL,AMD,6E2341,90,https://2lnr.com/routes/del-amd,flight-route mismatch
DEL,AMD,6E931,95,https://2lnr.com/routes/del-amd,no independent flight-route evidence
DEL,BLR,6E810,175,https://2lnr.com/routes/del-blr,no independent flight-route evidence
DEL,BLR,6E811,170,https://2lnr.com/routes/del-blr,flight-route mismatch
DEL,BLR,6E820,175,https://2lnr.com/routes/del-blr,no independent flight-route evidence
DEL,BLR,6E826,175,https://2lnr.com/routes/del-blr,flight-route mismatch
DEL,BLR,6E837,175,https://2lnr.com/routes/del-blr,flight-route mismatch
DEL,BLR,6E842,175,https://2lnr.com/routes/del-blr,flight-route mismatch
DEL,BLR,6E846,175,https://2lnr.com/routes/del-blr,no independent flight-route evidence
DEL,BLR,6E861,175,https://2lnr.com/routes/del-blr,flight-route mismatch
DEL,BLR,6E871,175,https://2lnr.com/routes/del-blr,flight-route mismatch
DEL,BLR,6E873,170,https://2lnr.com/routes/del-blr,flight-route mismatch
DEL,BLR,6E880,175,https://2lnr.com/routes/del-blr,no independent flight-route evidence
DEL,BOM,6E303,130,https://2lnr.com/routes/del-bom,flight-route mismatch
DEL,BOM,6E320,140,https://2lnr.com/routes/del-bom,no independent flight-route evidence
DEL,BOM,6E324,130,https://2lnr.com/routes/del-bom,flight-route mismatch
DEL,BOM,6E327,140,https://2lnr.com/routes/del-bom,flight-route mismatch
DEL,BOM,6E329,135,https://2lnr.com/routes/del-bom,no independent flight-route evidence
DEL,BOM,6E353,140,https://2lnr.com/routes/del-bom,flight-route mismatch
DEL,CCU,6E2276,140,https://2lnr.com/routes/del-ccu,flight-route mismatch
DEL,CCU,6E247,135,https://2lnr.com/routes/del-ccu,flight-route mismatch
DEL,CCU,6E2487,130,https://2lnr.com/routes/del-ccu,flight-route mismatch
DEL,CCU,6E340,140,https://2lnr.com/routes/del-ccu,no independent flight-route evidence
DEL,CCU,6E513,135,https://2lnr.com/routes/del-ccu,flight-route mismatch
DEL,CCU,6E5191,135,https://2lnr.com/routes/del-ccu,flight-route mismatch
DEL,CCU,6E894,135,https://2lnr.com/routes/del-ccu,flight-route mismatch
DEL,CCU,6E897,140,https://2lnr.com/routes/del-ccu,flight-route mismatch
DEL,CCU,IX1524,155,https://2lnr.com/routes/del-ccu,flight-route mismatch
DEL,COK,6E6050,190,https://2lnr.com/routes/del-cok,flight-route mismatch
DEL,COK,6E754,190,https://2lnr.com/routes/del-cok,flight-route mismatch
DEL,DAC,6E1103,145,https://2lnr.com/routes/del-dac,flight-route mismatch
DEL,DAC,AI237,150,https://2lnr.com/routes/del-dac,flight-route mismatch
DEL,DAC,BG398,150,https://2lnr.com/routes/del-dac,flight-route mismatch
DEL,DPS,6E1611,480,https://2lnr.com/routes/del-dps,nonadjacent airports in flight sequence
DEL,EWR,AI105,1000,https://2lnr.com/routes/del-ewr,nonadjacent airports in flight sequence
DEL,HYD,6E203,130,https://2lnr.com/routes/del-hyd,flight-route mismatch
DEL,HYD,6E2132,135,https://2lnr.com/routes/del-hyd,flight-route mismatch
DEL,HYD,6E382,135,https://2lnr.com/routes/del-hyd,flight-route mismatch
DEL,HYD,6E6026,140,https://2lnr.com/routes/del-hyd,flight-route mismatch
DEL,HYD,6E6026,140,https://2lnr.com/routes/del-hyd,flight-route mismatch
DEL,HYD,6E6212,140,https://2lnr.com/routes/del-hyd,flight-route mismatch
DEL,HYD,6E705,135,https://2lnr.com/routes/del-hyd,flight-route mismatch
DEL,HYD,6E882,135,https://2lnr.com/routes/del-hyd,flight-route mismatch
DEL,HYD,6E884,135,https://2lnr.com/routes/del-hyd,flight-route mismatch
DEL,KWI,6E1231,285,https://2lnr.com/routes/del-kwi,flight-route mismatch
DEL,KWI,KU382,285,https://2lnr.com/routes/del-kwi,flight-route mismatch
DEL,KWI,KU382,285,https://2lnr.com/routes/del-kwi,flight-route mismatch
DEL,KWI,KU384,290,https://2lnr.com/routes/del-kwi,flight-route mismatch
DEL,KWI,KU384,290,https://2lnr.com/routes/del-kwi,flight-route mismatch
DEL,LHR,6E3,690,https://2lnr.com/routes/del-lhr,no independent flight-route evidence
DEL,MAA,6E2368,170,https://2lnr.com/routes/del-maa,flight-route mismatch
DEL,MAA,6E6115,170,https://2lnr.com/routes/del-maa,flight-route mismatch
DEL,MAA,6E933,170,https://2lnr.com/routes/del-maa,flight-route mismatch
DEL,MAA,6E950,160,https://2lnr.com/routes/del-maa,no independent flight-route evidence
DEL,SFO,AI173,980,https://2lnr.com/routes/del-sfo,nonadjacent airports in flight sequence
DEN,ATL,UA248,180,https://2lnr.com/routes/den-atl,flight-route mismatch
DEN,ATL,UA2806,184,https://2lnr.com/routes/den-atl,flight-route mismatch
DEN,BOS,UA1912,244,https://2lnr.com/routes/den-bos,flight-route mismatch
DEN,CDG,AF59,570,https://2lnr.com/routes/den-cdg,no independent flight-route evidence
DEN,CDG,AF59,565,https://2lnr.com/routes/den-cdg,no independent flight-route evidence
DEN,CLT,AA1410,201,https://2lnr.com/routes/den-clt,flight-route mismatch
DEN,CLT,AA2174,200,https://2lnr.com/routes/den-clt,flight-route mismatch
DEN,CLT,AA2366,188,https://2lnr.com/routes/den-clt,flight-route mismatch
DEN,CLT,AA2859,204,https://2lnr.com/routes/den-clt,flight-route mismatch
DEN,CLT,UA616,201,https://2lnr.com/routes/den-clt,flight-route mismatch
DEN,DTW,DL2177,172,https://2lnr.com/routes/den-dtw,flight-route mismatch
DEN,FLL,UA2093,234,https://2lnr.com/routes/den-fll,flight-route mismatch
DEN,LAS,UA1953,126,https://2lnr.com/routes/den-las,flight-route mismatch
DEN,LAX,AA4948,160,https://2lnr.com/routes/den-lax,no independent flight-route evidence
DEN,LAX,AA6284,166,https://2lnr.com/routes/den-lax,no independent flight-route evidence
DEN,LAX,AA6284,172,https://2lnr.com/routes/den-lax,no independent flight-route evidence
DEN,LAX,AA6376,158,https://2lnr.com/routes/den-lax,no independent flight-route evidence
DEN,LAX,F94339,146,https://2lnr.com/routes/den-lax,flight-route mismatch
DEN,LAX,F94339,146,https://2lnr.com/routes/den-lax,flight-route mismatch
DEN,MCO,UA799,217,https://2lnr.com/routes/den-mco,flight-route mismatch
DEN,MIA,UA445,238,https://2lnr.com/routes/den-mia,flight-route mismatch
DEN,ORD,AA3964,169,https://2lnr.com/routes/den-ord,flight-route mismatch
DEN,ORD,UA1411,162,https://2lnr.com/routes/den-ord,flight-route mismatch
DEN,ORD,UA377,150,https://2lnr.com/routes/den-ord,flight-route mismatch
DEN,PDX,AS1316,169,https://2lnr.com/routes/den-pdx,flight-route mismatch
DEN,PDX,AS1316,169,https://2lnr.com/routes/den-pdx,flight-route mismatch
DEN,PDX,AS1316,169,https://2lnr.com/routes/den-pdx,flight-route mismatch
DEN,PDX,AS1372,164,https://2lnr.com/routes/den-pdx,flight-route mismatch
DEN,PDX,AS1372,164,https://2lnr.com/routes/den-pdx,flight-route mismatch
DEN,PDX,AS3145,175,https://2lnr.com/routes/den-pdx,no independent flight-route evidence
DEN,PHL,AA1866,229,https://2lnr.com/routes/den-phl,flight-route mismatch
DEN,PHL,AA1866,220,https://2lnr.com/routes/den-phl,flight-route mismatch
DEN,PHL,AA2282,218,https://2lnr.com/routes/den-phl,flight-route mismatch
DEN,PHX,AA1332,117,https://2lnr.com/routes/den-phx,flight-route mismatch
DEN,PHX,AA4040,127,https://2lnr.com/routes/den-phx,flight-route mismatch
DEN,PHX,AA4104,125,https://2lnr.com/routes/den-phx,flight-route mismatch
DEN,PHX,AA4944,130,https://2lnr.com/routes/den-phx,no independent flight-route evidence
DEN,PHX,UA2655,119,https://2lnr.com/routes/den-phx,flight-route mismatch
DEN,SAN,AS1342,150,https://2lnr.com/routes/den-san,flight-route mismatch
DEN,SAN,AS1342,150,https://2lnr.com/routes/den-san,flight-route mismatch
DEN,SAN,AS1342,150,https://2lnr.com/routes/den-san,flight-route mismatch
DEN,SAN,AS3120,161,https://2lnr.com/routes/den-san,no independent flight-route evidence
DEN,SAN,AS636,155,https://2lnr.com/routes/den-san,flight-route mismatch
DEN,SAN,AS636,155,https://2lnr.com/routes/den-san,flight-route mismatch
DEN,SAN,AS636,155,https://2lnr.com/routes/den-san,flight-route mismatch
DEN,SEA,AS1429,181,https://2lnr.com/routes/den-sea,flight-route mismatch
DEN,SEA,AS1678,179,https://2lnr.com/routes/den-sea,no independent flight-route evidence
DEN,SEA,AS567,179,https://2lnr.com/routes/den-sea,flight-route mismatch
DEN,SEA,UA2651,181,https://2lnr.com/routes/den-sea,flight-route mismatch
DEN,SEA,UA2767,181,https://2lnr.com/routes/den-sea,flight-route mismatch
DEN,SEA,UA2833,178,https://2lnr.com/routes/den-sea,flight-route mismatch
DEN,SLC,UA4787,102,https://2lnr.com/routes/den-slc,flight-route mismatch
DEN,SLC,UA497,94,https://2lnr.com/routes/den-slc,flight-route mismatch
DEN,SLC,UA5646,100,https://2lnr.com/routes/den-slc,flight-route mismatch
DEN,SLC,UA5741,102,https://2lnr.com/routes/den-slc,flight-route mismatch
DEN,SLC,UA5762,106,https://2lnr.com/routes/den-slc,flight-route mismatch
DEN,YVR,AC1725,184,https://2lnr.com/routes/den-yvr,no independent flight-route evidence
DFW,ATL,DL2788,132,https://2lnr.com/routes/dfw-atl,flight-route mismatch
DFW,ATL,DL2788,134,https://2lnr.com/routes/dfw-atl,flight-route mismatch
DFW,BOS,AA1602,240,https://2lnr.com/routes/dfw-bos,flight-route mismatch
DFW,CLT,AA2815,164,https://2lnr.com/routes/dfw-clt,flight-route mismatch
DFW,CLT,AA2909,160,https://2lnr.com/routes/dfw-clt,flight-route mismatch
DFW,CLT,AA576,162,https://2lnr.com/routes/dfw-clt,flight-route mismatch
DFW,DEN,AA1462,129,https://2lnr.com/routes/dfw-den,flight-route mismatch
DFW,DEN,AA2852,129,https://2lnr.com/routes/dfw-den,flight-route mismatch
DFW,DEN,UA309,140,https://2lnr.com/routes/dfw-den,flight-route mismatch
DFW,DEN,UA567,137,https://2lnr.com/routes/dfw-den,flight-route mismatch
DFW,DOH,QR732,900,https://2lnr.com/routes/dfw-doh,flight-route mismatch
DFW,DTW,AA313,163,https://2lnr.com/routes/dfw-dtw,flight-route mismatch
DFW,DTW,AA679,162,https://2lnr.com/routes/dfw-dtw,flight-route mismatch
DFW,EWR,AA2145,221,https://2lnr.com/routes/dfw-ewr,flight-route mismatch
DFW,EWR,UA2461,209,https://2lnr.com/routes/dfw-ewr,flight-route mismatch
DFW,EWR,UA3647,223,https://2lnr.com/routes/dfw-ewr,no independent flight-route evidence
DFW,EZE,AA997,625,https://2lnr.com/routes/dfw-eze,flight-route mismatch
DFW,FLL,AA1497,170,https://2lnr.com/routes/dfw-fll,flight-route mismatch
DFW,IAH,AA3023,72,https://2lnr.com/routes/dfw-iah,flight-route mismatch
DFW,IAH,AA3598,88,https://2lnr.com/routes/dfw-iah,flight-route mismatch
DFW,IAH,AA3598,92,https://2lnr.com/routes/dfw-iah,flight-route mismatch
DFW,IAH,AA3829,78,https://2lnr.com/routes/dfw-iah,flight-route mismatch
DFW,IAH,AA3908,82,https://2lnr.com/routes/dfw-iah,no independent flight-route evidence
DFW,IAH,AA4980,82,https://2lnr.com/routes/dfw-iah,no independent flight-route evidence
DFW,IAH,AA5181,86,https://2lnr.com/routes/dfw-iah,no independent flight-route evidence
DFW,IAH,AA5299,77,https://2lnr.com/routes/dfw-iah,no independent flight-route evidence
DFW,IAH,AA5576,78,https://2lnr.com/routes/dfw-iah,no independent flight-route evidence
DFW,IAH,UA4003,83,https://2lnr.com/routes/dfw-iah,flight-route mismatch
DFW,IAH,UA4030,80,https://2lnr.com/routes/dfw-iah,flight-route mismatch
DFW,IST,TK192,715,https://2lnr.com/routes/dfw-ist,no independent flight-route evidence
DFW,IST,TK192,715,https://2lnr.com/routes/dfw-ist,no independent flight-route evidence
DFW,IST,TK292,710,https://2lnr.com/routes/dfw-ist,no independent flight-route evidence
DFW,JFK,AA1040,219,https://2lnr.com/routes/dfw-jfk,flight-route mismatch
DFW,JFK,AA606,226,https://2lnr.com/routes/dfw-jfk,flight-route mismatch
DFW,LAS,AA1132,180,https://2lnr.com/routes/dfw-las,flight-route mismatch
DFW,LAS,AA265,167,https://2lnr.com/routes/dfw-las,flight-route mismatch
DFW,LAS,AA2784,174,https://2lnr.com/routes/dfw-las,flight-route mismatch
DFW,LAS,AA2833,178,https://2lnr.com/routes/dfw-las,flight-route mismatch
DFW,LAS,AA3213,174,https://2lnr.com/routes/dfw-las,flight-route mismatch
DFW,MCO,AA1606,160,https://2lnr.com/routes/dfw-mco,flight-route mismatch
DFW,MCO,AA1628,160,https://2lnr.com/routes/dfw-mco,flight-route mismatch
DFW,MCO,AA3085,158,https://2lnr.com/routes/dfw-mco,flight-route mismatch
DFW,MCO,AA726,160,https://2lnr.com/routes/dfw-mco,flight-route mismatch
DFW,MEX,AA388,163,https://2lnr.com/routes/dfw-mex,flight-route mismatch
DFW,MSP,DL1856,146,https://2lnr.com/routes/dfw-msp,flight-route mismatch
DFW,MSP,DL2970,147,https://2lnr.com/routes/dfw-msp,flight-route mismatch
DFW,MSP,DL2971,150,https://2lnr.com/routes/dfw-msp,flight-route mismatch
DFW,ORD,AA3790,165,https://2lnr.com/routes/dfw-ord,no independent flight-route evidence
DFW,ORD,UA2275,159,https://2lnr.com/routes/dfw-ord,flight-route mismatch
DFW,PDX,AA1636,249,https://2lnr.com/routes/dfw-pdx,flight-route mismatch
DFW,PDX,AA1793,249,https://2lnr.com/routes/dfw-pdx,flight-route mismatch
DFW,PDX,AS1650,250,https://2lnr.com/routes/dfw-pdx,flight-route mismatch
DFW,PDX,AS303,250,https://2lnr.com/routes/dfw-pdx,flight-route mismatch
DFW,PDX,AS303,250,https://2lnr.com/routes/dfw-pdx,flight-route mismatch
DFW,PDX,AS392,249,https://2lnr.com/routes/dfw-pdx,flight-route mismatch
DFW,PDX,AS392,249,https://2lnr.com/routes/dfw-pdx,flight-route mismatch
DFW,PHL,AA1109,199,https://2lnr.com/routes/dfw-phl,flight-route mismatch
DFW,PHL,AA2436,201,https://2lnr.com/routes/dfw-phl,flight-route mismatch
DFW,PHL,AA2533,199,https://2lnr.com/routes/dfw-phl,flight-route mismatch
DFW,PHL,AA2862,197,https://2lnr.com/routes/dfw-phl,flight-route mismatch
DFW,PHX,AA1507,155,https://2lnr.com/routes/dfw-phx,flight-route mismatch
DFW,PHX,AA2155,158,https://2lnr.com/routes/dfw-phx,flight-route mismatch
DFW,PHX,AA2605,157,https://2lnr.com/routes/dfw-phx,flight-route mismatch
DFW,PHX,AA2608,157,https://2lnr.com/routes/dfw-phx,flight-route mismatch
DFW,PHX,AA3110,151,https://2lnr.com/routes/dfw-phx,flight-route mismatch
DFW,PHX,AA3512,173,https://2lnr.com/routes/dfw-phx,flight-route mismatch
DFW,PHX,AA801,154,https://2lnr.com/routes/dfw-phx,flight-route mismatch
DFW,SAL,AA3287,204,https://2lnr.com/routes/dfw-sal,flight-route mismatch
DFW,SAL,AV441,205,https://2lnr.com/routes/dfw-sal,no independent flight-route evidence
DFW,SAL,AV441,205,https://2lnr.com/routes/dfw-sal,no independent flight-route evidence
DFW,SAL,AV443,205,https://2lnr.com/routes/dfw-sal,no independent flight-route evidence
DFW,SAL,AV443,205,https://2lnr.com/routes/dfw-sal,no independent flight-route evidence
DFW,SAN,AS545,204,https://2lnr.com/routes/dfw-san,flight-route mismatch
DFW,SAN,AS545,204,https://2lnr.com/routes/dfw-san,flight-route mismatch
DFW,SAN,AS690,206,https://2lnr.com/routes/dfw-san,flight-route mismatch
DFW,SEA,AS341,265,https://2lnr.com/routes/dfw-sea,flight-route mismatch
DFW,SEA,AS341,265,https://2lnr.com/routes/dfw-sea,flight-route mismatch
DFW,SFO,AA1731,234,https://2lnr.com/routes/dfw-sfo,flight-route mismatch
DFW,SFO,UA1712,236,https://2lnr.com/routes/dfw-sfo,flight-route mismatch
DFW,SJU,AA3159,293,https://2lnr.com/routes/dfw-sju,flight-route mismatch
DFW,SLC,DL2811,170,https://2lnr.com/routes/dfw-slc,flight-route mismatch
DFW,TPA,AA844,157,https://2lnr.com/routes/dfw-tpa,flight-route mismatch
DFW,TPA,AA844,151,https://2lnr.com/routes/dfw-tpa,flight-route mismatch
DFW,YYZ,AC1756,185,https://2lnr.com/routes/dfw-yyz,flight-route mismatch
DFW,YYZ,AC1758,183,https://2lnr.com/routes/dfw-yyz,flight-route mismatch
DLC,CGO,CZ8827,125,https://2lnr.com/routes/dlc-cgo,flight-route mismatch
DLC,HND,JL24,175,https://2lnr.com/routes/dlc-hnd,flight-route mismatch
DLC,ICN,KE876,80,https://2lnr.com/routes/dlc-icn,flight-route mismatch
DLC,NKG,HO2168,110,https://2lnr.com/routes/dlc-nkg,no independent flight-route evidence
DLC,NKG,HO2168,110,https://2lnr.com/routes/dlc-nkg,no independent flight-route evidence
DLC,TFU,3U6422,195,https://2lnr.com/routes/dlc-tfu,flight-route mismatch
DLC,TFU,CA8925,215,https://2lnr.com/routes/dlc-tfu,flight-route mismatch
DLC,TFU,CA8925,205,https://2lnr.com/routes/dlc-tfu,flight-route mismatch
DLC,TFU,CA8971,210,https://2lnr.com/routes/dlc-tfu,flight-route mismatch
DLC,TFU,CA8971,215,https://2lnr.com/routes/dlc-tfu,flight-route mismatch
DLC,TFU,CZ5361,215,https://2lnr.com/routes/dlc-tfu,flight-route mismatch
DLC,TFU,CZ6433,220,https://2lnr.com/routes/dlc-tfu,flight-route mismatch
DLC,TFU,CZ6433,220,https://2lnr.com/routes/dlc-tfu,flight-route mismatch
DLC,TFU,CZ6435,205,https://2lnr.com/routes/dlc-tfu,flight-route mismatch
DLC,TFU,CZ6435,215,https://2lnr.com/routes/dlc-tfu,flight-route mismatch
DLC,TFU,CZ6435,205,https://2lnr.com/routes/dlc-tfu,flight-route mismatch
DLC,TFU,CZ6435,215,https://2lnr.com/routes/dlc-tfu,flight-route mismatch
DLC,TFU,MU9872,215,https://2lnr.com/routes/dlc-tfu,flight-route mismatch
DLC,WUH,CA8977,140,https://2lnr.com/routes/dlc-wuh,no independent flight-route evidence
DLC,XIY,MU2392,165,https://2lnr.com/routes/dlc-xiy,flight-route mismatch
DMM,DAC,BG350,315,https://2lnr.com/routes/dmm-dac,flight-route mismatch
DMM,DAC,BG350,330,https://2lnr.com/routes/dmm-dac,flight-route mismatch
DMM,DAC,BG450,360,https://2lnr.com/routes/dmm-dac,no independent flight-route evidence
DMM,JED,XY422,130,https://2lnr.com/routes/dmm-jed,flight-route mismatch
DMM,KWI,KU744,80,https://2lnr.com/routes/dmm-kwi,flight-route mismatch
DMM,LHR,SV117,405,https://2lnr.com/routes/dmm-lhr,flight-route mismatch
DMM,RUH,XY77,65,https://2lnr.com/routes/dmm-ruh,no independent flight-route evidence
DOH,ABJ,QR1423,630,https://2lnr.com/routes/doh-abj,nonadjacent airports in flight sequence
DOH,AMD,QR534,190,https://2lnr.com/routes/doh-amd,flight-route mismatch
DOH,AMD,QR534,190,https://2lnr.com/routes/doh-amd,flight-route mismatch
DOH,ATH,QR1211,300,https://2lnr.com/routes/doh-ath,no independent flight-route evidence
DOH,AUH,QR1044,70,https://2lnr.com/routes/doh-auh,no independent flight-route evidence
DOH,AUH,QR1054,70,https://2lnr.com/routes/doh-auh,no independent flight-route evidence
DOH,BER,QR79,360,https://2lnr.com/routes/doh-ber,flight-route mismatch
DOH,BER,QR81,360,https://2lnr.com/routes/doh-ber,flight-route mismatch
DOH,BER,QR83,360,https://2lnr.com/routes/doh-ber,flight-route mismatch
DOH,BER,QR83,360,https://2lnr.com/routes/doh-ber,flight-route mismatch
DOH,BER,QR83,360,https://2lnr.com/routes/doh-ber,flight-route mismatch
DOH,BKK,QR1834,415,https://2lnr.com/routes/doh-bkk,no independent flight-route evidence
DOH,BOG,QR783,995,https://2lnr.com/routes/doh-bog,no independent flight-route evidence
DOH,CAI,QR1309,205,https://2lnr.com/routes/doh-cai,no independent flight-route evidence
DOH,CAI,QR1311,205,https://2lnr.com/routes/doh-cai,no independent flight-route evidence
DOH,CMB,QR654,285,https://2lnr.com/routes/doh-cmb,flight-route mismatch
DOH,CMB,QR654,285,https://2lnr.com/routes/doh-cmb,flight-route mismatch
DOH,CMB,QR662,285,https://2lnr.com/routes/doh-cmb,flight-route mismatch
DOH,DAC,BG326,325,https://2lnr.com/routes/doh-dac,flight-route mismatch
DOH,DAC,BS334,340,https://2lnr.com/routes/doh-dac,flight-route mismatch
DOH,DAC,QR638,300,https://2lnr.com/routes/doh-dac,flight-route mismatch
DOH,DAC,QR640,300,https://2lnr.com/routes/doh-dac,flight-route mismatch
DOH,DAC,QR642,300,https://2lnr.com/routes/doh-dac,flight-route mismatch
DOH,DAR,QR1499,480,https://2lnr.com/routes/doh-dar,nonadjacent airports in flight sequence
DOH,DFW,QR1731,935,https://2lnr.com/routes/doh-dfw,no independent flight-route evidence
DOH,DFW,QR731,970,https://2lnr.com/routes/doh-dfw,flight-route mismatch
DOH,DFW,QR731,980,https://2lnr.com/routes/doh-dfw,flight-route mismatch
DOH,DUB,QR17,450,https://2lnr.com/routes/doh-dub,flight-route mismatch
DOH,DUB,QR45,450,https://2lnr.com/routes/doh-dub,flight-route mismatch
DOH,DUR,QR1375,625,https://2lnr.com/routes/doh-dur,independently confirmed stopover
DOH,DUS,QR87,425,https://2lnr.com/routes/doh-dus,flight-route mismatch
DOH,DXB,FZ10,75,https://2lnr.com/routes/doh-dxb,no independent flight-route evidence
DOH,DXB,FZ10,75,https://2lnr.com/routes/doh-dxb,no independent flight-route evidence
DOH,DXB,FZ4,75,https://2lnr.com/routes/doh-dxb,no independent flight-route evidence
DOH,DXB,QR1002,80,https://2lnr.com/routes/doh-dxb,no independent flight-route evidence
DOH,DXB,QR1014,80,https://2lnr.com/routes/doh-dxb,no independent flight-route evidence
DOH,FCO,QR115,360,https://2lnr.com/routes/doh-fco,flight-route mismatch
DOH,GRU,QR1779,895,https://2lnr.com/routes/doh-gru,no independent flight-route evidence
DOH,HAM,QR89,380,https://2lnr.com/routes/doh-ham,flight-route mismatch
DOH,HAM,QR91,380,https://2lnr.com/routes/doh-ham,flight-route mismatch
DOH,HEL,AY1982,425,https://2lnr.com/routes/doh-hel,flight-route mismatch
DOH,HKG,QR1818,475,https://2lnr.com/routes/doh-hkg,no independent flight-route evidence
DOH,ISB,QR614,210,https://2lnr.com/routes/doh-isb,flight-route mismatch
DOH,ISB,QR614,210,https://2lnr.com/routes/doh-isb,flight-route mismatch
DOH,IST,TK781,280,https://2lnr.com/routes/doh-ist,flight-route mismatch
DOH,IST,TK781,280,https://2lnr.com/routes/doh-ist,flight-route mismatch
DOH,KGL,WB301,370,https://2lnr.com/routes/doh-kgl,no independent flight-route evidence
DOH,KGL,WB303,360,https://2lnr.com/routes/doh-kgl,no independent flight-route evidence
DOH,KHI,QR610,155,https://2lnr.com/routes/doh-khi,flight-route mismatch
DOH,KHI,QR610,155,https://2lnr.com/routes/doh-khi,flight-route mismatch
DOH,KHI,QR610,155,https://2lnr.com/routes/doh-khi,flight-route mismatch
DOH,KTM,RA254,280,https://2lnr.com/routes/doh-ktm,no independent flight-route evidence
DOH,KUL,QR1852,455,https://2lnr.com/routes/doh-kul,no independent flight-route evidence
DOH,KUL,QR1854,460,https://2lnr.com/routes/doh-kul,no independent flight-route evidence
DOH,KWI,KU620,90,https://2lnr.com/routes/doh-kwi,flight-route mismatch
DOH,KWI,KU620,90,https://2lnr.com/routes/doh-kwi,flight-route mismatch
DOH,KWI,QR1070,85,https://2lnr.com/routes/doh-kwi,no independent flight-route evidence
DOH,KWI,QR1070,85,https://2lnr.com/routes/doh-kwi,no independent flight-route evidence
DOH,KWI,QR1070,85,https://2lnr.com/routes/doh-kwi,no independent flight-route evidence
DOH,KWI,QR1076,85,https://2lnr.com/routes/doh-kwi,flight-route mismatch
DOH,KWI,QR1082,85,https://2lnr.com/routes/doh-kwi,flight-route mismatch
DOH,LHE,QR628,200,https://2lnr.com/routes/doh-lhe,no independent flight-route evidence
DOH,LHE,QR628,200,https://2lnr.com/routes/doh-lhe,no independent flight-route evidence
DOH,LHR,QR103,435,https://2lnr.com/routes/doh-lhr,flight-route mismatch
DOH,LHR,QR107,435,https://2lnr.com/routes/doh-lhr,flight-route mismatch
DOH,LHR,QR109,435,https://2lnr.com/routes/doh-lhr,flight-route mismatch
DOH,LHR,QR109,435,https://2lnr.com/routes/doh-lhr,flight-route mismatch
DOH,LHR,QR109,435,https://2lnr.com/routes/doh-lhr,flight-route mismatch
DOH,LUN,QR1451,430,https://2lnr.com/routes/doh-lun,no independent flight-route evidence
DOH,LUN,QR1455,430,https://2lnr.com/routes/doh-lun,flight-route mismatch
DOH,MAD,QR147,445,https://2lnr.com/routes/doh-mad,flight-route mismatch
DOH,MAN,QR27,440,https://2lnr.com/routes/doh-man,flight-route mismatch
DOH,MAN,QR27,440,https://2lnr.com/routes/doh-man,flight-route mismatch
DOH,MCT,QR1124,95,https://2lnr.com/routes/doh-mct,no independent flight-route evidence
DOH,MCT,QR1148,95,https://2lnr.com/routes/doh-mct,no independent flight-route evidence
DOH,MCT,QR1148,95,https://2lnr.com/routes/doh-mct,no independent flight-route evidence
DOH,MCT,QR1148,95,https://2lnr.com/routes/doh-mct,no independent flight-route evidence
DOH,MEL,QR988,810,https://2lnr.com/routes/doh-mel,flight-route mismatch
DOH,MLE,QR676,275,https://2lnr.com/routes/doh-mle,no independent flight-route evidence
DOH,NBO,QR1345,305,https://2lnr.com/routes/doh-nbo,no independent flight-route evidence
DOH,NBO,QR1345,305,https://2lnr.com/routes/doh-nbo,no independent flight-route evidence
DOH,PER,QR1900,665,https://2lnr.com/routes/doh-per,no independent flight-route evidence
DOH,RUH,QR1238,110,https://2lnr.com/routes/doh-ruh,no independent flight-route evidence
DOH,RUH,QR1240,110,https://2lnr.com/routes/doh-ruh,no independent flight-route evidence
DOH,RUH,QR1240,90,https://2lnr.com/routes/doh-ruh,no independent flight-route evidence
DOH,RUH,QR1866,90,https://2lnr.com/routes/doh-ruh,no independent flight-route evidence
DOH,RUH,QR1938,85,https://2lnr.com/routes/doh-ruh,no independent flight-route evidence
DOH,SEZ,QR678,290,https://2lnr.com/routes/doh-sez,no independent flight-route evidence
DOH,SEZ,QR678,290,https://2lnr.com/routes/doh-sez,no independent flight-route evidence
DOH,SIN,QR1948,470,https://2lnr.com/routes/doh-sin,no independent flight-route evidence
DOH,TBS,QR255,220,https://2lnr.com/routes/doh-tbs,no independent flight-route evidence
DOH,TBS,QR255,200,https://2lnr.com/routes/doh-tbs,no independent flight-route evidence
DOH,TFU,QR860,445,https://2lnr.com/routes/doh-tfu,flight-route mismatch
DPS,ADL,JQ111,480,https://2lnr.com/routes/dps-adl,nonadjacent airports in flight sequence
DPS,AMS,KL836,1050,https://2lnr.com/routes/dps-ams,independently confirmed stopover
DPS,DEL,6E1612,475,https://2lnr.com/routes/dps-del,nonadjacent airports in flight sequence
DPS,HKG,HX702,325,https://2lnr.com/routes/dps-hkg,no independent flight-route evidence
DPS,HKT,8B541,240,https://2lnr.com/routes/dps-hkt,no independent flight-route evidence
DPS,HKT,8B541,245,https://2lnr.com/routes/dps-hkt,no independent flight-route evidence
DPS,PER,QZ538,230,https://2lnr.com/routes/dps-per,no independent flight-route evidence
DPS,SUB,8B5376,65,https://2lnr.com/routes/dps-sub,no independent flight-route evidence
DPS,SUB,JT803,60,https://2lnr.com/routes/dps-sub,no independent flight-route evidence
DPS,TFU,3U3986,380,https://2lnr.com/routes/dps-tfu,flight-route mismatch
DPS,TPE,JX766,330,https://2lnr.com/routes/dps-tpe,no independent flight-route evidence
DTW,ATL,DL8771,115,https://2lnr.com/routes/dtw-atl,flight-route mismatch
DTW,CLT,AA1443,119,https://2lnr.com/routes/dtw-clt,flight-route mismatch
DTW,CLT,AA1443,116,https://2lnr.com/routes/dtw-clt,flight-route mismatch
DTW,DFW,AA2822,173,https://2lnr.com/routes/dtw-dfw,flight-route mismatch
DTW,DFW,AA2822,185,https://2lnr.com/routes/dtw-dfw,flight-route mismatch
DTW,DFW,AA679,183,https://2lnr.com/routes/dtw-dfw,flight-route mismatch
DTW,DFW,F93129,179,https://2lnr.com/routes/dtw-dfw,flight-route mismatch
DTW,EWR,UA3433,119,https://2lnr.com/routes/dtw-ewr,flight-route mismatch
DTW,EWR,UA3433,118,https://2lnr.com/routes/dtw-ewr,flight-route mismatch
DTW,EWR,UA3611,119,https://2lnr.com/routes/dtw-ewr,no independent flight-route evidence
DTW,EWR,UA3652,111,https://2lnr.com/routes/dtw-ewr,no independent flight-route evidence
DTW,EWR,UA3681,111,https://2lnr.com/routes/dtw-ewr,no independent flight-route evidence
DTW,EWR,UA3692,119,https://2lnr.com/routes/dtw-ewr,no independent flight-route evidence
DTW,EWR,UA3706,111,https://2lnr.com/routes/dtw-ewr,no independent flight-route evidence
DTW,FLL,DL1205,186,https://2lnr.com/routes/dtw-fll,flight-route mismatch
DTW,FLL,DL1378,180,https://2lnr.com/routes/dtw-fll,flight-route mismatch
DTW,HNL,DL385,580,https://2lnr.com/routes/dtw-hnl,flight-route mismatch
DTW,IAD,DL1605,92,https://2lnr.com/routes/dtw-iad,flight-route mismatch
DTW,IAD,DL1902,89,https://2lnr.com/routes/dtw-iad,flight-route mismatch
DTW,IAD,DL3082,88,https://2lnr.com/routes/dtw-iad,flight-route mismatch
DTW,IAD,DL3088,90,https://2lnr.com/routes/dtw-iad,flight-route mismatch
DTW,IAD,DL3988,94,https://2lnr.com/routes/dtw-iad,no independent flight-route evidence
DTW,IAD,DL4933,98,https://2lnr.com/routes/dtw-iad,no independent flight-route evidence
DTW,IAD,UA3420,91,https://2lnr.com/routes/dtw-iad,flight-route mismatch
DTW,IAD,UA4165,102,https://2lnr.com/routes/dtw-iad,flight-route mismatch
DTW,IAD,UA4574,95,https://2lnr.com/routes/dtw-iad,flight-route mismatch
DTW,IAD,UA6190,104,https://2lnr.com/routes/dtw-iad,flight-route mismatch
DTW,IAD,UA6190,97,https://2lnr.com/routes/dtw-iad,flight-route mismatch
DTW,IAD,UA6362,97,https://2lnr.com/routes/dtw-iad,flight-route mismatch
DTW,IAH,DL1581,180,https://2lnr.com/routes/dtw-iah,flight-route mismatch
DTW,IAH,UA4034,196,https://2lnr.com/routes/dtw-iah,flight-route mismatch
DTW,IAH,UA4034,192,https://2lnr.com/routes/dtw-iah,flight-route mismatch
DTW,IAH,UA6251,184,https://2lnr.com/routes/dtw-iah,flight-route mismatch
DTW,IAH,UA6251,185,https://2lnr.com/routes/dtw-iah,flight-route mismatch
DTW,IST,TK206,605,https://2lnr.com/routes/dtw-ist,no independent flight-route evidence
DTW,JFK,DL5216,115,https://2lnr.com/routes/dtw-jfk,no independent flight-route evidence
DTW,JFK,DL5216,117,https://2lnr.com/routes/dtw-jfk,no independent flight-route evidence
DTW,LAS,DL2588,276,https://2lnr.com/routes/dtw-las,flight-route mismatch
DTW,LAS,DL2588,264,https://2lnr.com/routes/dtw-las,flight-route mismatch
DTW,LAS,DL851,259,https://2lnr.com/routes/dtw-las,flight-route mismatch
DTW,MCO,DL1149,160,https://2lnr.com/routes/dtw-mco,flight-route mismatch
DTW,MCO,DL1776,158,https://2lnr.com/routes/dtw-mco,flight-route mismatch
DTW,MCO,DL2218,165,https://2lnr.com/routes/dtw-mco,flight-route mismatch
DTW,MIA,DL1733,186,https://2lnr.com/routes/dtw-mia,flight-route mismatch
DTW,MSP,DL8815,113,https://2lnr.com/routes/dtw-msp,no independent flight-route evidence
DTW,MSP,SY1982,108,https://2lnr.com/routes/dtw-msp,flight-route mismatch
DTW,ORD,AA3947,103,https://2lnr.com/routes/dtw-ord,flight-route mismatch
DTW,ORD,AA3977,99,https://2lnr.com/routes/dtw-ord,flight-route mismatch
DTW,ORD,AA3980,99,https://2lnr.com/routes/dtw-ord,flight-route mismatch
DTW,ORD,AA4013,109,https://2lnr.com/routes/dtw-ord,no independent flight-route evidence
DTW,ORD,AA6255,104,https://2lnr.com/routes/dtw-ord,no independent flight-route evidence
DTW,ORD,AA6465,107,https://2lnr.com/routes/dtw-ord,no independent flight-route evidence
DTW,ORD,DL3819,87,https://2lnr.com/routes/dtw-ord,no independent flight-route evidence
DTW,ORD,DL3958,88,https://2lnr.com/routes/dtw-ord,no independent flight-route evidence
DTW,ORD,UA2771,95,https://2lnr.com/routes/dtw-ord,flight-route mismatch
DTW,ORD,UA3440,89,https://2lnr.com/routes/dtw-ord,flight-route mismatch
DTW,ORD,UA3441,93,https://2lnr.com/routes/dtw-ord,flight-route mismatch
DTW,ORD,UA4673,93,https://2lnr.com/routes/dtw-ord,flight-route mismatch
DTW,ORD,UA4673,94,https://2lnr.com/routes/dtw-ord,flight-route mismatch
DTW,ORD,UA5381,100,https://2lnr.com/routes/dtw-ord,flight-route mismatch
DTW,PHL,AA4392,105,https://2lnr.com/routes/dtw-phl,flight-route mismatch
DTW,PHL,AA5235,102,https://2lnr.com/routes/dtw-phl,no independent flight-route evidence
DTW,PHL,AA5367,107,https://2lnr.com/routes/dtw-phl,flight-route mismatch
DTW,PHL,AA5367,108,https://2lnr.com/routes/dtw-phl,flight-route mismatch
DTW,PHL,AA5414,100,https://2lnr.com/routes/dtw-phl,no independent flight-route evidence
DTW,PHL,AA5414,109,https://2lnr.com/routes/dtw-phl,no independent flight-route evidence
DTW,PHL,AA5480,101,https://2lnr.com/routes/dtw-phl,no independent flight-route evidence
DTW,PHL,AA5480,99,https://2lnr.com/routes/dtw-phl,no independent flight-route evidence
DTW,PHL,AA5480,104,https://2lnr.com/routes/dtw-phl,no independent flight-route evidence
DTW,PHX,AA1424,265,https://2lnr.com/routes/dtw-phx,flight-route mismatch
DTW,PHX,DL785,253,https://2lnr.com/routes/dtw-phx,flight-route mismatch
DTW,SEA,AS1652,295,https://2lnr.com/routes/dtw-sea,no independent flight-route evidence
DTW,SEA,AS316,298,https://2lnr.com/routes/dtw-sea,flight-route mismatch
DTW,SFO,DL1327,303,https://2lnr.com/routes/dtw-sfo,flight-route mismatch
DTW,SFO,UA1118,309,https://2lnr.com/routes/dtw-sfo,flight-route mismatch
DTW,SLC,DL2753,237,https://2lnr.com/routes/dtw-slc,flight-route mismatch
DTW,SLC,DL8771,225,https://2lnr.com/routes/dtw-slc,flight-route mismatch
DTW,TPA,DL555,157,https://2lnr.com/routes/dtw-tpa,flight-route mismatch
DTW,YUL,AC8582,100,https://2lnr.com/routes/dtw-yul,no independent flight-route evidence
DTW,YUL,AC8582,104,https://2lnr.com/routes/dtw-yul,no independent flight-route evidence
DTW,YUL,DL4815,113,https://2lnr.com/routes/dtw-yul,no independent flight-route evidence
DTW,YUL,DL4815,112,https://2lnr.com/routes/dtw-yul,no independent flight-route evidence
DTW,YUL,DL4816,114,https://2lnr.com/routes/dtw-yul,no independent flight-route evidence
DTW,YUL,DL4816,110,https://2lnr.com/routes/dtw-yul,no independent flight-route evidence
DTW,YUL,DL5136,112,https://2lnr.com/routes/dtw-yul,no independent flight-route evidence
DTW,YUL,DL5136,111,https://2lnr.com/routes/dtw-yul,no independent flight-route evidence
DTW,YYC,WS1619,245,https://2lnr.com/routes/dtw-yyc,flight-route mismatch
DTW,YYZ,AC8772,68,https://2lnr.com/routes/dtw-yyz,no independent flight-route evidence
DTW,YYZ,AC8776,68,https://2lnr.com/routes/dtw-yyz,no independent flight-route evidence
DTW,YYZ,AC8778,70,https://2lnr.com/routes/dtw-yyz,no independent flight-route evidence
DTW,YYZ,AC8778,68,https://2lnr.com/routes/dtw-yyz,no independent flight-route evidence
DTW,YYZ,DL4943,81,https://2lnr.com/routes/dtw-yyz,no independent flight-route evidence
DTW,YYZ,DL4943,81,https://2lnr.com/routes/dtw-yyz,no independent flight-route evidence
DTW,YYZ,DL4943,84,https://2lnr.com/routes/dtw-yyz,no independent flight-route evidence
DTW,YYZ,DL5140,79,https://2lnr.com/routes/dtw-yyz,no independent flight-route evidence
DTW,YYZ,DL5140,78,https://2lnr.com/routes/dtw-yyz,no independent flight-route evidence
DTW,YYZ,DL5146,80,https://2lnr.com/routes/dtw-yyz,no independent flight-route evidence
DTW,YYZ,DL5146,79,https://2lnr.com/routes/dtw-yyz,no independent flight-route evidence
DTW,YYZ,DL5251,78,https://2lnr.com/routes/dtw-yyz,no independent flight-route evidence
DTW,YYZ,DL5251,80,https://2lnr.com/routes/dtw-yyz,no independent flight-route evidence
DTW,YYZ,DL5406,85,https://2lnr.com/routes/dtw-yyz,no independent flight-route evidence
DTW,YYZ,DL5406,84,https://2lnr.com/routes/dtw-yyz,no independent flight-route evidence
DTW,YYZ,DL5467,79,https://2lnr.com/routes/dtw-yyz,no independent flight-route evidence
DTW,YYZ,DL5467,81,https://2lnr.com/routes/dtw-yyz,no independent flight-route evidence
DUB,AMS,FR3006,100,https://2lnr.com/routes/dub-ams,flight-route mismatch
DUB,AUH,EY46,455,https://2lnr.com/routes/dub-auh,no independent flight-route evidence
DUB,AUH,EY46,455,https://2lnr.com/routes/dub-auh,no independent flight-route evidence
DUB,AUH,EY46,455,https://2lnr.com/routes/dub-auh,no independent flight-route evidence
DUB,AUH,EY48,450,https://2lnr.com/routes/dub-auh,flight-route mismatch
DUB,BCN,FR6921,150,https://2lnr.com/routes/dub-bcn,flight-route mismatch
DUB,BCN,VY8723,160,https://2lnr.com/routes/dub-bcn,no independent flight-route evidence
DUB,BER,EI332,140,https://2lnr.com/routes/dub-ber,flight-route mismatch
DUB,BER,EI336,135,https://2lnr.com/routes/dub-ber,flight-route mismatch
DUB,BER,FR3669,135,https://2lnr.com/routes/dub-ber,flight-route mismatch
DUB,BER,FR3669,135,https://2lnr.com/routes/dub-ber,flight-route mismatch
DUB,BER,FR5418,135,https://2lnr.com/routes/dub-ber,flight-route mismatch
DUB,BOS,EI133,430,https://2lnr.com/routes/dub-bos,nonadjacent airports in flight sequence
DUB,BRU,FR657,105,https://2lnr.com/routes/dub-bru,flight-route mismatch
DUB,DOH,QR18,425,https://2lnr.com/routes/dub-doh,flight-route mismatch
DUB,DOH,QR46,425,https://2lnr.com/routes/dub-doh,flight-route mismatch
DUB,EDI,EI3250,80,https://2lnr.com/routes/dub-edi,no independent flight-route evidence
DUB,EDI,EI3256,75,https://2lnr.com/routes/dub-edi,no independent flight-route evidence
DUB,EDI,EI3550,75,https://2lnr.com/routes/dub-edi,no independent flight-route evidence
DUB,EDI,EI3552,80,https://2lnr.com/routes/dub-edi,no independent flight-route evidence
DUB,EDI,EI3554,75,https://2lnr.com/routes/dub-edi,no independent flight-route evidence
DUB,EDI,EI3556,75,https://2lnr.com/routes/dub-edi,no independent flight-route evidence
DUB,EWR,EI101,470,https://2lnr.com/routes/dub-ewr,no independent flight-route evidence
DUB,EWR,EI101,465,https://2lnr.com/routes/dub-ewr,no independent flight-route evidence
DUB,FCO,FR5568,185,https://2lnr.com/routes/dub-fco,flight-route mismatch
DUB,FCO,FR9611,185,https://2lnr.com/routes/dub-fco,no independent flight-route evidence
DUB,HEL,AY1382,185,https://2lnr.com/routes/dub-hel,no independent flight-route evidence
DUB,HEL,AY1382,185,https://2lnr.com/routes/dub-hel,no independent flight-route evidence
DUB,HEL,AY1382,185,https://2lnr.com/routes/dub-hel,no independent flight-route evidence
DUB,HEL,AY1382,180,https://2lnr.com/routes/dub-hel,no independent flight-route evidence
DUB,HEL,AY1386,185,https://2lnr.com/routes/dub-hel,no independent flight-route evidence
DUB,HEL,AY1386,185,https://2lnr.com/routes/dub-hel,no independent flight-route evidence
DUB,HEL,AY1386,185,https://2lnr.com/routes/dub-hel,no independent flight-route evidence
DUB,HEL,AY1386,185,https://2lnr.com/routes/dub-hel,no independent flight-route evidence
DUB,IAD,EI117,490,https://2lnr.com/routes/dub-iad,no independent flight-route evidence
DUB,IST,TK1174,270,https://2lnr.com/routes/dub-ist,no independent flight-route evidence
DUB,IST,TK1174,270,https://2lnr.com/routes/dub-ist,no independent flight-route evidence
DUB,IST,TK1978,260,https://2lnr.com/routes/dub-ist,flight-route mismatch
DUB,IST,TK1978,265,https://2lnr.com/routes/dub-ist,flight-route mismatch
DUB,LAS,EI51,640,https://2lnr.com/routes/dub-las,no independent flight-route evidence
DUB,LAS,EI51,640,https://2lnr.com/routes/dub-las,no independent flight-route evidence
DUB,LAX,EI69,660,https://2lnr.com/routes/dub-lax,flight-route mismatch
DUB,LGW,FR1111,90,https://2lnr.com/routes/dub-lgw,flight-route mismatch
DUB,LGW,FR126,90,https://2lnr.com/routes/dub-lgw,flight-route mismatch
DUB,LGW,FR142,90,https://2lnr.com/routes/dub-lgw,flight-route mismatch
DUB,LGW,FR142,90,https://2lnr.com/routes/dub-lgw,flight-route mismatch
DUB,LHR,EI160,85,https://2lnr.com/routes/dub-lhr,no independent flight-route evidence
DUB,LIS,EI486,175,https://2lnr.com/routes/dub-lis,flight-route mismatch
DUB,LIS,FR7390,170,https://2lnr.com/routes/dub-lis,no independent flight-route evidence
DUB,MAD,FR10,160,https://2lnr.com/routes/dub-mad,flight-route mismatch
DUB,MAD,FR495,160,https://2lnr.com/routes/dub-mad,no independent flight-route evidence
DUB,MAD,FR7240,160,https://2lnr.com/routes/dub-mad,flight-route mismatch
DUB,MAD,IB1882,155,https://2lnr.com/routes/dub-mad,no independent flight-route evidence
DUB,MAD,IB1882,155,https://2lnr.com/routes/dub-mad,no independent flight-route evidence
DUB,MAN,EI3320,70,https://2lnr.com/routes/dub-man,no independent flight-route evidence
DUB,MAN,EI3322,70,https://2lnr.com/routes/dub-man,no independent flight-route evidence
DUB,MAN,EI3324,75,https://2lnr.com/routes/dub-man,no independent flight-route evidence
DUB,MAN,EI3326,65,https://2lnr.com/routes/dub-man,no independent flight-route evidence
DUB,MAN,EI3328,75,https://2lnr.com/routes/dub-man,no independent flight-route evidence
DUB,MUC,LH2517,140,https://2lnr.com/routes/dub-muc,flight-route mismatch
DUB,MUC,LH2517,140,https://2lnr.com/routes/dub-muc,flight-route mismatch
DUB,MXP,FR1454,155,https://2lnr.com/routes/dub-mxp,flight-route mismatch
DUB,MXP,FR1454,155,https://2lnr.com/routes/dub-mxp,flight-route mismatch
DUB,MXP,FR9087,155,https://2lnr.com/routes/dub-mxp,flight-route mismatch
DUB,OPO,FR7072,145,https://2lnr.com/routes/dub-opo,no independent flight-route evidence
DUB,PRG,FR96,145,https://2lnr.com/routes/dub-prg,flight-route mismatch
DUB,SEA,EI53,585,https://2lnr.com/routes/dub-sea,no independent flight-route evidence
DUB,SFO,EI61,655,https://2lnr.com/routes/dub-sfo,no independent flight-route evidence
DUB,SFO,EI61,660,https://2lnr.com/routes/dub-sfo,no independent flight-route evidence
DUB,SFO,EI61,655,https://2lnr.com/routes/dub-sfo,no independent flight-route evidence
DUB,ZRH,LX403,135,https://2lnr.com/routes/dub-zrh,no independent flight-route evidence
DUB,ZRH,LX403,135,https://2lnr.com/routes/dub-zrh,no independent flight-route evidence
DUR,CPT,RN303,120,https://2lnr.com/routes/dur-cpt,no independent flight-route evidence
DUR,CPT,W22029,135,https://2lnr.com/routes/dur-cpt,no independent flight-route evidence
DUR,CPT,W22037,135,https://2lnr.com/routes/dur-cpt,no independent flight-route evidence
DUR,CPT,W22039,135,https://2lnr.com/routes/dur-cpt,no independent flight-route evidence
DUR,CPT,W22059,135,https://2lnr.com/routes/dur-cpt,no independent flight-route evidence
DUR,DOH,QR1376,635,https://2lnr.com/routes/dur-doh,independently confirmed stopover
DUR,HRE,4Z410,125,https://2lnr.com/routes/dur-hre,no independent flight-route evidence
DUR,JNB,4Z556,70,https://2lnr.com/routes/dur-jnb,no independent flight-route evidence
DUR,JNB,W22015,65,https://2lnr.com/routes/dur-jnb,no independent flight-route evidence
DUR,JNB,W22017,65,https://2lnr.com/routes/dur-jnb,no independent flight-route evidence
DUR,JNB,W22019,65,https://2lnr.com/routes/dur-jnb,no independent flight-route evidence
DUS,ARN,EW4673,120,https://2lnr.com/routes/dus-arn,no independent flight-route evidence
DUS,ARN,EW4675,120,https://2lnr.com/routes/dus-arn,no independent flight-route evidence
DUS,ARN,EW4677,120,https://2lnr.com/routes/dus-arn,no independent flight-route evidence
DUS,ATH,GQ891,180,https://2lnr.com/routes/dus-ath,no independent flight-route evidence
DUS,BCN,EW9440,130,https://2lnr.com/routes/dus-bcn,no independent flight-route evidence
DUS,BCN,EW9440,130,https://2lnr.com/routes/dus-bcn,no independent flight-route evidence
DUS,BCN,EW9440,130,https://2lnr.com/routes/dus-bcn,no independent flight-route evidence
DUS,BCN,EW9440,130,https://2lnr.com/routes/dus-bcn,no independent flight-route evidence
DUS,BCN,EW9440,125,https://2lnr.com/routes/dus-bcn,no independent flight-route evidence
DUS,BER,EW8041,70,https://2lnr.com/routes/dus-ber,no independent flight-route evidence
DUS,BER,EW8043,70,https://2lnr.com/routes/dus-ber,flight-route mismatch
DUS,BER,EW8045,70,https://2lnr.com/routes/dus-ber,flight-route mismatch
DUS,BER,EW8045,70,https://2lnr.com/routes/dus-ber,flight-route mismatch
DUS,BER,EW8047,70,https://2lnr.com/routes/dus-ber,flight-route mismatch
DUS,BER,EW9040,70,https://2lnr.com/routes/dus-ber,no independent flight-route evidence
DUS,BER,EW9042,70,https://2lnr.com/routes/dus-ber,flight-route mismatch
DUS,BER,EW9042,70,https://2lnr.com/routes/dus-ber,flight-route mismatch
DUS,BER,EW9046,70,https://2lnr.com/routes/dus-ber,flight-route mismatch
DUS,BER,EW9046,70,https://2lnr.com/routes/dus-ber,flight-route mismatch
DUS,BER,EW9048,70,https://2lnr.com/routes/dus-ber,flight-route mismatch
DUS,BER,EW9048,70,https://2lnr.com/routes/dus-ber,flight-route mismatch
DUS,CAI,EW9988,265,https://2lnr.com/routes/dus-cai,no independent flight-route evidence
DUS,CAI,EW9988,265,https://2lnr.com/routes/dus-cai,no independent flight-route evidence
DUS,CDG,A51407,75,https://2lnr.com/routes/dus-cdg,no independent flight-route evidence
DUS,DOH,QR86,365,https://2lnr.com/routes/dus-doh,flight-route mismatch
DUS,FCO,EW9886,120,https://2lnr.com/routes/dus-fco,no independent flight-route evidence
DUS,FCO,EW9886,120,https://2lnr.com/routes/dus-fco,no independent flight-route evidence
DUS,HEL,AY1392,140,https://2lnr.com/routes/dus-hel,no independent flight-route evidence
DUS,HEL,AY1392,140,https://2lnr.com/routes/dus-hel,no independent flight-route evidence
DUS,HEL,AY1392,140,https://2lnr.com/routes/dus-hel,no independent flight-route evidence
DUS,HEL,AY1396,140,https://2lnr.com/routes/dus-hel,no independent flight-route evidence
DUS,HEL,AY1396,140,https://2lnr.com/routes/dus-hel,no independent flight-route evidence
DUS,HEL,AY1396,140,https://2lnr.com/routes/dus-hel,no independent flight-route evidence
DUS,IST,TK1526,200,https://2lnr.com/routes/dus-ist,flight-route mismatch
DUS,IST,TK1528,195,https://2lnr.com/routes/dus-ist,flight-route mismatch
DUS,IST,TK1528,195,https://2lnr.com/routes/dus-ist,flight-route mismatch
DUS,IST,TK1528,195,https://2lnr.com/routes/dus-ist,flight-route mismatch
DUS,IST,TK1528,195,https://2lnr.com/routes/dus-ist,flight-route mismatch
DUS,LHR,EW9460,85,https://2lnr.com/routes/dus-lhr,no independent flight-route evidence
DUS,LHR,EW9460,85,https://2lnr.com/routes/dus-lhr,no independent flight-route evidence
DUS,MAD,EW9510,150,https://2lnr.com/routes/dus-mad,no independent flight-route evidence
DUS,MAD,EW9510,150,https://2lnr.com/routes/dus-mad,no independent flight-route evidence
DUS,MAD,EW9510,150,https://2lnr.com/routes/dus-mad,no independent flight-route evidence
DUS,MAD,EW9510,150,https://2lnr.com/routes/dus-mad,no independent flight-route evidence
DUS,MAD,IB1320,160,https://2lnr.com/routes/dus-mad,no independent flight-route evidence
DUS,MAD,IB1324,160,https://2lnr.com/routes/dus-mad,no independent flight-route evidence
DUS,MAD,IB1326,160,https://2lnr.com/routes/dus-mad,no independent flight-route evidence
DUS,MAD,IB752,160,https://2lnr.com/routes/dus-mad,no independent flight-route evidence
DUS,MAD,IB754,160,https://2lnr.com/routes/dus-mad,no independent flight-route evidence
DUS,MAD,IB756,160,https://2lnr.com/routes/dus-mad,flight-route mismatch
DUS,MAD,IB756,160,https://2lnr.com/routes/dus-mad,flight-route mismatch
DUS,MUC,LH2031,70,https://2lnr.com/routes/dus-muc,flight-route mismatch
DUS,MUC,LH2035,70,https://2lnr.com/routes/dus-muc,flight-route mismatch
DUS,MUC,VL2005,70,https://2lnr.com/routes/dus-muc,no independent flight-route evidence
DUS,MUC,VL2005,70,https://2lnr.com/routes/dus-muc,no independent flight-route evidence
DUS,MUC,VL2007,70,https://2lnr.com/routes/dus-muc,no independent flight-route evidence
DUS,MUC,VL2023,70,https://2lnr.com/routes/dus-muc,no independent flight-route evidence
DUS,MXP,U23942,90,https://2lnr.com/routes/dus-mxp,flight-route mismatch
DUS,MXP,U23942,90,https://2lnr.com/routes/dus-mxp,flight-route mismatch
DUS,MXP,U23944,90,https://2lnr.com/routes/dus-mxp,no independent flight-route evidence
DUS,MXP,U23944,90,https://2lnr.com/routes/dus-mxp,no independent flight-route evidence
DUS,NCE,EW9422,105,https://2lnr.com/routes/dus-nce,no independent flight-route evidence
DUS,NCE,EW9422,105,https://2lnr.com/routes/dus-nce,no independent flight-route evidence
DUS,PRG,EW4203,75,https://2lnr.com/routes/dus-prg,flight-route mismatch
DUS,PRG,EW4205,75,https://2lnr.com/routes/dus-prg,flight-route mismatch
DUS,PRG,EW9772,75,https://2lnr.com/routes/dus-prg,no independent flight-route evidence
DUS,TLV,BZ291,260,https://2lnr.com/routes/dus-tlv,no independent flight-route evidence
DUS,VIE,OS162,95,https://2lnr.com/routes/dus-vie,no independent flight-route evidence
DUS,VIE,OS162,95,https://2lnr.com/routes/dus-vie,no independent flight-route evidence
DUS,VIE,OS166,95,https://2lnr.com/routes/dus-vie,flight-route mismatch
DUS,VIE,OS166,95,https://2lnr.com/routes/dus-vie,flight-route mismatch
DUS,VIE,OS168,95,https://2lnr.com/routes/dus-vie,no independent flight-route evidence
DUS,WAW,LO404,110,https://2lnr.com/routes/dus-waw,flight-route mismatch
DUS,WAW,LO404,110,https://2lnr.com/routes/dus-waw,flight-route mismatch
DUS,WAW,LO404,110,https://2lnr.com/routes/dus-waw,flight-route mismatch
DUS,WAW,LO404,110,https://2lnr.com/routes/dus-waw,flight-route mismatch
DUS,WAW,LO406,110,https://2lnr.com/routes/dus-waw,flight-route mismatch
DUS,WAW,LO406,110,https://2lnr.com/routes/dus-waw,flight-route mismatch
DXB,AKL,EK448,890,https://2lnr.com/routes/dxb-akl,nonadjacent airports in flight sequence
DXB,AMM,FZ147,190,https://2lnr.com/routes/dxb-amm,no independent flight-route evidence
DXB,BAH,FZ23,80,https://2lnr.com/routes/dxb-bah,no independent flight-route evidence
DXB,BAH,FZ25,80,https://2lnr.com/routes/dxb-bah,no independent flight-route evidence
DXB,BAH,FZ25,75,https://2lnr.com/routes/dxb-bah,no independent flight-route evidence
DXB,BAH,FZ27,75,https://2lnr.com/routes/dxb-bah,no independent flight-route evidence
DXB,BAH,FZ29,75,https://2lnr.com/routes/dxb-bah,no independent flight-route evidence
DXB,CPH,EK153,415,https://2lnr.com/routes/dxb-cph,no independent flight-route evidence
DXB,DAC,BG348,290,https://2lnr.com/routes/dxb-dac,flight-route mismatch
DXB,DAC,BG348,290,https://2lnr.com/routes/dxb-dac,flight-route mismatch
DXB,DAC,BS342,305,https://2lnr.com/routes/dxb-dac,flight-route mismatch
DXB,DAC,BS342,310,https://2lnr.com/routes/dxb-dac,flight-route mismatch
DXB,DAC,BS342,315,https://2lnr.com/routes/dxb-dac,flight-route mismatch
DXB,DAC,EK582,280,https://2lnr.com/routes/dxb-dac,flight-route mismatch
DXB,DAC,EK584,275,https://2lnr.com/routes/dxb-dac,flight-route mismatch
DXB,DAC,EK584,275,https://2lnr.com/routes/dxb-dac,flight-route mismatch
DXB,DAC,EK586,290,https://2lnr.com/routes/dxb-dac,flight-route mismatch
DXB,DAC,FZ501,300,https://2lnr.com/routes/dxb-dac,flight-route mismatch
DXB,DAC,FZ503,300,https://2lnr.com/routes/dxb-dac,no independent flight-route evidence
DXB,DAC,FZ523,300,https://2lnr.com/routes/dxb-dac,flight-route mismatch
DXB,DME,EK129,320,https://2lnr.com/routes/dxb-dme,flight-route mismatch
DXB,DOH,FZ3,75,https://2lnr.com/routes/dxb-doh,no independent flight-route evidence
DXB,DOH,FZ9,75,https://2lnr.com/routes/dxb-doh,no independent flight-route evidence
DXB,DOH,FZ9,75,https://2lnr.com/routes/dxb-doh,no independent flight-route evidence
DXB,DOH,QR1015,75,https://2lnr.com/routes/dxb-doh,no independent flight-route evidence
DXB,DOH,QR1019,75,https://2lnr.com/routes/dxb-doh,no independent flight-route evidence
DXB,DUR,EK775,500,https://2lnr.com/routes/dxb-dur,nonadjacent airports in flight sequence
DXB,EVN,FZ715,195,https://2lnr.com/routes/dxb-evn,no independent flight-route evidence
DXB,EVN,FZ715,230,https://2lnr.com/routes/dxb-evn,no independent flight-route evidence
DXB,EVN,FZ715,230,https://2lnr.com/routes/dxb-evn,no independent flight-route evidence
DXB,GYD,FZ709,240,https://2lnr.com/routes/dxb-gyd,no independent flight-route evidence
DXB,HEL,EK167,435,https://2lnr.com/routes/dxb-hel,no independent flight-route evidence
DXB,HKT,EK390,390,https://2lnr.com/routes/dxb-hkt,flight-route mismatch
DXB,HYD,IX954,205,https://2lnr.com/routes/dxb-hyd,flight-route mismatch
DXB,IST,FZ727,280,https://2lnr.com/routes/dxb-ist,flight-route mismatch
DXB,IST,TK759,310,https://2lnr.com/routes/dxb-ist,no independent flight-route evidence
DXB,IST,TK759,295,https://2lnr.com/routes/dxb-ist,no independent flight-route evidence
DXB,IST,TK761,285,https://2lnr.com/routes/dxb-ist,flight-route mismatch
DXB,IST,TK763,300,https://2lnr.com/routes/dxb-ist,flight-route mismatch
DXB,IST,TK763,290,https://2lnr.com/routes/dxb-ist,flight-route mismatch
DXB,IST,TK763,290,https://2lnr.com/routes/dxb-ist,flight-route mismatch
DXB,IST,TK765,295,https://2lnr.com/routes/dxb-ist,flight-route mismatch
DXB,IST,TK765,290,https://2lnr.com/routes/dxb-ist,flight-route mismatch
DXB,KWI,EK857,110,https://2lnr.com/routes/dxb-kwi,flight-route mismatch
DXB,KWI,FZ53,110,https://2lnr.com/routes/dxb-kwi,flight-route mismatch
DXB,KWI,FZ55,110,https://2lnr.com/routes/dxb-kwi,no independent flight-route evidence
DXB,KWI,FZ57,110,https://2lnr.com/routes/dxb-kwi,no independent flight-route evidence
DXB,KWI,FZ59,105,https://2lnr.com/routes/dxb-kwi,no independent flight-route evidence
DXB,KWI,FZ63,115,https://2lnr.com/routes/dxb-kwi,no independent flight-route evidence
DXB,KWI,KU672,120,https://2lnr.com/routes/dxb-kwi,flight-route mismatch
DXB,KWI,KU674,120,https://2lnr.com/routes/dxb-kwi,flight-route mismatch
DXB,KWI,KU676,120,https://2lnr.com/routes/dxb-kwi,flight-route mismatch
DXB,LED,FZ991,440,https://2lnr.com/routes/dxb-led,no independent flight-route evidence
DXB,LUN,EK713,430,https://2lnr.com/routes/dxb-lun,flight-route mismatch
DXB,MCT,FZ43,70,https://2lnr.com/routes/dxb-mct,no independent flight-route evidence
DXB,MCT,FZ45,70,https://2lnr.com/routes/dxb-mct,no independent flight-route evidence
DXB,MCT,FZ49,70,https://2lnr.com/routes/dxb-mct,no independent flight-route evidence
DXB,MNL,EK2524,545,https://2lnr.com/routes/dxb-mnl,no independent flight-route evidence
DXB,PRG,FZ1781,400,https://2lnr.com/routes/dxb-prg,no independent flight-route evidence
DXB,PRG,FZ1781,390,https://2lnr.com/routes/dxb-prg,no independent flight-route evidence
DXB,TAS,C66655,260,https://2lnr.com/routes/dxb-tas,no independent flight-route evidence
DXB,TBS,FZ711,205,https://2lnr.com/routes/dxb-tbs,no independent flight-route evidence
DXB,TBS,FZ713,205,https://2lnr.com/routes/dxb-tbs,no independent flight-route evidence
DXB,TBS,FZ721,240,https://2lnr.com/routes/dxb-tbs,no independent flight-route evidence
DXB,TFU,3U3918,450,https://2lnr.com/routes/dxb-tfu,flight-route mismatch
EBB,ADD,ET333,130,https://2lnr.com/routes/ebb-add,no independent flight-route evidence
EBB,CAI,MS835,315,https://2lnr.com/routes/ebb-cai,flight-route mismatch
EBB,HRE,UR720,270,https://2lnr.com/routes/ebb-hre,flight-route mismatch
EBB,HRE,UR722,180,https://2lnr.com/routes/ebb-hre,flight-route mismatch
EBB,HRE,UR722,180,https://2lnr.com/routes/ebb-hre,flight-route mismatch
EBB,IST,TK592,410,https://2lnr.com/routes/ebb-ist,flight-route mismatch
EBB,JED,XY684,225,https://2lnr.com/routes/ebb-jed,flight-route mismatch
EBB,KGL,WB423,60,https://2lnr.com/routes/ebb-kgl,no independent flight-route evidence
EBB,LOS,UR902,270,https://2lnr.com/routes/ebb-los,no independent flight-route evidence
EBB,LUN,UR720,165,https://2lnr.com/routes/ebb-lun,flight-route mismatch
EBB,LUN,UR720,165,https://2lnr.com/routes/ebb-lun,flight-route mismatch
EBB,NBO,JM8523,90,https://2lnr.com/routes/ebb-nbo,no independent flight-route evidence
EDI,AMS,U23301,95,https://2lnr.com/routes/edi-ams,flight-route mismatch
EDI,AMS,U23301,90,https://2lnr.com/routes/edi-ams,flight-route mismatch
EDI,AMS,U23303,90,https://2lnr.com/routes/edi-ams,flight-route mismatch
EDI,AMS,U23303,95,https://2lnr.com/routes/edi-ams,flight-route mismatch
EDI,AMS,U27828,100,https://2lnr.com/routes/edi-ams,no independent flight-route evidence
EDI,AMS,U27838,95,https://2lnr.com/routes/edi-ams,flight-route mismatch
EDI,AMS,U27838,90,https://2lnr.com/routes/edi-ams,flight-route mismatch
EDI,AMS,U27838,100,https://2lnr.com/routes/edi-ams,flight-route mismatch
EDI,BCN,U23215,160,https://2lnr.com/routes/edi-bcn,flight-route mismatch
EDI,BCN,U23215,165,https://2lnr.com/routes/edi-bcn,flight-route mismatch
EDI,BCN,U27116,170,https://2lnr.com/routes/edi-bcn,no independent flight-route evidence
EDI,BCN,U27116,165,https://2lnr.com/routes/edi-bcn,no independent flight-route evidence
EDI,BER,FR2376,125,https://2lnr.com/routes/edi-ber,flight-route mismatch
EDI,BER,FR2376,125,https://2lnr.com/routes/edi-ber,flight-route mismatch
EDI,BER,U23261,125,https://2lnr.com/routes/edi-ber,no independent flight-route evidence
EDI,BER,U23261,130,https://2lnr.com/routes/edi-ber,no independent flight-route evidence
EDI,BUD,FR1017,170,https://2lnr.com/routes/edi-bud,flight-route mismatch
EDI,BUD,FR1017,170,https://2lnr.com/routes/edi-bud,flight-route mismatch
EDI,BUD,FR1077,170,https://2lnr.com/routes/edi-bud,flight-route mismatch
EDI,CDG,U23241,115,https://2lnr.com/routes/edi-cdg,no independent flight-route evidence
EDI,CDG,U23241,115,https://2lnr.com/routes/edi-cdg,no independent flight-route evidence
EDI,CDG,U23243,115,https://2lnr.com/routes/edi-cdg,flight-route mismatch
EDI,CDG,U24650,115,https://2lnr.com/routes/edi-cdg,flight-route mismatch
EDI,CDG,U24678,115,https://2lnr.com/routes/edi-cdg,flight-route mismatch
EDI,CDG,U24678,115,https://2lnr.com/routes/edi-cdg,flight-route mismatch
EDI,CDG,U24680,115,https://2lnr.com/routes/edi-cdg,no independent flight-route evidence
EDI,CDG,U24680,115,https://2lnr.com/routes/edi-cdg,no independent flight-route evidence
EDI,CDG,U24682,115,https://2lnr.com/routes/edi-cdg,flight-route mismatch
EDI,CDG,U24682,115,https://2lnr.com/routes/edi-cdg,flight-route mismatch
EDI,CDG,U24698,115,https://2lnr.com/routes/edi-cdg,flight-route mismatch
EDI,CPH,U23323,110,https://2lnr.com/routes/edi-cph,flight-route mismatch
EDI,DUB,EI3251,75,https://2lnr.com/routes/edi-dub,no independent flight-route evidence
EDI,DUB,EI3253,80,https://2lnr.com/routes/edi-dub,no independent flight-route evidence
EDI,DUB,EI3255,75,https://2lnr.com/routes/edi-dub,no independent flight-route evidence
EDI,DUB,EI3257,75,https://2lnr.com/routes/edi-dub,no independent flight-route evidence
EDI,DUB,EI3551,75,https://2lnr.com/routes/edi-dub,no independent flight-route evidence
EDI,DUB,EI3553,75,https://2lnr.com/routes/edi-dub,no independent flight-route evidence
EDI,DUB,EI3555,75,https://2lnr.com/routes/edi-dub,no independent flight-route evidence
EDI,DUB,EI3557,75,https://2lnr.com/routes/edi-dub,no independent flight-route evidence
EDI,DUB,FR809,65,https://2lnr.com/routes/edi-dub,flight-route mismatch
EDI,GVA,U21588,135,https://2lnr.com/routes/edi-gva,no independent flight-route evidence
EDI,GVA,U21588,140,https://2lnr.com/routes/edi-gva,no independent flight-route evidence
EDI,GVA,U23291,135,https://2lnr.com/routes/edi-gva,flight-route mismatch
EDI,GVA,U23291,135,https://2lnr.com/routes/edi-gva,flight-route mismatch
EDI,HEL,AY1372,155,https://2lnr.com/routes/edi-hel,no independent flight-route evidence
EDI,HEL,AY1374,155,https://2lnr.com/routes/edi-hel,flight-route mismatch
EDI,IST,TK1344,260,https://2lnr.com/routes/edi-ist,flight-route mismatch
EDI,IST,TK1346,255,https://2lnr.com/routes/edi-ist,flight-route mismatch
EDI,IST,TK1346,260,https://2lnr.com/routes/edi-ist,flight-route mismatch
EDI,IST,TK1346,255,https://2lnr.com/routes/edi-ist,flight-route mismatch
EDI,KEF,U23315,150,https://2lnr.com/routes/edi-kef,flight-route mismatch
EDI,LGW,U2807,100,https://2lnr.com/routes/edi-lgw,flight-route mismatch
EDI,LGW,U2807,95,https://2lnr.com/routes/edi-lgw,flight-route mismatch
EDI,LGW,U2809,100,https://2lnr.com/routes/edi-lgw,flight-route mismatch
EDI,LGW,U2809,95,https://2lnr.com/routes/edi-lgw,flight-route mismatch
EDI,LGW,U2811,100,https://2lnr.com/routes/edi-lgw,flight-route mismatch
EDI,LHR,BA1451,85,https://2lnr.com/routes/edi-lhr,no independent flight-route evidence
EDI,LHR,BA1467,95,https://2lnr.com/routes/edi-lhr,flight-route mismatch
EDI,LHR,BA1467,95,https://2lnr.com/routes/edi-lhr,flight-route mismatch
EDI,LIS,FR479,195,https://2lnr.com/routes/edi-lis,flight-route mismatch
EDI,LIS,U23321,200,https://2lnr.com/routes/edi-lis,flight-route mismatch
EDI,LIS,U23321,200,https://2lnr.com/routes/edi-lis,flight-route mismatch
EDI,MAD,IB708,175,https://2lnr.com/routes/edi-mad,no independent flight-route evidence
EDI,MAD,U23209,185,https://2lnr.com/routes/edi-mad,no independent flight-route evidence
EDI,MAD,U23209,180,https://2lnr.com/routes/edi-mad,no independent flight-route evidence
EDI,MAD,U23209,185,https://2lnr.com/routes/edi-mad,no independent flight-route evidence
EDI,MXP,FR7052,150,https://2lnr.com/routes/edi-mxp,flight-route mismatch
EDI,MXP,FR7052,150,https://2lnr.com/routes/edi-mxp,flight-route mismatch
EDI,NCE,U23245,170,https://2lnr.com/routes/edi-nce,flight-route mismatch
EDI,NCE,U23245,160,https://2lnr.com/routes/edi-nce,flight-route mismatch
EDI,NCE,U23245,160,https://2lnr.com/routes/edi-nce,flight-route mismatch
EDI,OPO,FR5679,170,https://2lnr.com/routes/edi-opo,no independent flight-route evidence
EDI,OPO,FR9468,170,https://2lnr.com/routes/edi-opo,flight-route mismatch
EDI,OPO,FR9468,170,https://2lnr.com/routes/edi-opo,flight-route mismatch
EDI,PRG,U23325,135,https://2lnr.com/routes/edi-prg,flight-route mismatch
EDI,RAK,U23331,250,https://2lnr.com/routes/edi-rak,no independent flight-route evidence
EDI,RAK,U23331,190,https://2lnr.com/routes/edi-rak,no independent flight-route evidence
EDI,VIE,FR1625,160,https://2lnr.com/routes/edi-vie,flight-route mismatch
EDI,ZRH,U23295,130,https://2lnr.com/routes/edi-zrh,flight-route mismatch
EDI,ZRH,WK291,130,https://2lnr.com/routes/edi-zrh,flight-route mismatch
EDI,ZRH,WK291,135,https://2lnr.com/routes/edi-zrh,flight-route mismatch
EVN,BUD,W62464,215,https://2lnr.com/routes/evn-bud,no independent flight-route evidence
EVN,BUD,W67863,215,https://2lnr.com/routes/evn-bud,no independent flight-route evidence
EVN,FCO,W46168,260,https://2lnr.com/routes/evn-fco,no independent flight-route evidence
EVN,FCO,W46168,245,https://2lnr.com/routes/evn-fco,no independent flight-route evidence
EVN,MXP,W46456,275,https://2lnr.com/routes/evn-mxp,no independent flight-route evidence
EVN,PRG,W67859,250,https://2lnr.com/routes/evn-prg,no independent flight-route evidence
EWR,ANC,UA450,469,https://2lnr.com/routes/ewr-anc,flight-route mismatch
EWR,BER,UA962,485,https://2lnr.com/routes/ewr-ber,flight-route mismatch
EWR,BOS,DL5718,88,https://2lnr.com/routes/ewr-bos,no independent flight-route evidence
EWR,BOS,DL5764,84,https://2lnr.com/routes/ewr-bos,no independent flight-route evidence
EWR,BOS,DL5764,89,https://2lnr.com/routes/ewr-bos,no independent flight-route evidence
EWR,BOS,DL5829,80,https://2lnr.com/routes/ewr-bos,no independent flight-route evidence
EWR,BOS,DL5829,81,https://2lnr.com/routes/ewr-bos,no independent flight-route evidence
EWR,CDG,AF65,435,https://2lnr.com/routes/ewr-cdg,flight-route mismatch
EWR,CLT,AA1330,116,https://2lnr.com/routes/ewr-clt,flight-route mismatch
EWR,CLT,AA1330,137,https://2lnr.com/routes/ewr-clt,flight-route mismatch
EWR,CLT,UA3493,131,https://2lnr.com/routes/ewr-clt,flight-route mismatch
EWR,CLT,UA3504,131,https://2lnr.com/routes/ewr-clt,flight-route mismatch
EWR,CLT,UA3533,125,https://2lnr.com/routes/ewr-clt,flight-route mismatch
EWR,CLT,UA3533,128,https://2lnr.com/routes/ewr-clt,flight-route mismatch
EWR,CLT,UA3547,125,https://2lnr.com/routes/ewr-clt,flight-route mismatch
EWR,CLT,UA3635,126,https://2lnr.com/routes/ewr-clt,no independent flight-route evidence
EWR,DEN,UA2444,255,https://2lnr.com/routes/ewr-den,flight-route mismatch
EWR,DFW,AA813,248,https://2lnr.com/routes/ewr-dfw,flight-route mismatch
EWR,DFW,UA2840,231,https://2lnr.com/routes/ewr-dfw,flight-route mismatch
EWR,DFW,UA3603,247,https://2lnr.com/routes/ewr-dfw,flight-route mismatch
EWR,DTW,UA3437,115,https://2lnr.com/routes/ewr-dtw,no independent flight-route evidence
EWR,DTW,UA3475,129,https://2lnr.com/routes/ewr-dtw,flight-route mismatch
EWR,DTW,UA3633,116,https://2lnr.com/routes/ewr-dtw,no independent flight-route evidence
EWR,DTW,UA3644,129,https://2lnr.com/routes/ewr-dtw,no independent flight-route evidence
EWR,DTW,UA3700,117,https://2lnr.com/routes/ewr-dtw,no independent flight-route evidence
EWR,DUB,EI100,400,https://2lnr.com/routes/ewr-dub,no independent flight-route evidence
EWR,FLL,UA2096,193,https://2lnr.com/routes/ewr-fll,flight-route mismatch
EWR,FLL,UA435,193,https://2lnr.com/routes/ewr-fll,flight-route mismatch
EWR,FLL,UA435,193,https://2lnr.com/routes/ewr-fll,flight-route mismatch
EWR,IAD,UA2301,88,https://2lnr.com/routes/ewr-iad,flight-route mismatch
EWR,IAH,UA2438,230,https://2lnr.com/routes/ewr-iah,flight-route mismatch
EWR,IST,TK30,580,https://2lnr.com/routes/ewr-ist,flight-route mismatch
EWR,LAS,UA2828,333,https://2lnr.com/routes/ewr-las,flight-route mismatch
EWR,LAX,UA1805,357,https://2lnr.com/routes/ewr-lax,flight-route mismatch
EWR,LAX,UA345,359,https://2lnr.com/routes/ewr-lax,flight-route mismatch
EWR,LIM,UA886,475,https://2lnr.com/routes/ewr-lim,flight-route mismatch
EWR,MAD,IB328,445,https://2lnr.com/routes/ewr-mad,flight-route mismatch
EWR,MCO,UA2345,174,https://2lnr.com/routes/ewr-mco,flight-route mismatch
EWR,MCO,UA486,170,https://2lnr.com/routes/ewr-mco,flight-route mismatch
EWR,MCO,UA486,169,https://2lnr.com/routes/ewr-mco,flight-route mismatch
EWR,MIA,AA1446,195,https://2lnr.com/routes/ewr-mia,flight-route mismatch
EWR,MIA,UA2785,193,https://2lnr.com/routes/ewr-mia,flight-route mismatch
EWR,MIA,UA623,181,https://2lnr.com/routes/ewr-mia,flight-route mismatch
EWR,MSP,DL1842,186,https://2lnr.com/routes/ewr-msp,flight-route mismatch
EWR,ORD,AA1600,169,https://2lnr.com/routes/ewr-ord,flight-route mismatch
EWR,PDX,AS1399,362,https://2lnr.com/routes/ewr-pdx,flight-route mismatch
EWR,PDX,AS1399,362,https://2lnr.com/routes/ewr-pdx,flight-route mismatch
EWR,PHX,UA2612,323,https://2lnr.com/routes/ewr-phx,flight-route mismatch
EWR,PHX,UA370,314,https://2lnr.com/routes/ewr-phx,flight-route mismatch
EWR,PHX,UA676,323,https://2lnr.com/routes/ewr-phx,flight-route mismatch
EWR,SAN,AS578,360,https://2lnr.com/routes/ewr-san,flight-route mismatch
EWR,SAN,AS578,360,https://2lnr.com/routes/ewr-san,flight-route mismatch
EWR,SAN,UA2766,349,https://2lnr.com/routes/ewr-san,flight-route mismatch
EWR,SEA,UA2693,371,https://2lnr.com/routes/ewr-sea,flight-route mismatch
EWR,SEA,UA2693,371,https://2lnr.com/routes/ewr-sea,flight-route mismatch
EWR,SLC,DL679,298,https://2lnr.com/routes/ewr-slc,flight-route mismatch
EWR,SLC,UA646,301,https://2lnr.com/routes/ewr-slc,flight-route mismatch
EWR,TPA,UA1505,183,https://2lnr.com/routes/ewr-tpa,flight-route mismatch
EWR,TPA,UA601,181,https://2lnr.com/routes/ewr-tpa,flight-route mismatch
EWR,YHZ,AC7664,135,https://2lnr.com/routes/ewr-yhz,flight-route mismatch
EWR,YHZ,UA3462,133,https://2lnr.com/routes/ewr-yhz,flight-route mismatch
EWR,YHZ,UA3513,124,https://2lnr.com/routes/ewr-yhz,flight-route mismatch
EWR,YOW,PD2332,105,https://2lnr.com/routes/ewr-yow,no independent flight-route evidence
EWR,YOW,PD2334,105,https://2lnr.com/routes/ewr-yow,no independent flight-route evidence
EWR,YOW,UA3506,108,https://2lnr.com/routes/ewr-yow,flight-route mismatch
EWR,YOW,UA3660,98,https://2lnr.com/routes/ewr-yow,no independent flight-route evidence
EWR,YOW,UA4194,101,https://2lnr.com/routes/ewr-yow,flight-route mismatch
EWR,YUL,AC1561,94,https://2lnr.com/routes/ewr-yul,flight-route mismatch
EWR,YUL,AC1561,94,https://2lnr.com/routes/ewr-yul,flight-route mismatch
EWR,YUL,AC8491,95,https://2lnr.com/routes/ewr-yul,no independent flight-route evidence
EWR,YUL,AC8491,92,https://2lnr.com/routes/ewr-yul,no independent flight-route evidence
EWR,YUL,AC8493,92,https://2lnr.com/routes/ewr-yul,no independent flight-route evidence
EWR,YUL,AC8493,95,https://2lnr.com/routes/ewr-yul,no independent flight-route evidence
EWR,YUL,AC8499,92,https://2lnr.com/routes/ewr-yul,no independent flight-route evidence
EWR,YUL,PD2404,103,https://2lnr.com/routes/ewr-yul,no independent flight-route evidence
EWR,YUL,PD2404,100,https://2lnr.com/routes/ewr-yul,no independent flight-route evidence
EWR,YUL,UA3554,110,https://2lnr.com/routes/ewr-yul,flight-route mismatch
EWR,YUL,UA3621,102,https://2lnr.com/routes/ewr-yul,no independent flight-route evidence
EWR,YUL,UA3715,96,https://2lnr.com/routes/ewr-yul,no independent flight-route evidence
EWR,YYZ,AC8877,95,https://2lnr.com/routes/ewr-yyz,no independent flight-route evidence
EWR,YYZ,AC8877,95,https://2lnr.com/routes/ewr-yyz,no independent flight-route evidence
EWR,YYZ,AC8881,97,https://2lnr.com/routes/ewr-yyz,flight-route mismatch
EWR,YYZ,AC8883,106,https://2lnr.com/routes/ewr-yyz,flight-route mismatch
EWR,YYZ,UA3400,104,https://2lnr.com/routes/ewr-yyz,flight-route mismatch
EWR,YYZ,UA3434,115,https://2lnr.com/routes/ewr-yyz,flight-route mismatch
EWR,YYZ,UA3553,104,https://2lnr.com/routes/ewr-yyz,flight-route mismatch
EWR,YYZ,UA3555,104,https://2lnr.com/routes/ewr-yyz,flight-route mismatch
EWR,YYZ,UA3557,113,https://2lnr.com/routes/ewr-yyz,flight-route mismatch
EWR,YYZ,UA3557,115,https://2lnr.com/routes/ewr-yyz,flight-route mismatch
EZE,BOG,AV8396,400,https://2lnr.com/routes/eze-bog,no independent flight-route evidence
EZE,CNF,G37215,195,https://2lnr.com/routes/eze-cnf,flight-route mismatch
EZE,DFW,AA986,650,https://2lnr.com/routes/eze-dfw,flight-route mismatch
EZE,GIG,AR1262,175,https://2lnr.com/routes/eze-gig,flight-route mismatch
EZE,GIG,AR1264,180,https://2lnr.com/routes/eze-gig,flight-route mismatch
EZE,GIG,AR1308,175,https://2lnr.com/routes/eze-gig,flight-route mismatch
EZE,GIG,JA3810,176,https://2lnr.com/routes/eze-gig,no independent flight-route evidence
EZE,GIG,JA3816,176,https://2lnr.com/routes/eze-gig,no independent flight-route evidence
EZE,GIG,JA3817,176,https://2lnr.com/routes/eze-gig,no independent flight-route evidence
EZE,GRU,LA8023,165,https://2lnr.com/routes/eze-gru,no independent flight-route evidence
EZE,GRU,LA8023,165,https://2lnr.com/routes/eze-gru,no independent flight-route evidence
EZE,GRU,LA8131,150,https://2lnr.com/routes/eze-gru,no independent flight-route evidence
EZE,GRU,LA8131,160,https://2lnr.com/routes/eze-gru,no independent flight-route evidence
EZE,GRU,LA8131,155,https://2lnr.com/routes/eze-gru,no independent flight-route evidence
EZE,GRU,LA8131,155,https://2lnr.com/routes/eze-gru,no independent flight-route evidence
EZE,GRU,LX93,160,https://2lnr.com/routes/eze-gru,flight-route mismatch
EZE,GYE,AV634,375,https://2lnr.com/routes/eze-gye,flight-route mismatch
EZE,LIM,LA2376,290,https://2lnr.com/routes/eze-lim,flight-route mismatch
EZE,LIM,LA2376,290,https://2lnr.com/routes/eze-lim,flight-route mismatch
EZE,LIM,LA2946,290,https://2lnr.com/routes/eze-lim,no independent flight-route evidence
EZE,PTY,CM4439,442,https://2lnr.com/routes/eze-pty,no independent flight-route evidence
EZE,REC,LA8161,310,https://2lnr.com/routes/eze-rec,no independent flight-route evidence
EZE,SCL,JA734,146,https://2lnr.com/routes/eze-scl,flight-route mismatch
EZE,SCL,JA736,146,https://2lnr.com/routes/eze-scl,flight-route mismatch
EZE,UIO,AV646,375,https://2lnr.com/routes/eze-uio,no independent flight-route evidence
FCO,ARN,D84356,190,https://2lnr.com/routes/fco-arn,no independent flight-route evidence
FCO,ARN,FR915,195,https://2lnr.com/routes/fco-arn,flight-route mismatch
FCO,ATH,GQ821,120,https://2lnr.com/routes/fco-ath,no independent flight-route evidence
FCO,ATL,DL299,660,https://2lnr.com/routes/fco-atl,flight-route mismatch
FCO,BCN,FR3181,110,https://2lnr.com/routes/fco-bcn,flight-route mismatch
FCO,BCN,FR6342,110,https://2lnr.com/routes/fco-bcn,flight-route mismatch
FCO,BCN,FR6974,110,https://2lnr.com/routes/fco-bcn,flight-route mismatch
FCO,BCN,VY6115,110,https://2lnr.com/routes/fco-bcn,flight-route mismatch
FCO,BCN,W46017,110,https://2lnr.com/routes/fco-bcn,no independent flight-route evidence
FCO,BCN,W46019,110,https://2lnr.com/routes/fco-bcn,flight-route mismatch
FCO,BCN,W46021,110,https://2lnr.com/routes/fco-bcn,no independent flight-route evidence
FCO,BER,FR135,130,https://2lnr.com/routes/fco-ber,flight-route mismatch
FCO,BER,FR41,130,https://2lnr.com/routes/fco-ber,flight-route mismatch
FCO,BER,U25080,135,https://2lnr.com/routes/fco-ber,flight-route mismatch
FCO,BER,U25080,130,https://2lnr.com/routes/fco-ber,flight-route mismatch
FCO,BER,U25082,130,https://2lnr.com/routes/fco-ber,no independent flight-route evidence
FCO,BER,U25082,130,https://2lnr.com/routes/fco-ber,no independent flight-route evidence
FCO,BRU,U22980,130,https://2lnr.com/routes/fco-bru,no independent flight-route evidence
FCO,BRU,U22982,130,https://2lnr.com/routes/fco-bru,flight-route mismatch
FCO,BUD,W42342,110,https://2lnr.com/routes/fco-bud,no independent flight-route evidence
FCO,BUD,W42344,110,https://2lnr.com/routes/fco-bud,no independent flight-route evidence
FCO,BUD,W62342,110,https://2lnr.com/routes/fco-bud,flight-route mismatch
FCO,BUD,W62342,115,https://2lnr.com/routes/fco-bud,flight-route mismatch
FCO,CDG,AF1105,130,https://2lnr.com/routes/fco-cdg,no independent flight-route evidence
FCO,CDG,AF1105,130,https://2lnr.com/routes/fco-cdg,no independent flight-route evidence
FCO,CPH,FR407,160,https://2lnr.com/routes/fco-cph,flight-route mismatch
FCO,CPH,FR407,160,https://2lnr.com/routes/fco-cph,flight-route mismatch
FCO,CUN,NO430,700,https://2lnr.com/routes/fco-cun,flight-route mismatch
FCO,DAC,BG356,520,https://2lnr.com/routes/fco-dac,flight-route mismatch
FCO,DFW,AA9601,720,https://2lnr.com/routes/fco-dfw,no independent flight-route evidence
FCO,DUB,EI401,200,https://2lnr.com/routes/fco-dub,no independent flight-route evidence
FCO,DUB,EI401,195,https://2lnr.com/routes/fco-dub,no independent flight-route evidence
FCO,DUB,EI405,205,https://2lnr.com/routes/fco-dub,no independent flight-route evidence
FCO,DUS,EW9887,130,https://2lnr.com/routes/fco-dus,flight-route mismatch
FCO,DUS,EW9887,130,https://2lnr.com/routes/fco-dus,flight-route mismatch
FCO,EDI,LS3916,195,https://2lnr.com/routes/fco-edi,no independent flight-route evidence
FCO,EVN,W46167,240,https://2lnr.com/routes/fco-evn,no independent flight-route evidence
FCO,EVN,W46167,235,https://2lnr.com/routes/fco-evn,no independent flight-route evidence
FCO,FRA,DE4186,110,https://2lnr.com/routes/fco-fra,no independent flight-route evidence
FCO,FRA,DE4438,110,https://2lnr.com/routes/fco-fra,no independent flight-route evidence
FCO,FRA,DE4438,110,https://2lnr.com/routes/fco-fra,no independent flight-route evidence
FCO,FRA,U22992,120,https://2lnr.com/routes/fco-fra,no independent flight-route evidence
FCO,FRA,U22994,120,https://2lnr.com/routes/fco-fra,no independent flight-route evidence
FCO,GRU,LA8121,720,https://2lnr.com/routes/fco-gru,no independent flight-route evidence
FCO,GRU,LA8121,710,https://2lnr.com/routes/fco-gru,no independent flight-route evidence
FCO,GRU,LA8121,715,https://2lnr.com/routes/fco-gru,no independent flight-route evidence
FCO,GVA,U21412,95,https://2lnr.com/routes/fco-gva,no independent flight-route evidence
FCO,GVA,U21412,90,https://2lnr.com/routes/fco-gva,no independent flight-route evidence
FCO,GVA,U21414,90,https://2lnr.com/routes/fco-gva,no independent flight-route evidence
FCO,GYD,W46203,260,https://2lnr.com/routes/fco-gyd,flight-route mismatch
FCO,GYD,W46203,270,https://2lnr.com/routes/fco-gyd,flight-route mismatch
FCO,HAM,U22990,150,https://2lnr.com/routes/fco-ham,no independent flight-route evidence
FCO,HAV,NO130,705,https://2lnr.com/routes/fco-hav,flight-route mismatch
FCO,HEL,AY1762,205,https://2lnr.com/routes/fco-hel,no independent flight-route evidence
FCO,HEL,AY1764,205,https://2lnr.com/routes/fco-hel,flight-route mismatch
FCO,IST,TK1864,150,https://2lnr.com/routes/fco-ist,flight-route mismatch
FCO,IST,TK1864,155,https://2lnr.com/routes/fco-ist,flight-route mismatch
FCO,IST,TK1864,150,https://2lnr.com/routes/fco-ist,flight-route mismatch
FCO,IST,TK1864,155,https://2lnr.com/routes/fco-ist,flight-route mismatch
FCO,IST,TK1866,165,https://2lnr.com/routes/fco-ist,flight-route mismatch
FCO,IST,TK1866,160,https://2lnr.com/routes/fco-ist,flight-route mismatch
FCO,IST,TK1866,160,https://2lnr.com/routes/fco-ist,flight-route mismatch
FCO,JFK,N0401,565,https://2lnr.com/routes/fco-jfk,no independent flight-route evidence
FCO,KEF,FI563,295,https://2lnr.com/routes/fco-kef,no independent flight-route evidence
FCO,KEF,FI563,295,https://2lnr.com/routes/fco-kef,no independent flight-route evidence
FCO,KWI,KU163,330,https://2lnr.com/routes/fco-kwi,flight-route mismatch
FCO,KWI,KU166,310,https://2lnr.com/routes/fco-kwi,flight-route mismatch
FCO,KWI,KU166,310,https://2lnr.com/routes/fco-kwi,flight-route mismatch
FCO,LGW,U28324,170,https://2lnr.com/routes/fco-lgw,flight-route mismatch
FCO,LGW,U28324,170,https://2lnr.com/routes/fco-lgw,flight-route mismatch
FCO,LGW,U28326,170,https://2lnr.com/routes/fco-lgw,flight-route mismatch
FCO,LGW,U28326,170,https://2lnr.com/routes/fco-lgw,flight-route mismatch
FCO,LGW,U28328,165,https://2lnr.com/routes/fco-lgw,no independent flight-route evidence
FCO,LGW,U28328,160,https://2lnr.com/routes/fco-lgw,no independent flight-route evidence
FCO,LGW,U28330,160,https://2lnr.com/routes/fco-lgw,no independent flight-route evidence
FCO,LGW,U28330,160,https://2lnr.com/routes/fco-lgw,no independent flight-route evidence
FCO,LGW,U28330,165,https://2lnr.com/routes/fco-lgw,no independent flight-route evidence
FCO,LHR,BA561,155,https://2lnr.com/routes/fco-lhr,flight-route mismatch
FCO,LHR,BA561,155,https://2lnr.com/routes/fco-lhr,flight-route mismatch
FCO,LHR,BA565,170,https://2lnr.com/routes/fco-lhr,flight-route mismatch
FCO,LHR,BA565,170,https://2lnr.com/routes/fco-lhr,flight-route mismatch
FCO,LHR,BA567,160,https://2lnr.com/routes/fco-lhr,flight-route mismatch
FCO,LIS,FR9903,195,https://2lnr.com/routes/fco-lis,flight-route mismatch
FCO,LIS,FR9903,195,https://2lnr.com/routes/fco-lis,flight-route mismatch
FCO,LIS,W46219,190,https://2lnr.com/routes/fco-lis,no independent flight-route evidence
FCO,LIS,W46219,195,https://2lnr.com/routes/fco-lis,no independent flight-route evidence
FCO,MAD,FR2437,160,https://2lnr.com/routes/fco-mad,no independent flight-route evidence
FCO,MAD,FR9601,160,https://2lnr.com/routes/fco-mad,no independent flight-route evidence
FCO,MAD,FR9673,160,https://2lnr.com/routes/fco-mad,no independent flight-route evidence
FCO,MAD,FR9684,160,https://2lnr.com/routes/fco-mad,flight-route mismatch
FCO,MAD,IB648,155,https://2lnr.com/routes/fco-mad,no independent flight-route evidence
FCO,MAD,IB650,155,https://2lnr.com/routes/fco-mad,flight-route mismatch
FCO,MAD,IB650,155,https://2lnr.com/routes/fco-mad,flight-route mismatch
FCO,MAD,IB652,155,https://2lnr.com/routes/fco-mad,no independent flight-route evidence
FCO,MAD,IB656,155,https://2lnr.com/routes/fco-mad,flight-route mismatch
FCO,MAD,IB658,155,https://2lnr.com/routes/fco-mad,no independent flight-route evidence
FCO,MAD,W46011,160,https://2lnr.com/routes/fco-mad,no independent flight-route evidence
FCO,MAD,W46013,160,https://2lnr.com/routes/fco-mad,no independent flight-route evidence
FCO,MAN,LS988,185,https://2lnr.com/routes/fco-man,no independent flight-route evidence
FCO,MAN,U22124,175,https://2lnr.com/routes/fco-man,flight-route mismatch
FCO,MAN,U22124,185,https://2lnr.com/routes/fco-man,flight-route mismatch
FCO,MAN,U22124,175,https://2lnr.com/routes/fco-man,flight-route mismatch
FCO,MAN,U22124,180,https://2lnr.com/routes/fco-man,flight-route mismatch
FCO,MUC,LH1867,95,https://2lnr.com/routes/fco-muc,flight-route mismatch
FCO,MUC,LH1867,95,https://2lnr.com/routes/fco-muc,flight-route mismatch
FCO,MUC,LH1869,95,https://2lnr.com/routes/fco-muc,no independent flight-route evidence
FCO,MUC,LH1869,95,https://2lnr.com/routes/fco-muc,no independent flight-route evidence
FCO,MUC,LH1873,95,https://2lnr.com/routes/fco-muc,flight-route mismatch
FCO,MUC,U22996,95,https://2lnr.com/routes/fco-muc,flight-route mismatch
FCO,MUC,U22996,105,https://2lnr.com/routes/fco-muc,flight-route mismatch
FCO,MUC,U22998,105,https://2lnr.com/routes/fco-muc,flight-route mismatch
FCO,MUC,VL1871,95,https://2lnr.com/routes/fco-muc,no independent flight-route evidence
FCO,MUC,VL1871,95,https://2lnr.com/routes/fco-muc,no independent flight-route evidence
FCO,MUC,VL1875,95,https://2lnr.com/routes/fco-muc,no independent flight-route evidence
FCO,NCE,U21684,75,https://2lnr.com/routes/fco-nce,no independent flight-route evidence
FCO,NCE,U21686,75,https://2lnr.com/routes/fco-nce,flight-route mismatch
FCO,NCE,U21686,70,https://2lnr.com/routes/fco-nce,flight-route mismatch
FCO,NCE,U22978,75,https://2lnr.com/routes/fco-nce,flight-route mismatch
FCO,NCE,W46131,80,https://2lnr.com/routes/fco-nce,no independent flight-route evidence
FCO,NCE,W46131,85,https://2lnr.com/routes/fco-nce,no independent flight-route evidence
FCO,OPO,FR6007,180,https://2lnr.com/routes/fco-opo,flight-route mismatch
FCO,OPO,FR6007,180,https://2lnr.com/routes/fco-opo,flight-route mismatch
FCO,OPO,W46047,175,https://2lnr.com/routes/fco-opo,no independent flight-route evidence
FCO,OPO,W46047,190,https://2lnr.com/routes/fco-opo,no independent flight-route evidence
FCO,OPO,W46047,185,https://2lnr.com/routes/fco-opo,no independent flight-route evidence
FCO,OSL,W46245,200,https://2lnr.com/routes/fco-osl,no independent flight-route evidence
FCO,PHL,AA771,580,https://2lnr.com/routes/fco-phl,flight-route mismatch
FCO,PRG,QS1009,120,https://2lnr.com/routes/fco-prg,no independent flight-route evidence
FCO,PRG,W46065,115,https://2lnr.com/routes/fco-prg,no independent flight-route evidence
FCO,PRG,W46135,115,https://2lnr.com/routes/fco-prg,flight-route mismatch
FCO,TFU,3U3896,620,https://2lnr.com/routes/fco-tfu,flight-route mismatch
FCO,TLV,U8131,204,https://2lnr.com/routes/fco-tlv,no independent flight-route evidence
FCO,TLV,U8131,205,https://2lnr.com/routes/fco-tlv,no independent flight-route evidence
FCO,TLV,U8131,205,https://2lnr.com/routes/fco-tlv,no independent flight-route evidence
FCO,TLV,W46041,210,https://2lnr.com/routes/fco-tlv,no independent flight-route evidence
FCO,TLV,W46049,210,https://2lnr.com/routes/fco-tlv,flight-route mismatch
FCO,VIE,FR1644,105,https://2lnr.com/routes/fco-vie,no independent flight-route evidence
FCO,VIE,FR1644,105,https://2lnr.com/routes/fco-vie,no independent flight-route evidence
FCO,VIE,FR7178,105,https://2lnr.com/routes/fco-vie,flight-route mismatch
FCO,VIE,OS552,95,https://2lnr.com/routes/fco-vie,flight-route mismatch
FCO,VIE,OS552,95,https://2lnr.com/routes/fco-vie,flight-route mismatch
FCO,WAW,LO302,155,https://2lnr.com/routes/fco-waw,flight-route mismatch
FCO,WAW,W61442,150,https://2lnr.com/routes/fco-waw,flight-route mismatch
FCO,WAW,W61442,160,https://2lnr.com/routes/fco-waw,flight-route mismatch
FCO,WAW,W61442,145,https://2lnr.com/routes/fco-waw,flight-route mismatch
FCO,WAW,W61446,145,https://2lnr.com/routes/fco-waw,flight-route mismatch
FCO,ZRH,U22986,100,https://2lnr.com/routes/fco-zrh,flight-route mismatch
FCO,ZRH,U22988,100,https://2lnr.com/routes/fco-zrh,flight-route mismatch
FIH,BRU,ET98,540,https://2lnr.com/routes/fih-bru,no independent flight-route evidence
FIH,CAI,MS864,350,https://2lnr.com/routes/fih-cai,no independent flight-route evidence
FIH,CDG,AF722,630,https://2lnr.com/routes/fih-cdg,flight-route mismatch
FIH,DAR,TC225,220,https://2lnr.com/routes/fih-dar,no independent flight-route evidence
FIH,DOH,QR1491,645,https://2lnr.com/routes/fih-doh,independently confirmed stopover
FLL,BOS,DL1953,200,https://2lnr.com/routes/fll-bos,flight-route mismatch
FLL,BOS,DL1981,200,https://2lnr.com/routes/fll-bos,flight-route mismatch
FLL,BOS,G43472,209,https://2lnr.com/routes/fll-bos,flight-route mismatch
FLL,CLT,AA1451,123,https://2lnr.com/routes/fll-clt,flight-route mismatch
FLL,CLT,AA1451,126,https://2lnr.com/routes/fll-clt,flight-route mismatch
FLL,CLT,AA1484,131,https://2lnr.com/routes/fll-clt,flight-route mismatch
FLL,CLT,AA2354,127,https://2lnr.com/routes/fll-clt,flight-route mismatch
FLL,CLT,AA2563,128,https://2lnr.com/routes/fll-clt,flight-route mismatch
FLL,CLT,AA2592,126,https://2lnr.com/routes/fll-clt,flight-route mismatch
FLL,CLT,AA2808,131,https://2lnr.com/routes/fll-clt,flight-route mismatch
FLL,DEN,UA204,257,https://2lnr.com/routes/fll-den,flight-route mismatch
FLL,DFW,AA1497,202,https://2lnr.com/routes/fll-dfw,flight-route mismatch
FLL,DTW,DL1333,186,https://2lnr.com/routes/fll-dtw,flight-route mismatch
FLL,DTW,DL1378,185,https://2lnr.com/routes/fll-dtw,flight-route mismatch
FLL,DTW,DL1812,184,https://2lnr.com/routes/fll-dtw,flight-route mismatch
FLL,DTW,DL1812,183,https://2lnr.com/routes/fll-dtw,flight-route mismatch
FLL,EWR,UA2299,179,https://2lnr.com/routes/fll-ewr,flight-route mismatch
FLL,EWR,UA2299,179,https://2lnr.com/routes/fll-ewr,flight-route mismatch
FLL,EWR,UA2387,179,https://2lnr.com/routes/fll-ewr,flight-route mismatch
FLL,EWR,UA460,178,https://2lnr.com/routes/fll-ewr,flight-route mismatch
FLL,EWR,UA712,178,https://2lnr.com/routes/fll-ewr,flight-route mismatch
FLL,IAH,UA699,172,https://2lnr.com/routes/fll-iah,flight-route mismatch
FLL,IAH,UA722,172,https://2lnr.com/routes/fll-iah,flight-route mismatch
FLL,JFK,DL2641,185,https://2lnr.com/routes/fll-jfk,flight-route mismatch
FLL,MSP,DL2212,234,https://2lnr.com/routes/fll-msp,flight-route mismatch
FLL,MSP,DL2212,225,https://2lnr.com/routes/fll-msp,flight-route mismatch
FLL,ORD,AA1461,210,https://2lnr.com/routes/fll-ord,flight-route mismatch
FLL,ORD,AA3169,210,https://2lnr.com/routes/fll-ord,flight-route mismatch
FLL,ORD,UA403,217,https://2lnr.com/routes/fll-ord,flight-route mismatch
FLL,PHL,AA1138,173,https://2lnr.com/routes/fll-phl,flight-route mismatch
FLL,PHL,AA1478,171,https://2lnr.com/routes/fll-phl,flight-route mismatch
FLL,PHL,AA1944,173,https://2lnr.com/routes/fll-phl,flight-route mismatch
FLL,PHL,AA2524,170,https://2lnr.com/routes/fll-phl,flight-route mismatch
FLL,PHL,AA2524,173,https://2lnr.com/routes/fll-phl,flight-route mismatch
FLL,PHL,AA854,172,https://2lnr.com/routes/fll-phl,flight-route mismatch
FLL,PHX,AA1222,291,https://2lnr.com/routes/fll-phx,flight-route mismatch
FLL,PHX,AA1505,302,https://2lnr.com/routes/fll-phx,flight-route mismatch
FLL,PHX,AA1505,306,https://2lnr.com/routes/fll-phx,flight-route mismatch
FLL,PHX,AA3275,309,https://2lnr.com/routes/fll-phx,flight-route mismatch
FLL,SFO,UA1141,368,https://2lnr.com/routes/fll-sfo,flight-route mismatch
FLL,SFO,UA1141,368,https://2lnr.com/routes/fll-sfo,flight-route mismatch
FLL,SFO,UA1267,365,https://2lnr.com/routes/fll-sfo,flight-route mismatch
FLL,YUL,AC1605,203,https://2lnr.com/routes/fll-yul,flight-route mismatch
FLL,YUL,AC1605,203,https://2lnr.com/routes/fll-yul,flight-route mismatch
FLL,YUL,AC1611,203,https://2lnr.com/routes/fll-yul,flight-route mismatch
FLL,YYZ,AC1625,185,https://2lnr.com/routes/fll-yyz,flight-route mismatch
FLL,YYZ,AC1625,185,https://2lnr.com/routes/fll-yyz,flight-route mismatch
FLL,YYZ,AC1627,185,https://2lnr.com/routes/fll-yyz,flight-route mismatch
FLL,YYZ,AC1631,185,https://2lnr.com/routes/fll-yyz,flight-route mismatch
FLL,YYZ,PD516,195,https://2lnr.com/routes/fll-yyz,flight-route mismatch
FOC,DLC,MF8085,245,https://2lnr.com/routes/foc-dlc,nonadjacent airports in flight sequence
FOC,TFU,3U6910,170,https://2lnr.com/routes/foc-tfu,flight-route mismatch
FOC,TFU,3U6910,170,https://2lnr.com/routes/foc-tfu,flight-route mismatch
FOC,TFU,CA9562,180,https://2lnr.com/routes/foc-tfu,no independent flight-route evidence
FOC,TFU,CA9562,175,https://2lnr.com/routes/foc-tfu,no independent flight-route evidence
FOC,TFU,HU6226,185,https://2lnr.com/routes/foc-tfu,flight-route mismatch
FOC,TFU,MF8435,185,https://2lnr.com/routes/foc-tfu,flight-route mismatch
FOC,TFU,MF8455,190,https://2lnr.com/routes/foc-tfu,flight-route mismatch
FOC,TFU,MU2468,270,https://2lnr.com/routes/foc-tfu,flight-route mismatch
FOR,BSB,G39151,160,https://2lnr.com/routes/for-bsb,flight-route mismatch
FOR,BSB,LA3739,165,https://2lnr.com/routes/for-bsb,no independent flight-route evidence
FOR,BSB,LA3741,160,https://2lnr.com/routes/for-bsb,no independent flight-route evidence
FOR,BSB,LA3741,160,https://2lnr.com/routes/for-bsb,no independent flight-route evidence
FOR,BSB,LA3743,165,https://2lnr.com/routes/for-bsb,no independent flight-route evidence
FOR,BSB,LA3743,165,https://2lnr.com/routes/for-bsb,no independent flight-route evidence
FOR,BSB,LA3743,165,https://2lnr.com/routes/for-bsb,no independent flight-route evidence
FOR,CNF,AD2580,255,https://2lnr.com/routes/for-cnf,no independent flight-route evidence
FOR,CNF,AD2580,170,https://2lnr.com/routes/for-cnf,no independent flight-route evidence
FOR,CNF,LA4509,170,https://2lnr.com/routes/for-cnf,no independent flight-route evidence
FOR,CNF,LA4509,170,https://2lnr.com/routes/for-cnf,no independent flight-route evidence
FOR,CNF,LA4509,165,https://2lnr.com/routes/for-cnf,no independent flight-route evidence
FOR,GIG,LA3517,205,https://2lnr.com/routes/for-gig,no independent flight-route evidence
FOR,GIG,LA3517,205,https://2lnr.com/routes/for-gig,no independent flight-route evidence
FOR,GIG,LA3586,205,https://2lnr.com/routes/for-gig,no independent flight-route evidence
FOR,GIG,LA3887,200,https://2lnr.com/routes/for-gig,no independent flight-route evidence
FOR,GIG,LA3982,205,https://2lnr.com/routes/for-gig,no independent flight-route evidence
FOR,GRU,G31529,225,https://2lnr.com/routes/for-gru,flight-route mismatch
FOR,GRU,LA3253,215,https://2lnr.com/routes/for-gru,no independent flight-route evidence
FOR,GRU,LA3253,215,https://2lnr.com/routes/for-gru,no independent flight-route evidence
FOR,GRU,LA3317,215,https://2lnr.com/routes/for-gru,no independent flight-route evidence
FOR,GRU,LA3317,215,https://2lnr.com/routes/for-gru,no independent flight-route evidence
FOR,GRU,LA3319,210,https://2lnr.com/routes/for-gru,no independent flight-route evidence
FOR,GRU,LA3319,210,https://2lnr.com/routes/for-gru,no independent flight-route evidence
FOR,GRU,LA3319,205,https://2lnr.com/routes/for-gru,no independent flight-route evidence
FOR,GRU,LA3455,215,https://2lnr.com/routes/for-gru,no independent flight-route evidence
FOR,GRU,LA3507,210,https://2lnr.com/routes/for-gru,no independent flight-route evidence
FOR,GRU,LA3507,210,https://2lnr.com/routes/for-gru,no independent flight-route evidence
FOR,GRU,LA3883,210,https://2lnr.com/routes/for-gru,no independent flight-route evidence
FOR,GRU,LA4679,210,https://2lnr.com/routes/for-gru,no independent flight-route evidence
FOR,GRU,LA4679,210,https://2lnr.com/routes/for-gru,no independent flight-route evidence
FOR,GRU,LA4679,205,https://2lnr.com/routes/for-gru,no independent flight-route evidence
FOR,GRU,LA4777,210,https://2lnr.com/routes/for-gru,no independent flight-route evidence
FOR,LIS,LA8150,415,https://2lnr.com/routes/for-lis,no independent flight-route evidence
FOR,MCO,G37624,475,https://2lnr.com/routes/for-mco,flight-route mismatch
FOR,MIA,LA8188,430,https://2lnr.com/routes/for-mia,no independent flight-route evidence
FOR,REC,LA3491,75,https://2lnr.com/routes/for-rec,no independent flight-route evidence
FOR,REC,LA4699,75,https://2lnr.com/routes/for-rec,no independent flight-route evidence
FOR,REC,LA4699,75,https://2lnr.com/routes/for-rec,no independent flight-route evidence
FOR,SCL,LA8124,415,https://2lnr.com/routes/for-scl,no independent flight-route evidence
FOR,SSA,G31827,110,https://2lnr.com/routes/for-ssa,flight-route mismatch
FOR,SSA,LA3487,110,https://2lnr.com/routes/for-ssa,no independent flight-route evidence
FOR,SSA,LA3487,110,https://2lnr.com/routes/for-ssa,no independent flight-route evidence
FOR,SSA,LA3487,110,https://2lnr.com/routes/for-ssa,no independent flight-route evidence
FOR,SSA,LA3650,105,https://2lnr.com/routes/for-ssa,no independent flight-route evidence
FOR,SSA,LA3650,105,https://2lnr.com/routes/for-ssa,no independent flight-route evidence
FRA,ALA,LH646,580,https://2lnr.com/routes/fra-ala,nonadjacent airports in flight sequence
FRA,ATH,GQ861,165,https://2lnr.com/routes/fra-ath,no independent flight-route evidence
FRA,AUH,EY122,395,https://2lnr.com/routes/fra-auh,no independent flight-route evidence
FRA,AUH,EY122,375,https://2lnr.com/routes/fra-auh,no independent flight-route evidence
FRA,AUH,EY124,395,https://2lnr.com/routes/fra-auh,no independent flight-route evidence
FRA,AUH,EY124,375,https://2lnr.com/routes/fra-auh,no independent flight-route evidence
FRA,AUH,EY124,375,https://2lnr.com/routes/fra-auh,no independent flight-route evidence
FRA,BCN,DE4323,120,https://2lnr.com/routes/fra-bcn,no independent flight-route evidence
FRA,BCN,DE4323,115,https://2lnr.com/routes/fra-bcn,no independent flight-route evidence
FRA,BCN,DE4323,110,https://2lnr.com/routes/fra-bcn,no independent flight-route evidence
FRA,BCN,DE4325,120,https://2lnr.com/routes/fra-bcn,no independent flight-route evidence
FRA,BCN,DE4325,120,https://2lnr.com/routes/fra-bcn,no independent flight-route evidence
FRA,BCN,DE4327,120,https://2lnr.com/routes/fra-bcn,no independent flight-route evidence
FRA,BER,DE4075,65,https://2lnr.com/routes/fra-ber,no independent flight-route evidence
FRA,BER,DE4075,65,https://2lnr.com/routes/fra-ber,no independent flight-route evidence
FRA,BER,DE4087,65,https://2lnr.com/routes/fra-ber,flight-route mismatch
FRA,BER,DE4095,65,https://2lnr.com/routes/fra-ber,flight-route mismatch
FRA,BER,DE4095,60,https://2lnr.com/routes/fra-ber,flight-route mismatch
FRA,BER,LH172,70,https://2lnr.com/routes/fra-ber,flight-route mismatch
FRA,BER,LH172,70,https://2lnr.com/routes/fra-ber,flight-route mismatch
FRA,BER,LH174,70,https://2lnr.com/routes/fra-ber,flight-route mismatch
FRA,BER,LH178,70,https://2lnr.com/routes/fra-ber,flight-route mismatch
FRA,BER,LH180,70,https://2lnr.com/routes/fra-ber,flight-route mismatch
FRA,BER,LH180,70,https://2lnr.com/routes/fra-ber,flight-route mismatch
FRA,BER,LH184,70,https://2lnr.com/routes/fra-ber,flight-route mismatch
FRA,BER,LH186,70,https://2lnr.com/routes/fra-ber,flight-route mismatch
FRA,BER,LH192,70,https://2lnr.com/routes/fra-ber,flight-route mismatch
FRA,BER,LH198,70,https://2lnr.com/routes/fra-ber,flight-route mismatch
FRA,BER,LH200,70,https://2lnr.com/routes/fra-ber,flight-route mismatch
FRA,BER,LH202,70,https://2lnr.com/routes/fra-ber,flight-route mismatch
FRA,BER,LH206,70,https://2lnr.com/routes/fra-ber,flight-route mismatch
FRA,BER,VL178,70,https://2lnr.com/routes/fra-ber,no independent flight-route evidence
FRA,BER,VL194,70,https://2lnr.com/routes/fra-ber,flight-route mismatch
FRA,BKK,DE2366,680,https://2lnr.com/routes/fra-bkk,flight-route mismatch
FRA,BRU,SN2610,65,https://2lnr.com/routes/fra-bru,no independent flight-route evidence
FRA,BRU,SN2610,70,https://2lnr.com/routes/fra-bru,no independent flight-route evidence
FRA,BRU,SN2612,70,https://2lnr.com/routes/fra-bru,no independent flight-route evidence
FRA,BRU,SN2614,65,https://2lnr.com/routes/fra-bru,no independent flight-route evidence
FRA,BRU,SN2614,65,https://2lnr.com/routes/fra-bru,no independent flight-route evidence
FRA,BRU,SN2616,65,https://2lnr.com/routes/fra-bru,no independent flight-route evidence
FRA,BRU,SN2616,65,https://2lnr.com/routes/fra-bru,no independent flight-route evidence
FRA,BUD,DE4465,95,https://2lnr.com/routes/fra-bud,no independent flight-route evidence
FRA,BUD,DE4467,95,https://2lnr.com/routes/fra-bud,no independent flight-route evidence
FRA,BUD,DE4469,95,https://2lnr.com/routes/fra-bud,no independent flight-route evidence
FRA,CDG,DE4293,80,https://2lnr.com/routes/fra-cdg,no independent flight-route evidence
FRA,CDG,DE4293,90,https://2lnr.com/routes/fra-cdg,no independent flight-route evidence
FRA,DFW,AA9601,645,https://2lnr.com/routes/fra-dfw,no independent flight-route evidence
FRA,EDI,LH960,115,https://2lnr.com/routes/fra-edi,flight-route mismatch
FRA,EDI,LH960,115,https://2lnr.com/routes/fra-edi,flight-route mismatch
FRA,FCO,DE4187,110,https://2lnr.com/routes/fra-fco,no independent flight-route evidence
FRA,FCO,DE4187,110,https://2lnr.com/routes/fra-fco,no independent flight-route evidence
FRA,FCO,DE4439,110,https://2lnr.com/routes/fra-fco,no independent flight-route evidence
FRA,FCO,DE4439,120,https://2lnr.com/routes/fra-fco,no independent flight-route evidence
FRA,FCO,U22993,110,https://2lnr.com/routes/fra-fco,no independent flight-route evidence
FRA,FCO,U22995,115,https://2lnr.com/routes/fra-fco,flight-route mismatch
FRA,GRU,LA8071,725,https://2lnr.com/routes/fra-gru,no independent flight-route evidence
FRA,GVA,LX1095,75,https://2lnr.com/routes/fra-gva,no independent flight-route evidence
FRA,GVA,LX1095,75,https://2lnr.com/routes/fra-gva,no independent flight-route evidence
FRA,HAM,DE4173,65,https://2lnr.com/routes/fra-ham,no independent flight-route evidence
FRA,HAM,VL18,65,https://2lnr.com/routes/fra-ham,no independent flight-route evidence
FRA,HEL,AY1412,145,https://2lnr.com/routes/fra-hel,no independent flight-route evidence
FRA,HEL,AY1412,145,https://2lnr.com/routes/fra-hel,no independent flight-route evidence
FRA,HEL,AY1412,145,https://2lnr.com/routes/fra-hel,no independent flight-route evidence
FRA,HEL,AY1416,145,https://2lnr.com/routes/fra-hel,no independent flight-route evidence
FRA,HEL,AY1416,145,https://2lnr.com/routes/fra-hel,no independent flight-route evidence
FRA,HEL,LH852,150,https://2lnr.com/routes/fra-hel,flight-route mismatch
FRA,HEL,LH852,150,https://2lnr.com/routes/fra-hel,flight-route mismatch
FRA,HEL,N71412,145,https://2lnr.com/routes/fra-hel,no independent flight-route evidence
FRA,HEL,N71416,145,https://2lnr.com/routes/fra-hel,no independent flight-route evidence
FRA,IST,TK1588,190,https://2lnr.com/routes/fra-ist,flight-route mismatch
FRA,IST,TK1588,190,https://2lnr.com/routes/fra-ist,flight-route mismatch
FRA,IST,TK1588,190,https://2lnr.com/routes/fra-ist,flight-route mismatch
FRA,IST,TK1592,185,https://2lnr.com/routes/fra-ist,flight-route mismatch
FRA,IST,TK1592,185,https://2lnr.com/routes/fra-ist,flight-route mismatch
FRA,IST,TK1592,185,https://2lnr.com/routes/fra-ist,flight-route mismatch
FRA,IST,TK1594,180,https://2lnr.com/routes/fra-ist,flight-route mismatch
FRA,IST,TK1594,180,https://2lnr.com/routes/fra-ist,flight-route mismatch
FRA,IST,TK1594,180,https://2lnr.com/routes/fra-ist,flight-route mismatch
FRA,IST,TK1598,190,https://2lnr.com/routes/fra-ist,flight-route mismatch
FRA,KEF,LH844,225,https://2lnr.com/routes/fra-kef,flight-route mismatch
FRA,LGW,DE4123,95,https://2lnr.com/routes/fra-lgw,no independent flight-route evidence
FRA,LGW,DE4245,95,https://2lnr.com/routes/fra-lgw,no independent flight-route evidence
FRA,LGW,DE4317,95,https://2lnr.com/routes/fra-lgw,no independent flight-route evidence
FRA,LHR,VL904,100,https://2lnr.com/routes/fra-lhr,no independent flight-route evidence
FRA,LHR,VL906,100,https://2lnr.com/routes/fra-lhr,no independent flight-route evidence
FRA,LHR,VL916,100,https://2lnr.com/routes/fra-lhr,no independent flight-route evidence
FRA,LHR,VL920,100,https://2lnr.com/routes/fra-lhr,no independent flight-route evidence
FRA,LIS,LH1170,195,https://2lnr.com/routes/fra-lis,flight-route mismatch
FRA,LIS,LH1170,195,https://2lnr.com/routes/fra-lis,flight-route mismatch
FRA,LIS,LH1170,195,https://2lnr.com/routes/fra-lis,flight-route mismatch
FRA,MAD,IB1328,170,https://2lnr.com/routes/fra-mad,no independent flight-route evidence
FRA,MAD,IB1332,170,https://2lnr.com/routes/fra-mad,no independent flight-route evidence
FRA,MAD,IB1334,170,https://2lnr.com/routes/fra-mad,no independent flight-route evidence
FRA,MRU,4Y156,825,https://2lnr.com/routes/fra-mru,nonadjacent airports in flight sequence
FRA,MXP,DE4359,70,https://2lnr.com/routes/fra-mxp,no independent flight-route evidence
FRA,MXP,EN8816,80,https://2lnr.com/routes/fra-mxp,no independent flight-route evidence
FRA,MXP,EN8816,80,https://2lnr.com/routes/fra-mxp,no independent flight-route evidence
FRA,PRG,DE4411,60,https://2lnr.com/routes/fra-prg,no independent flight-route evidence
FRA,PRG,DE4411,60,https://2lnr.com/routes/fra-prg,no independent flight-route evidence
FRA,RAK,4Y204,170,https://2lnr.com/routes/fra-rak,flight-route mismatch
FRA,TFU,CA432,620,https://2lnr.com/routes/fra-tfu,flight-route mismatch
FRA,UBN,OM138,500,https://2lnr.com/routes/fra-ubn,flight-route mismatch
FRA,VIE,DE4345,80,https://2lnr.com/routes/fra-vie,no independent flight-route evidence
FRA,VIE,DE4347,80,https://2lnr.com/routes/fra-vie,no independent flight-route evidence
FRA,WAW,LO1380,105,https://2lnr.com/routes/fra-waw,no independent flight-route evidence
FUK,CTS,HD115,140,https://2lnr.com/routes/fuk-cts,flight-route mismatch
FUK,CTS,JH511,140,https://2lnr.com/routes/fuk-cts,no independent flight-route evidence
FUK,NGO,OC56,85,https://2lnr.com/routes/fuk-ngo,no independent flight-route evidence
GIG,BSB,LA3027,110,https://2lnr.com/routes/gig-bsb,no independent flight-route evidence
GIG,BSB,LA3451,105,https://2lnr.com/routes/gig-bsb,no independent flight-route evidence
GIG,BSB,LA3729,110,https://2lnr.com/routes/gig-bsb,no independent flight-route evidence
GIG,BSB,LA3729,110,https://2lnr.com/routes/gig-bsb,no independent flight-route evidence
GIG,BSB,LA3731,110,https://2lnr.com/routes/gig-bsb,no independent flight-route evidence
GIG,BSB,LA3791,110,https://2lnr.com/routes/gig-bsb,no independent flight-route evidence
GIG,CNF,AD4437,65,https://2lnr.com/routes/gig-cnf,flight-route mismatch
GIG,EZE,AR1265,200,https://2lnr.com/routes/gig-eze,flight-route mismatch
GIG,EZE,JA3811,208,https://2lnr.com/routes/gig-eze,no independent flight-route evidence
GIG,EZE,JA3818,208,https://2lnr.com/routes/gig-eze,no independent flight-route evidence
GIG,FOR,G32036,190,https://2lnr.com/routes/gig-for,flight-route mismatch
GIG,FOR,LA3516,200,https://2lnr.com/routes/gig-for,no independent flight-route evidence
GIG,FOR,LA3516,200,https://2lnr.com/routes/gig-for,no independent flight-route evidence
GIG,FOR,LA3587,195,https://2lnr.com/routes/gig-for,no independent flight-route evidence
GIG,FOR,LA3587,195,https://2lnr.com/routes/gig-for,no independent flight-route evidence
GIG,FOR,LA4681,195,https://2lnr.com/routes/gig-for,no independent flight-route evidence
GIG,GRU,G31343,65,https://2lnr.com/routes/gig-gru,flight-route mismatch
GIG,GRU,G31357,75,https://2lnr.com/routes/gig-gru,flight-route mismatch
GIG,GRU,LA3339,75,https://2lnr.com/routes/gig-gru,no independent flight-route evidence
GIG,GRU,LA3341,75,https://2lnr.com/routes/gig-gru,no independent flight-route evidence
GIG,GRU,LA3367,70,https://2lnr.com/routes/gig-gru,no independent flight-route evidence
GIG,GRU,LA3369,75,https://2lnr.com/routes/gig-gru,no independent flight-route evidence
GIG,GRU,LA3369,75,https://2lnr.com/routes/gig-gru,no independent flight-route evidence
GIG,GRU,LA3429,70,https://2lnr.com/routes/gig-gru,no independent flight-route evidence
GIG,GRU,LA3429,70,https://2lnr.com/routes/gig-gru,no independent flight-route evidence
GIG,GRU,LA3699,70,https://2lnr.com/routes/gig-gru,no independent flight-route evidence
GIG,GRU,LA3875,75,https://2lnr.com/routes/gig-gru,no independent flight-route evidence
GIG,GRU,LA4673,70,https://2lnr.com/routes/gig-gru,no independent flight-route evidence
GIG,LIM,LA2405,335,https://2lnr.com/routes/gig-lim,no independent flight-route evidence
GIG,LIM,LA2405,345,https://2lnr.com/routes/gig-lim,no independent flight-route evidence
GIG,LIM,LA2415,335,https://2lnr.com/routes/gig-lim,no independent flight-route evidence
GIG,LIM,LA2415,345,https://2lnr.com/routes/gig-lim,no independent flight-route evidence
GIG,LIS,G37020,580,https://2lnr.com/routes/gig-lis,no independent flight-route evidence
GIG,MAD,IB118,590,https://2lnr.com/routes/gig-mad,flight-route mismatch
GIG,MIA,AA9600,510,https://2lnr.com/routes/gig-mia,no independent flight-route evidence
GIG,MVD,H21814,180,https://2lnr.com/routes/gig-mvd,no independent flight-route evidence
GIG,REC,AD2942,165,https://2lnr.com/routes/gig-rec,flight-route mismatch
GIG,SCL,H21815,286,https://2lnr.com/routes/gig-scl,no independent flight-route evidence
GIG,SCL,LA8106,285,https://2lnr.com/routes/gig-scl,no independent flight-route evidence
GIG,SCL,LA8106,290,https://2lnr.com/routes/gig-scl,no independent flight-route evidence
GIG,SSA,G32068,130,https://2lnr.com/routes/gig-ssa,flight-route mismatch
GRU,AMS,LA8078,710,https://2lnr.com/routes/gru-ams,no independent flight-route evidence
GRU,AMS,LA8078,720,https://2lnr.com/routes/gru-ams,no independent flight-route evidence
GRU,ASU,LA1300,135,https://2lnr.com/routes/gru-asu,flight-route mismatch
GRU,ASU,LA1302,135,https://2lnr.com/routes/gru-asu,no independent flight-route evidence
GRU,ASU,LA1304,135,https://2lnr.com/routes/gru-asu,no independent flight-route evidence
GRU,BCN,LA8134,625,https://2lnr.com/routes/gru-bcn,no independent flight-route evidence
GRU,BOG,LA4904,370,https://2lnr.com/routes/gru-bog,no independent flight-route evidence
GRU,BOG,LA4908,370,https://2lnr.com/routes/gru-bog,no independent flight-route evidence
GRU,BOS,LA8164,590,https://2lnr.com/routes/gru-bos,no independent flight-route evidence
GRU,BRU,LA8156,695,https://2lnr.com/routes/gru-bru,no independent flight-route evidence
GRU,BSB,LA3257,100,https://2lnr.com/routes/gru-bsb,no independent flight-route evidence
GRU,BSB,LA3263,105,https://2lnr.com/routes/gru-bsb,no independent flight-route evidence
GRU,BSB,LA3263,105,https://2lnr.com/routes/gru-bsb,no independent flight-route evidence
GRU,BSB,LA3265,100,https://2lnr.com/routes/gru-bsb,no independent flight-route evidence
GRU,BSB,LA3529,100,https://2lnr.com/routes/gru-bsb,no independent flight-route evidence
GRU,BSB,LA3656,100,https://2lnr.com/routes/gru-bsb,no independent flight-route evidence
GRU,BSB,LA4676,105,https://2lnr.com/routes/gru-bsb,no independent flight-route evidence
GRU,BSB,LA4676,105,https://2lnr.com/routes/gru-bsb,no independent flight-route evidence
GRU,CDG,LA8068,675,https://2lnr.com/routes/gru-cdg,no independent flight-route evidence
GRU,CDG,LA8132,675,https://2lnr.com/routes/gru-cdg,no independent flight-route evidence
GRU,CNF,LA3344,70,https://2lnr.com/routes/gru-cnf,no independent flight-route evidence
GRU,CNF,LA3552,70,https://2lnr.com/routes/gru-cnf,no independent flight-route evidence
GRU,CNF,LA3552,70,https://2lnr.com/routes/gru-cnf,no independent flight-route evidence
GRU,CNF,LA3554,70,https://2lnr.com/routes/gru-cnf,no independent flight-route evidence
GRU,CNF,LA3554,70,https://2lnr.com/routes/gru-cnf,no independent flight-route evidence
GRU,CNF,LA3556,70,https://2lnr.com/routes/gru-cnf,no independent flight-route evidence
GRU,CNF,LA3790,75,https://2lnr.com/routes/gru-cnf,no independent flight-route evidence
GRU,CNF,LA3790,70,https://2lnr.com/routes/gru-cnf,no independent flight-route evidence
GRU,CNF,LA4544,70,https://2lnr.com/routes/gru-cnf,flight-route mismatch
GRU,CPT,LA8060,440,https://2lnr.com/routes/gru-cpt,no independent flight-route evidence
GRU,EZE,LA8022,185,https://2lnr.com/routes/gru-eze,no independent flight-route evidence
GRU,EZE,LA8022,180,https://2lnr.com/routes/gru-eze,no independent flight-route evidence
GRU,EZE,LA8022,180,https://2lnr.com/routes/gru-eze,no independent flight-route evidence
GRU,EZE,LA8130,175,https://2lnr.com/routes/gru-eze,no independent flight-route evidence
GRU,EZE,LA8130,185,https://2lnr.com/routes/gru-eze,no independent flight-route evidence
GRU,EZE,LA8130,180,https://2lnr.com/routes/gru-eze,no independent flight-route evidence
GRU,EZE,LX92,185,https://2lnr.com/routes/gru-eze,flight-route mismatch
GRU,FCO,LA8120,675,https://2lnr.com/routes/gru-fco,no independent flight-route evidence
GRU,FOR,G31546,205,https://2lnr.com/routes/gru-for,flight-route mismatch
GRU,FOR,LA3020,200,https://2lnr.com/routes/gru-for,no independent flight-route evidence
GRU,FOR,LA3252,205,https://2lnr.com/routes/gru-for,no independent flight-route evidence
GRU,FOR,LA3252,210,https://2lnr.com/routes/gru-for,no independent flight-route evidence
GRU,FOR,LA3316,205,https://2lnr.com/routes/gru-for,no independent flight-route evidence
GRU,FOR,LA3318,205,https://2lnr.com/routes/gru-for,no independent flight-route evidence
GRU,FOR,LA3320,205,https://2lnr.com/routes/gru-for,no independent flight-route evidence
GRU,FOR,LA3320,205,https://2lnr.com/routes/gru-for,no independent flight-route evidence
GRU,FOR,LA3324,205,https://2lnr.com/routes/gru-for,no independent flight-route evidence
GRU,FOR,LA3324,205,https://2lnr.com/routes/gru-for,no independent flight-route evidence
GRU,FOR,LA3506,205,https://2lnr.com/routes/gru-for,no independent flight-route evidence
GRU,FOR,LA4776,200,https://2lnr.com/routes/gru-for,no independent flight-route evidence
GRU,FRA,LA8070,705,https://2lnr.com/routes/gru-fra,no independent flight-route evidence
GRU,GIG,G31356,60,https://2lnr.com/routes/gru-gig,flight-route mismatch
GRU,GIG,LA3340,60,https://2lnr.com/routes/gru-gig,no independent flight-route evidence
GRU,GIG,LA3340,60,https://2lnr.com/routes/gru-gig,no independent flight-route evidence
GRU,GIG,LA3342,60,https://2lnr.com/routes/gru-gig,no independent flight-route evidence
GRU,GIG,LA3352,60,https://2lnr.com/routes/gru-gig,no independent flight-route evidence
GRU,GIG,LA3352,60,https://2lnr.com/routes/gru-gig,no independent flight-route evidence
GRU,GIG,LA3366,60,https://2lnr.com/routes/gru-gig,no independent flight-route evidence
GRU,GIG,LA3366,60,https://2lnr.com/routes/gru-gig,no independent flight-route evidence
GRU,GIG,LA3368,60,https://2lnr.com/routes/gru-gig,no independent flight-route evidence
GRU,GIG,LA3368,60,https://2lnr.com/routes/gru-gig,no independent flight-route evidence
GRU,GIG,LA3698,60,https://2lnr.com/routes/gru-gig,no independent flight-route evidence
GRU,GIG,LA3874,60,https://2lnr.com/routes/gru-gig,no independent flight-route evidence
GRU,GIG,LA4672,60,https://2lnr.com/routes/gru-gig,no independent flight-route evidence
GRU,GIG,LA4672,60,https://2lnr.com/routes/gru-gig,no independent flight-route evidence
GRU,JFK,LA8180,590,https://2lnr.com/routes/gru-jfk,no independent flight-route evidence
GRU,JFK,LA8180,595,https://2lnr.com/routes/gru-jfk,no independent flight-route evidence
GRU,JNB,LA8058,510,https://2lnr.com/routes/gru-jnb,no independent flight-route evidence
GRU,JNB,LA8058,500,https://2lnr.com/routes/gru-jnb,no independent flight-route evidence
GRU,LAX,LA8086,735,https://2lnr.com/routes/gru-lax,no independent flight-route evidence
GRU,LHR,LA8084,675,https://2lnr.com/routes/gru-lhr,no independent flight-route evidence
GRU,LIM,H25567,305,https://2lnr.com/routes/gru-lim,no independent flight-route evidence
GRU,LIM,LA2395,310,https://2lnr.com/routes/gru-lim,no independent flight-route evidence
GRU,LIM,LA2395,310,https://2lnr.com/routes/gru-lim,no independent flight-route evidence
GRU,LIM,LA2425,315,https://2lnr.com/routes/gru-lim,no independent flight-route evidence
GRU,LIM,LA2425,320,https://2lnr.com/routes/gru-lim,no independent flight-route evidence
GRU,LIM,LA2425,320,https://2lnr.com/routes/gru-lim,no independent flight-route evidence
GRU,LIM,LA2429,310,https://2lnr.com/routes/gru-lim,flight-route mismatch
GRU,LIM,LA2934,330,https://2lnr.com/routes/gru-lim,no independent flight-route evidence
GRU,LIM,LA8098,320,https://2lnr.com/routes/gru-lim,no independent flight-route evidence
GRU,LIM,LA8122,325,https://2lnr.com/routes/gru-lim,no independent flight-route evidence
GRU,LIS,LA8144,565,https://2lnr.com/routes/gru-lis,no independent flight-route evidence
GRU,LIS,LA8146,570,https://2lnr.com/routes/gru-lis,no independent flight-route evidence
GRU,LIS,LA8146,565,https://2lnr.com/routes/gru-lis,no independent flight-route evidence
GRU,LIS,LA8148,540,https://2lnr.com/routes/gru-lis,no independent flight-route evidence
GRU,LIS,LA8148,570,https://2lnr.com/routes/gru-lis,no independent flight-route evidence
GRU,MAD,LA8076,605,https://2lnr.com/routes/gru-mad,no independent flight-route evidence
GRU,MAD,LA8076,600,https://2lnr.com/routes/gru-mad,no independent flight-route evidence
GRU,MAD,LA8076,600,https://2lnr.com/routes/gru-mad,no independent flight-route evidence
GRU,MCO,LA8126,535,https://2lnr.com/routes/gru-mco,no independent flight-route evidence
GRU,MCO,LA8126,540,https://2lnr.com/routes/gru-mco,no independent flight-route evidence
GRU,MCO,LA8186,535,https://2lnr.com/routes/gru-mco,no independent flight-route evidence
GRU,MEX,LA8112,560,https://2lnr.com/routes/gru-mex,no independent flight-route evidence
GRU,MEX,LA8112,540,https://2lnr.com/routes/gru-mex,no independent flight-route evidence
GRU,MEX,LA8112,550,https://2lnr.com/routes/gru-mex,no independent flight-route evidence
GRU,MEX,LA8112,565,https://2lnr.com/routes/gru-mex,no independent flight-route evidence
GRU,MIA,LA8190,510,https://2lnr.com/routes/gru-mia,no independent flight-route evidence
GRU,MIA,LA8194,515,https://2lnr.com/routes/gru-mia,no independent flight-route evidence
GRU,MIA,LA8194,510,https://2lnr.com/routes/gru-mia,no independent flight-route evidence
GRU,MIA,LA8198,500,https://2lnr.com/routes/gru-mia,no independent flight-route evidence
GRU,MVD,LA8016,160,https://2lnr.com/routes/gru-mvd,no independent flight-route evidence
GRU,MVD,LA8016,155,https://2lnr.com/routes/gru-mvd,no independent flight-route evidence
GRU,MVD,LA8016,160,https://2lnr.com/routes/gru-mvd,no independent flight-route evidence
GRU,MVD,LA8110,160,https://2lnr.com/routes/gru-mvd,no independent flight-route evidence
GRU,MVD,LA8118,165,https://2lnr.com/routes/gru-mvd,no independent flight-route evidence
GRU,MVD,LA8118,160,https://2lnr.com/routes/gru-mvd,no independent flight-route evidence
GRU,MVD,LA8118,155,https://2lnr.com/routes/gru-mvd,no independent flight-route evidence
GRU,MXP,LA8072,670,https://2lnr.com/routes/gru-mxp,no independent flight-route evidence
GRU,MXP,LA8072,675,https://2lnr.com/routes/gru-mxp,no independent flight-route evidence
GRU,PUJ,DM4120,425,https://2lnr.com/routes/gru-puj,flight-route mismatch
GRU,PUJ,DM4172,425,https://2lnr.com/routes/gru-puj,no independent flight-route evidence
GRU,PUJ,DM6081,425,https://2lnr.com/routes/gru-puj,no independent flight-route evidence
GRU,PUJ,LA8082,430,https://2lnr.com/routes/gru-puj,no independent flight-route evidence
GRU,PUJ,LA8082,400,https://2lnr.com/routes/gru-puj,no independent flight-route evidence
GRU,REC,LA3374,180,https://2lnr.com/routes/gru-rec,no independent flight-route evidence
GRU,REC,LA3374,185,https://2lnr.com/routes/gru-rec,no independent flight-route evidence
GRU,REC,LA3376,180,https://2lnr.com/routes/gru-rec,no independent flight-route evidence
GRU,REC,LA3376,180,https://2lnr.com/routes/gru-rec,no independent flight-route evidence
GRU,REC,LA3380,185,https://2lnr.com/routes/gru-rec,no independent flight-route evidence
GRU,REC,LA3382,180,https://2lnr.com/routes/gru-rec,no independent flight-route evidence
GRU,SCL,LA8054,270,https://2lnr.com/routes/gru-scl,no independent flight-route evidence
GRU,SCL,LA8104,260,https://2lnr.com/routes/gru-scl,no independent flight-route evidence
GRU,SCL,LA8104,260,https://2lnr.com/routes/gru-scl,no independent flight-route evidence
GRU,SCL,LA8152,260,https://2lnr.com/routes/gru-scl,no independent flight-route evidence
GRU,SSA,G31324,140,https://2lnr.com/routes/gru-ssa,flight-route mismatch
GRU,SSA,LA3346,140,https://2lnr.com/routes/gru-ssa,no independent flight-route evidence
GRU,SSA,LA3350,140,https://2lnr.com/routes/gru-ssa,no independent flight-route evidence
GRU,SSA,LA3354,140,https://2lnr.com/routes/gru-ssa,no independent flight-route evidence
GRU,SSA,LA3354,140,https://2lnr.com/routes/gru-ssa,no independent flight-route evidence
GRU,SSA,LA3598,145,https://2lnr.com/routes/gru-ssa,no independent flight-route evidence
GRU,SSA,LA3652,140,https://2lnr.com/routes/gru-ssa,no independent flight-route evidence
GRU,SSA,LA3652,140,https://2lnr.com/routes/gru-ssa,no independent flight-route evidence
GRU,SSA,LA3972,140,https://2lnr.com/routes/gru-ssa,no independent flight-route evidence
GRU,SSA,LA4674,140,https://2lnr.com/routes/gru-ssa,no independent flight-route evidence
GRU,SSA,LA4722,140,https://2lnr.com/routes/gru-ssa,no independent flight-route evidence
GRU,SSA,LA4722,140,https://2lnr.com/routes/gru-ssa,no independent flight-route evidence
GUA,BOG,AV743,195,https://2lnr.com/routes/gua-bog,no independent flight-route evidence
GUA,CUN,AV650,110,https://2lnr.com/routes/gua-cun,no independent flight-route evidence
GUA,IAD,AV654,255,https://2lnr.com/routes/gua-iad,no independent flight-route evidence
GUA,JFK,AV652,280,https://2lnr.com/routes/gua-jfk,no independent flight-route evidence
GUA,LAX,AV640,315,https://2lnr.com/routes/gua-lax,no independent flight-route evidence
GUA,MAD,IB222,795,https://2lnr.com/routes/gua-mad,nonadjacent airports in flight sequence
GUA,MIA,AA2214,165,https://2lnr.com/routes/gua-mia,flight-route mismatch
GUA,SAL,IB224,60,https://2lnr.com/routes/gua-sal,flight-route mismatch
GUA,SJO,AV641,90,https://2lnr.com/routes/gua-sjo,no independent flight-route evidence
GUA,SJO,AV651,90,https://2lnr.com/routes/gua-sjo,no independent flight-route evidence
GUA,SJO,AV653,90,https://2lnr.com/routes/gua-sjo,no independent flight-route evidence
GUA,SJO,AV655,90,https://2lnr.com/routes/gua-sjo,no independent flight-route evidence
GVA,AMS,U21517,100,https://2lnr.com/routes/gva-ams,no independent flight-route evidence
GVA,AMS,U27868,100,https://2lnr.com/routes/gva-ams,no independent flight-route evidence
GVA,ATH,U21471,165,https://2lnr.com/routes/gva-ath,no independent flight-route evidence
GVA,AUH,EY146,415,https://2lnr.com/routes/gva-auh,no independent flight-route evidence
GVA,AUH,EY146,375,https://2lnr.com/routes/gva-auh,no independent flight-route evidence
GVA,BCN,U21293,85,https://2lnr.com/routes/gva-bcn,no independent flight-route evidence
GVA,BCN,U21295,90,https://2lnr.com/routes/gva-bcn,no independent flight-route evidence
GVA,BCN,U27106,100,https://2lnr.com/routes/gva-bcn,no independent flight-route evidence
GVA,BCN,U27106,90,https://2lnr.com/routes/gva-bcn,no independent flight-route evidence
GVA,BCN,U27106,85,https://2lnr.com/routes/gva-bcn,no independent flight-route evidence
GVA,BCN,U27108,85,https://2lnr.com/routes/gva-bcn,flight-route mismatch
GVA,BCN,U27110,85,https://2lnr.com/routes/gva-bcn,flight-route mismatch
GVA,BCN,U27110,95,https://2lnr.com/routes/gva-bcn,flight-route mismatch
GVA,BCN,U27112,85,https://2lnr.com/routes/gva-bcn,flight-route mismatch
GVA,BCN,U27453,85,https://2lnr.com/routes/gva-bcn,no independent flight-route evidence
GVA,BCN,VY6201,95,https://2lnr.com/routes/gva-bcn,flight-route mismatch
GVA,BER,U21589,105,https://2lnr.com/routes/gva-ber,no independent flight-route evidence
GVA,BER,U25182,100,https://2lnr.com/routes/gva-ber,flight-route mismatch
GVA,BER,U25184,100,https://2lnr.com/routes/gva-ber,no independent flight-route evidence
GVA,BER,U25184,100,https://2lnr.com/routes/gva-ber,no independent flight-route evidence
GVA,BRU,U21529,80,https://2lnr.com/routes/gva-bru,no independent flight-route evidence
GVA,BUD,U21565,110,https://2lnr.com/routes/gva-bud,no independent flight-route evidence
GVA,CPH,U21539,125,https://2lnr.com/routes/gva-cph,no independent flight-route evidence
GVA,EDI,U21587,135,https://2lnr.com/routes/gva-edi,no independent flight-route evidence
GVA,EDI,U23292,140,https://2lnr.com/routes/gva-edi,flight-route mismatch
GVA,EDI,U23292,135,https://2lnr.com/routes/gva-edi,flight-route mismatch
GVA,EDI,U23294,145,https://2lnr.com/routes/gva-edi,flight-route mismatch
GVA,FCO,U21411,90,https://2lnr.com/routes/gva-fco,no independent flight-route evidence
GVA,FCO,U21413,95,https://2lnr.com/routes/gva-fco,flight-route mismatch
GVA,FCO,U21413,90,https://2lnr.com/routes/gva-fco,flight-route mismatch
GVA,FRA,LX1094,75,https://2lnr.com/routes/gva-fra,no independent flight-route evidence
GVA,FRA,LX1094,75,https://2lnr.com/routes/gva-fra,no independent flight-route evidence
GVA,HAM,U21577,100,https://2lnr.com/routes/gva-ham,no independent flight-route evidence
GVA,HAM,U21577,105,https://2lnr.com/routes/gva-ham,no independent flight-route evidence
GVA,HEL,AY1534,175,https://2lnr.com/routes/gva-hel,no independent flight-route evidence
GVA,HEL,AY1534,175,https://2lnr.com/routes/gva-hel,no independent flight-route evidence
GVA,IST,TK1920,195,https://2lnr.com/routes/gva-ist,flight-route mismatch
GVA,IST,TK1920,190,https://2lnr.com/routes/gva-ist,flight-route mismatch
GVA,IST,TK1922,190,https://2lnr.com/routes/gva-ist,flight-route mismatch
GVA,KWI,KU162,335,https://2lnr.com/routes/gva-kwi,flight-route mismatch
GVA,LGW,U28488,90,https://2lnr.com/routes/gva-lgw,no independent flight-route evidence
GVA,LGW,U28488,95,https://2lnr.com/routes/gva-lgw,no independent flight-route evidence
GVA,LGW,U28488,95,https://2lnr.com/routes/gva-lgw,no independent flight-route evidence
GVA,LGW,U28492,100,https://2lnr.com/routes/gva-lgw,flight-route mismatch
GVA,LGW,U28494,100,https://2lnr.com/routes/gva-lgw,no independent flight-route evidence
GVA,LGW,U28498,100,https://2lnr.com/routes/gva-lgw,flight-route mismatch
GVA,LGW,U28498,100,https://2lnr.com/routes/gva-lgw,flight-route mismatch
GVA,LGW,U28498,100,https://2lnr.com/routes/gva-lgw,flight-route mismatch
GVA,LHR,BA753,105,https://2lnr.com/routes/gva-lhr,flight-route mismatch
GVA,LHR,BA757,105,https://2lnr.com/routes/gva-lhr,flight-route mismatch
GVA,LHR,BA757,105,https://2lnr.com/routes/gva-lhr,flight-route mismatch
GVA,LIS,U21461,160,https://2lnr.com/routes/gva-lis,flight-route mismatch
GVA,LIS,U21463,160,https://2lnr.com/routes/gva-lis,no independent flight-route evidence
GVA,LIS,U21465,160,https://2lnr.com/routes/gva-lis,flight-route mismatch
GVA,LIS,U27642,160,https://2lnr.com/routes/gva-lis,no independent flight-route evidence
GVA,LIS,U27644,160,https://2lnr.com/routes/gva-lis,no independent flight-route evidence
GVA,MAD,IB1276,125,https://2lnr.com/routes/gva-mad,no independent flight-route evidence
GVA,MAD,IB1280,125,https://2lnr.com/routes/gva-mad,no independent flight-route evidence
GVA,MAD,IB1282,125,https://2lnr.com/routes/gva-mad,no independent flight-route evidence
GVA,MAD,IB614,125,https://2lnr.com/routes/gva-mad,no independent flight-route evidence
GVA,MAD,IB622,125,https://2lnr.com/routes/gva-mad,no independent flight-route evidence
GVA,MAD,U21311,135,https://2lnr.com/routes/gva-mad,no independent flight-route evidence
GVA,MAD,U21311,130,https://2lnr.com/routes/gva-mad,no independent flight-route evidence
GVA,MAD,UX1664,115,https://2lnr.com/routes/gva-mad,no independent flight-route evidence
GVA,MAD,UX1666,120,https://2lnr.com/routes/gva-mad,no independent flight-route evidence
GVA,MAD,UX1666,130,https://2lnr.com/routes/gva-mad,no independent flight-route evidence
GVA,MAD,UX1666,115,https://2lnr.com/routes/gva-mad,no independent flight-route evidence
GVA,MAN,U21591,115,https://2lnr.com/routes/gva-man,flight-route mismatch
GVA,MAN,U22186,115,https://2lnr.com/routes/gva-man,no independent flight-route evidence
GVA,MAN,U22188,115,https://2lnr.com/routes/gva-man,no independent flight-route evidence
GVA,MUC,EN8077,75,https://2lnr.com/routes/gva-muc,no independent flight-route evidence
GVA,NCE,LX522,65,https://2lnr.com/routes/gva-nce,no independent flight-route evidence
GVA,NCE,U21385,65,https://2lnr.com/routes/gva-nce,no independent flight-route evidence
GVA,NCE,U21393,65,https://2lnr.com/routes/gva-nce,flight-route mismatch
GVA,NCE,U21395,65,https://2lnr.com/routes/gva-nce,no independent flight-route evidence
GVA,NCE,U21397,65,https://2lnr.com/routes/gva-nce,flight-route mismatch
GVA,NCE,U21399,65,https://2lnr.com/routes/gva-nce,flight-route mismatch
GVA,NCE,U21401,65,https://2lnr.com/routes/gva-nce,no independent flight-route evidence
GVA,NCE,U21403,65,https://2lnr.com/routes/gva-nce,no independent flight-route evidence
GVA,NCE,U27575,65,https://2lnr.com/routes/gva-nce,no independent flight-route evidence
GVA,OPO,U21451,140,https://2lnr.com/routes/gva-opo,no independent flight-route evidence
GVA,OPO,U21453,140,https://2lnr.com/routes/gva-opo,no independent flight-route evidence
GVA,OPO,U21453,145,https://2lnr.com/routes/gva-opo,no independent flight-route evidence
GVA,OPO,U21457,145,https://2lnr.com/routes/gva-opo,no independent flight-route evidence
GVA,OPO,U26820,140,https://2lnr.com/routes/gva-opo,flight-route mismatch
GVA,OPO,U26822,145,https://2lnr.com/routes/gva-opo,flight-route mismatch
GVA,OPO,U26822,140,https://2lnr.com/routes/gva-opo,flight-route mismatch
GVA,OPO,U26824,140,https://2lnr.com/routes/gva-opo,flight-route mismatch
GVA,OPO,U26830,145,https://2lnr.com/routes/gva-opo,no independent flight-route evidence
GVA,PRG,U21543,90,https://2lnr.com/routes/gva-prg,no independent flight-route evidence
GVA,PRG,U21563,95,https://2lnr.com/routes/gva-prg,no independent flight-route evidence
GVA,PRG,U21563,90,https://2lnr.com/routes/gva-prg,no independent flight-route evidence
GVA,RAK,U21553,135,https://2lnr.com/routes/gva-rak,no independent flight-route evidence
GVA,RAK,U21553,195,https://2lnr.com/routes/gva-rak,no independent flight-route evidence
GVA,RAK,U21557,135,https://2lnr.com/routes/gva-rak,no independent flight-route evidence
GVA,RAK,U21557,195,https://2lnr.com/routes/gva-rak,no independent flight-route evidence
GVA,TBS,U21549,265,https://2lnr.com/routes/gva-tbs,no independent flight-route evidence
GYD,BER,J263,305,https://2lnr.com/routes/gyd-ber,flight-route mismatch
GYD,BER,J263,305,https://2lnr.com/routes/gyd-ber,flight-route mismatch
GYD,DME,J2185,205,https://2lnr.com/routes/gyd-dme,no independent flight-route evidence
GYD,DXB,FZ708,240,https://2lnr.com/routes/gyd-dxb,no independent flight-route evidence
GYD,DXB,FZ708,175,https://2lnr.com/routes/gyd-dxb,no independent flight-route evidence
GYD,DXB,FZ734,180,https://2lnr.com/routes/gyd-dxb,no independent flight-route evidence
GYD,FCO,W46204,295,https://2lnr.com/routes/gyd-fco,no independent flight-route evidence
GYD,ISB,J2143,185,https://2lnr.com/routes/gyd-isb,no independent flight-route evidence
GYD,IST,TK331,195,https://2lnr.com/routes/gyd-ist,no independent flight-route evidence
GYD,IST,TK333,195,https://2lnr.com/routes/gyd-ist,flight-route mismatch
GYD,IST,TK335,195,https://2lnr.com/routes/gyd-ist,flight-route mismatch
GYD,IST,TK335,190,https://2lnr.com/routes/gyd-ist,flight-route mismatch
GYD,IST,TK337,185,https://2lnr.com/routes/gyd-ist,flight-route mismatch
GYD,IST,TK339,190,https://2lnr.com/routes/gyd-ist,flight-route mismatch
GYD,IST,TK339,195,https://2lnr.com/routes/gyd-ist,flight-route mismatch
GYD,IST,TK341,195,https://2lnr.com/routes/gyd-ist,flight-route mismatch
GYD,IST,TK341,195,https://2lnr.com/routes/gyd-ist,flight-route mismatch
GYD,IST,TK341,195,https://2lnr.com/routes/gyd-ist,flight-route mismatch
GYD,KWI,KU198,160,https://2lnr.com/routes/gyd-kwi,flight-route mismatch
GYD,LED,J2139,250,https://2lnr.com/routes/gyd-led,no independent flight-route evidence
GYD,LED,J2139,250,https://2lnr.com/routes/gyd-led,no independent flight-route evidence
GYD,TLV,6H880,205,https://2lnr.com/routes/gyd-tlv,no independent flight-route evidence
GYD,WAW,LO722,275,https://2lnr.com/routes/gyd-waw,no independent flight-route evidence
GYD,WAW,LO722,275,https://2lnr.com/routes/gyd-waw,no independent flight-route evidence
GYE,BOG,AV8380,115,https://2lnr.com/routes/gye-bog,no independent flight-route evidence
GYE,BOG,AV8382,110,https://2lnr.com/routes/gye-bog,no independent flight-route evidence
GYE,BOG,AV8384,115,https://2lnr.com/routes/gye-bog,no independent flight-route evidence
GYE,BOG,AV8384,115,https://2lnr.com/routes/gye-bog,no independent flight-route evidence
GYE,BOG,AV8388,110,https://2lnr.com/routes/gye-bog,no independent flight-route evidence
GYE,BOG,AV8388,110,https://2lnr.com/routes/gye-bog,no independent flight-route evidence
GYE,BOG,AV8394,115,https://2lnr.com/routes/gye-bog,no independent flight-route evidence
GYE,EZE,AV635,335,https://2lnr.com/routes/gye-eze,no independent flight-route evidence
GYE,JFK,AV7392,400,https://2lnr.com/routes/gye-jfk,no independent flight-route evidence
GYE,JFK,AV7394,400,https://2lnr.com/routes/gye-jfk,no independent flight-route evidence
GYE,JFK,LA1454,404,https://2lnr.com/routes/gye-jfk,no independent flight-route evidence
GYE,JFK,LA1454,400,https://2lnr.com/routes/gye-jfk,no independent flight-route evidence
GYE,LIM,LA1430,115,https://2lnr.com/routes/gye-lim,no independent flight-route evidence
GYE,LIM,LA1448,110,https://2lnr.com/routes/gye-lim,no independent flight-route evidence
GYE,MIA,AV7378,270,https://2lnr.com/routes/gye-mia,no independent flight-route evidence
GYE,MIA,AV7380,265,https://2lnr.com/routes/gye-mia,no independent flight-route evidence
GYE,PUJ,DM6781,225,https://2lnr.com/routes/gye-puj,no independent flight-route evidence
GYE,PUJ,DM6781,235,https://2lnr.com/routes/gye-puj,no independent flight-route evidence
GYE,SJO,AV634,145,https://2lnr.com/routes/gye-sjo,flight-route mismatch
HAM,ARN,EW4679,90,https://2lnr.com/routes/ham-arn,no independent flight-route evidence
HAM,ARN,EW4681,90,https://2lnr.com/routes/ham-arn,no independent flight-route evidence
HAM,ATH,GQ873,180,https://2lnr.com/routes/ham-ath,no independent flight-route evidence
HAM,BUD,EW7782,100,https://2lnr.com/routes/ham-bud,no independent flight-route evidence
HAM,BUD,EW7782,100,https://2lnr.com/routes/ham-bud,no independent flight-route evidence
HAM,BUD,EW7784,100,https://2lnr.com/routes/ham-bud,no independent flight-route evidence
HAM,FCO,U22991,140,https://2lnr.com/routes/ham-fco,flight-route mismatch
HAM,FRA,DE4172,65,https://2lnr.com/routes/ham-fra,no independent flight-route evidence
HAM,FRA,VL19,70,https://2lnr.com/routes/ham-fra,no independent flight-route evidence
HAM,GVA,U21578,100,https://2lnr.com/routes/ham-gva,no independent flight-route evidence
HAM,HEL,AY1424,110,https://2lnr.com/routes/ham-hel,no independent flight-route evidence
HAM,HEL,AY1426,110,https://2lnr.com/routes/ham-hel,no independent flight-route evidence
HAM,HEL,AY1426,110,https://2lnr.com/routes/ham-hel,no independent flight-route evidence
HAM,HEL,AY1426,110,https://2lnr.com/routes/ham-hel,no independent flight-route evidence
HAM,IST,TK1662,200,https://2lnr.com/routes/ham-ist,flight-route mismatch
HAM,IST,TK1662,200,https://2lnr.com/routes/ham-ist,flight-route mismatch
HAM,IST,TK1664,195,https://2lnr.com/routes/ham-ist,flight-route mismatch
HAM,IST,TK1664,190,https://2lnr.com/routes/ham-ist,flight-route mismatch
HAM,IST,TK1664,195,https://2lnr.com/routes/ham-ist,flight-route mismatch
HAM,IST,TK1668,195,https://2lnr.com/routes/ham-ist,flight-route mismatch
HAM,IST,TK1670,200,https://2lnr.com/routes/ham-ist,flight-route mismatch
HAM,IST,TK1670,200,https://2lnr.com/routes/ham-ist,flight-route mismatch
HAM,IST,TK1670,200,https://2lnr.com/routes/ham-ist,flight-route mismatch
HAM,IST,TK1670,200,https://2lnr.com/routes/ham-ist,flight-route mismatch
HAM,LGW,U28636,105,https://2lnr.com/routes/ham-lgw,flight-route mismatch
HAM,LGW,U28636,100,https://2lnr.com/routes/ham-lgw,flight-route mismatch
HAM,LGW,U28636,100,https://2lnr.com/routes/ham-lgw,flight-route mismatch
HAM,LGW,U28636,115,https://2lnr.com/routes/ham-lgw,flight-route mismatch
HAM,LGW,U28636,110,https://2lnr.com/routes/ham-lgw,flight-route mismatch
HAM,LIS,TP565,225,https://2lnr.com/routes/ham-lis,nonadjacent airports in flight sequence
HAM,LIS,TP565,225,https://2lnr.com/routes/ham-lis,nonadjacent airports in flight sequence
HAM,MAD,IB772,180,https://2lnr.com/routes/ham-mad,no independent flight-route evidence
HAM,MAD,IB776,180,https://2lnr.com/routes/ham-mad,no independent flight-route evidence
HAM,MAD,IB778,180,https://2lnr.com/routes/ham-mad,no independent flight-route evidence
HAM,MAN,EW7768,105,https://2lnr.com/routes/ham-man,no independent flight-route evidence
HAM,MUC,LH2051,80,https://2lnr.com/routes/ham-muc,flight-route mismatch
HAM,MUC,LH2057,80,https://2lnr.com/routes/ham-muc,flight-route mismatch
HAM,MUC,VL2071,80,https://2lnr.com/routes/ham-muc,no independent flight-route evidence
HAM,MXP,U23950,105,https://2lnr.com/routes/ham-mxp,no independent flight-route evidence
HAM,MXP,U23950,100,https://2lnr.com/routes/ham-mxp,no independent flight-route evidence
HAM,MXP,U23950,105,https://2lnr.com/routes/ham-mxp,no independent flight-route evidence
HAM,MXP,U23986,105,https://2lnr.com/routes/ham-mxp,flight-route mismatch
HAM,OSL,DY1129,85,https://2lnr.com/routes/ham-osl,flight-route mismatch
HAM,OSL,DY1129,85,https://2lnr.com/routes/ham-osl,flight-route mismatch
HAM,RAK,U26008,200,https://2lnr.com/routes/ham-rak,flight-route mismatch
HAM,VIE,EW7750,90,https://2lnr.com/routes/ham-vie,no independent flight-route evidence
HAM,VIE,EW7752,90,https://2lnr.com/routes/ham-vie,no independent flight-route evidence
HAM,VIE,EW7752,90,https://2lnr.com/routes/ham-vie,no independent flight-route evidence
HAM,VIE,EW7752,90,https://2lnr.com/routes/ham-vie,no independent flight-route evidence
HAM,VIE,OS252,90,https://2lnr.com/routes/ham-vie,flight-route mismatch
HAM,VIE,OS252,90,https://2lnr.com/routes/ham-vie,flight-route mismatch
HAM,VIE,OS254,90,https://2lnr.com/routes/ham-vie,flight-route mismatch
HAM,VIE,OS254,90,https://2lnr.com/routes/ham-vie,flight-route mismatch
HAM,VIE,OS258,90,https://2lnr.com/routes/ham-vie,flight-route mismatch
HAM,VIE,OS258,90,https://2lnr.com/routes/ham-vie,flight-route mismatch
HAM,VIE,OS260,90,https://2lnr.com/routes/ham-vie,no independent flight-route evidence
HAM,VIE,OS260,90,https://2lnr.com/routes/ham-vie,no independent flight-route evidence
HAM,VIE,OS260,90,https://2lnr.com/routes/ham-vie,no independent flight-route evidence
HAM,WAW,LO396,90,https://2lnr.com/routes/ham-waw,flight-route mismatch
HAM,WAW,LO396,90,https://2lnr.com/routes/ham-waw,flight-route mismatch
HAM,WAW,LO396,90,https://2lnr.com/routes/ham-waw,flight-route mismatch
HAM,ZRH,EW7760,85,https://2lnr.com/routes/ham-zrh,no independent flight-route evidence
HAM,ZRH,EW7760,85,https://2lnr.com/routes/ham-zrh,no independent flight-route evidence
HAM,ZRH,EW7762,85,https://2lnr.com/routes/ham-zrh,no independent flight-route evidence
HAM,ZRH,EW7762,85,https://2lnr.com/routes/ham-zrh,no independent flight-route evidence
HAM,ZRH,EW7764,85,https://2lnr.com/routes/ham-zrh,no independent flight-route evidence
HAM,ZRH,EW7764,85,https://2lnr.com/routes/ham-zrh,no independent flight-route evidence
HAM,ZRH,EW7764,85,https://2lnr.com/routes/ham-zrh,no independent flight-route evidence
HAN,ALA,VJ31,385,https://2lnr.com/routes/han-ala,no independent flight-route evidence
HAN,DAD,9G923,80,https://2lnr.com/routes/han-dad,no independent flight-route evidence
HAN,DAD,9G927,80,https://2lnr.com/routes/han-dad,no independent flight-route evidence
HAN,DAD,9G939,80,https://2lnr.com/routes/han-dad,no independent flight-route evidence
HAN,DAD,VJ1529,80,https://2lnr.com/routes/han-dad,no independent flight-route evidence
HAN,DAD,VN6071,90,https://2lnr.com/routes/han-dad,no independent flight-route evidence
HAN,DAD,VN7057,85,https://2lnr.com/routes/han-dad,flight-route mismatch
HAN,DAD,VN7159,90,https://2lnr.com/routes/han-dad,no independent flight-route evidence
HAN,DAD,VN7189,90,https://2lnr.com/routes/han-dad,flight-route mismatch
HAN,DAD,VN7197,85,https://2lnr.com/routes/han-dad,no independent flight-route evidence
HAN,HKG,9G530,105,https://2lnr.com/routes/han-hkg,no independent flight-route evidence
HAN,NKG,MF8714,185,https://2lnr.com/routes/han-nkg,flight-route mismatch
HAN,NKG,MF8714,180,https://2lnr.com/routes/han-nkg,flight-route mismatch
HAN,NKG,MF8714,175,https://2lnr.com/routes/han-nkg,flight-route mismatch
HAN,SGN,9G819,130,https://2lnr.com/routes/han-sgn,no independent flight-route evidence
HAN,SGN,9G851,130,https://2lnr.com/routes/han-sgn,no independent flight-route evidence
HAN,TFU,3U3906,110,https://2lnr.com/routes/han-tfu,flight-route mismatch
HAN,TLV,IZ596,750,https://2lnr.com/routes/han-tlv,no independent flight-route evidence
HAN,TLV,IZ690,760,https://2lnr.com/routes/han-tlv,no independent flight-route evidence
HAV,CUN,Q4313,85,https://2lnr.com/routes/hav-cun,no independent flight-route evidence
HAV,FCO,NO131,590,https://2lnr.com/routes/hav-fco,flight-route mismatch
HAV,MIA,AA2483,83,https://2lnr.com/routes/hav-mia,flight-route mismatch
HAV,PTY,CM359,163,https://2lnr.com/routes/hav-pty,flight-route mismatch
HAV,PTY,CM504,163,https://2lnr.com/routes/hav-pty,no independent flight-route evidence
HAV,PUJ,UX52,130,https://2lnr.com/routes/hav-puj,flight-route mismatch
HEL,AMS,AY1301,155,https://2lnr.com/routes/hel-ams,no independent flight-route evidence
HEL,AMS,AY1305,155,https://2lnr.com/routes/hel-ams,no independent flight-route evidence
HEL,AMS,AY1305,155,https://2lnr.com/routes/hel-ams,no independent flight-route evidence
HEL,AMS,AY1305,155,https://2lnr.com/routes/hel-ams,no independent flight-route evidence
HEL,ARN,AY801,60,https://2lnr.com/routes/hel-arn,flight-route mismatch
HEL,ARN,AY801,60,https://2lnr.com/routes/hel-arn,flight-route mismatch
HEL,ARN,AY807,60,https://2lnr.com/routes/hel-arn,flight-route mismatch
HEL,ARN,AY807,60,https://2lnr.com/routes/hel-arn,flight-route mismatch
HEL,ARN,AY809,60,https://2lnr.com/routes/hel-arn,flight-route mismatch
HEL,ARN,AY809,60,https://2lnr.com/routes/hel-arn,flight-route mismatch
HEL,ARN,AY813,60,https://2lnr.com/routes/hel-arn,flight-route mismatch
HEL,ARN,AY815,60,https://2lnr.com/routes/hel-arn,flight-route mismatch
HEL,ARN,AY815,60,https://2lnr.com/routes/hel-arn,flight-route mismatch
HEL,ARN,AY819,60,https://2lnr.com/routes/hel-arn,no independent flight-route evidence
HEL,ARN,AY819,60,https://2lnr.com/routes/hel-arn,no independent flight-route evidence
HEL,ARN,AY821,60,https://2lnr.com/routes/hel-arn,flight-route mismatch
HEL,ARN,AY927,65,https://2lnr.com/routes/hel-arn,flight-route mismatch
HEL,ARN,AY9973,75,https://2lnr.com/routes/hel-arn,no independent flight-route evidence
HEL,ATH,A3765,220,https://2lnr.com/routes/hel-ath,flight-route mismatch
HEL,ATH,A3765,225,https://2lnr.com/routes/hel-ath,flight-route mismatch
HEL,BER,AY1431,120,https://2lnr.com/routes/hel-ber,flight-route mismatch
HEL,BER,AY1431,120,https://2lnr.com/routes/hel-ber,flight-route mismatch
HEL,BER,AY1433,120,https://2lnr.com/routes/hel-ber,flight-route mismatch
HEL,BER,AY1433,120,https://2lnr.com/routes/hel-ber,flight-route mismatch
HEL,BER,AY1433,120,https://2lnr.com/routes/hel-ber,flight-route mismatch
HEL,BER,AY1435,120,https://2lnr.com/routes/hel-ber,flight-route mismatch
HEL,BER,AY1435,120,https://2lnr.com/routes/hel-ber,flight-route mismatch
HEL,BER,AY1435,120,https://2lnr.com/routes/hel-ber,flight-route mismatch
HEL,BER,AY1435,120,https://2lnr.com/routes/hel-ber,flight-route mismatch
HEL,BER,AY1437,120,https://2lnr.com/routes/hel-ber,flight-route mismatch
HEL,BER,AY1437,120,https://2lnr.com/routes/hel-ber,flight-route mismatch
HEL,BER,AY1437,120,https://2lnr.com/routes/hel-ber,flight-route mismatch
HEL,BER,EW8231,120,https://2lnr.com/routes/hel-ber,no independent flight-route evidence
HEL,BRU,AY1541,160,https://2lnr.com/routes/hel-bru,flight-route mismatch
HEL,BRU,AY1541,160,https://2lnr.com/routes/hel-bru,flight-route mismatch
HEL,BRU,AY1545,155,https://2lnr.com/routes/hel-bru,no independent flight-route evidence
HEL,BRU,AY1545,155,https://2lnr.com/routes/hel-bru,no independent flight-route evidence
HEL,BRU,AY1545,155,https://2lnr.com/routes/hel-bru,no independent flight-route evidence
HEL,BRU,AY1545,155,https://2lnr.com/routes/hel-bru,no independent flight-route evidence
HEL,BRU,AY1549,160,https://2lnr.com/routes/hel-bru,no independent flight-route evidence
HEL,CDG,AY1577,185,https://2lnr.com/routes/hel-cdg,no independent flight-route evidence
HEL,CDG,AY1577,185,https://2lnr.com/routes/hel-cdg,no independent flight-route evidence
HEL,CDG,AY1577,185,https://2lnr.com/routes/hel-cdg,no independent flight-route evidence
HEL,CDG,AY1577,185,https://2lnr.com/routes/hel-cdg,no independent flight-route evidence
HEL,CDG,AY1581,185,https://2lnr.com/routes/hel-cdg,no independent flight-route evidence
HEL,CDG,N71577,185,https://2lnr.com/routes/hel-cdg,no independent flight-route evidence
HEL,CPH,AY951,100,https://2lnr.com/routes/hel-cph,flight-route mismatch
HEL,CPH,AY951,100,https://2lnr.com/routes/hel-cph,flight-route mismatch
HEL,CPH,AY955,100,https://2lnr.com/routes/hel-cph,flight-route mismatch
HEL,CPH,AY955,100,https://2lnr.com/routes/hel-cph,flight-route mismatch
HEL,CPH,AY955,100,https://2lnr.com/routes/hel-cph,flight-route mismatch
HEL,CPH,AY959,100,https://2lnr.com/routes/hel-cph,flight-route mismatch
HEL,CPH,AY959,100,https://2lnr.com/routes/hel-cph,flight-route mismatch
HEL,CPH,AY961,100,https://2lnr.com/routes/hel-cph,flight-route mismatch
HEL,CPH,AY961,100,https://2lnr.com/routes/hel-cph,flight-route mismatch
HEL,CPH,AY961,100,https://2lnr.com/routes/hel-cph,flight-route mismatch
HEL,DOH,AY1981,400,https://2lnr.com/routes/hel-doh,flight-route mismatch
HEL,DUB,AY1381,190,https://2lnr.com/routes/hel-dub,no independent flight-route evidence
HEL,DUB,AY1381,190,https://2lnr.com/routes/hel-dub,no independent flight-route evidence
HEL,DUB,AY1381,190,https://2lnr.com/routes/hel-dub,no independent flight-route evidence
HEL,DUB,AY1381,190,https://2lnr.com/routes/hel-dub,no independent flight-route evidence
HEL,DUB,AY1385,190,https://2lnr.com/routes/hel-dub,no independent flight-route evidence
HEL,DUB,AY1385,195,https://2lnr.com/routes/hel-dub,no independent flight-route evidence
HEL,DUB,N71381,190,https://2lnr.com/routes/hel-dub,no independent flight-route evidence
HEL,DUB,N71381,190,https://2lnr.com/routes/hel-dub,no independent flight-route evidence
HEL,DUS,AY1391,145,https://2lnr.com/routes/hel-dus,no independent flight-route evidence
HEL,DUS,AY1391,145,https://2lnr.com/routes/hel-dus,no independent flight-route evidence
HEL,DUS,AY1391,145,https://2lnr.com/routes/hel-dus,no independent flight-route evidence
HEL,DUS,AY1395,145,https://2lnr.com/routes/hel-dus,no independent flight-route evidence
HEL,DUS,AY1395,145,https://2lnr.com/routes/hel-dus,no independent flight-route evidence
HEL,DUS,AY1395,145,https://2lnr.com/routes/hel-dus,no independent flight-route evidence
HEL,DXB,EK168,420,https://2lnr.com/routes/hel-dxb,no independent flight-route evidence
HEL,EDI,AY1371,170,https://2lnr.com/routes/hel-edi,no independent flight-route evidence
HEL,EDI,AY1373,170,https://2lnr.com/routes/hel-edi,flight-route mismatch
HEL,FCO,AY1761,205,https://2lnr.com/routes/hel-fco,no independent flight-route evidence
HEL,FCO,AY1763,205,https://2lnr.com/routes/hel-fco,flight-route mismatch
HEL,FRA,AY1415,160,https://2lnr.com/routes/hel-fra,no independent flight-route evidence
HEL,FRA,LH853,155,https://2lnr.com/routes/hel-fra,flight-route mismatch
HEL,FRA,N71411,160,https://2lnr.com/routes/hel-fra,no independent flight-route evidence
HEL,GVA,AY1531,185,https://2lnr.com/routes/hel-gva,flight-route mismatch
HEL,GVA,AY1531,185,https://2lnr.com/routes/hel-gva,flight-route mismatch
HEL,GVA,AY1533,185,https://2lnr.com/routes/hel-gva,no independent flight-route evidence
HEL,GVA,AY1533,185,https://2lnr.com/routes/hel-gva,no independent flight-route evidence
HEL,HAM,AY1425,120,https://2lnr.com/routes/hel-ham,no independent flight-route evidence
HEL,HAM,AY1425,120,https://2lnr.com/routes/hel-ham,no independent flight-route evidence
HEL,HAM,AY1425,120,https://2lnr.com/routes/hel-ham,no independent flight-route evidence
HEL,IST,TK1268,225,https://2lnr.com/routes/hel-ist,no independent flight-route evidence
HEL,IST,TK1762,225,https://2lnr.com/routes/hel-ist,flight-route mismatch
HEL,IST,TK1762,225,https://2lnr.com/routes/hel-ist,flight-route mismatch
HEL,IST,TK1762,225,https://2lnr.com/routes/hel-ist,flight-route mismatch
HEL,IST,TK1764,220,https://2lnr.com/routes/hel-ist,flight-route mismatch
HEL,IST,TK1764,220,https://2lnr.com/routes/hel-ist,flight-route mismatch
HEL,IST,TK1764,220,https://2lnr.com/routes/hel-ist,flight-route mismatch
HEL,KEF,AY991,225,https://2lnr.com/routes/hel-kef,no independent flight-route evidence
HEL,KEF,AY991,220,https://2lnr.com/routes/hel-kef,no independent flight-route evidence
HEL,KEF,AY991,225,https://2lnr.com/routes/hel-kef,no independent flight-route evidence
HEL,KEF,AY993,220,https://2lnr.com/routes/hel-kef,flight-route mismatch
HEL,KEF,AY993,220,https://2lnr.com/routes/hel-kef,flight-route mismatch
HEL,LHR,AY1333,190,https://2lnr.com/routes/hel-lhr,no independent flight-route evidence
HEL,LHR,AY1335,185,https://2lnr.com/routes/hel-lhr,no independent flight-route evidence
HEL,LHR,AY1335,185,https://2lnr.com/routes/hel-lhr,no independent flight-route evidence
HEL,LHR,AY1337,185,https://2lnr.com/routes/hel-lhr,no independent flight-route evidence
HEL,LHR,AY1339,190,https://2lnr.com/routes/hel-lhr,no independent flight-route evidence
HEL,LIS,AY1739,290,https://2lnr.com/routes/hel-lis,flight-route mismatch
HEL,LIS,AY7073,290,https://2lnr.com/routes/hel-lis,no independent flight-route evidence
HEL,MAN,AY1361,180,https://2lnr.com/routes/hel-man,no independent flight-route evidence
HEL,MAN,AY1361,180,https://2lnr.com/routes/hel-man,no independent flight-route evidence
HEL,MAN,AY1365,180,https://2lnr.com/routes/hel-man,no independent flight-route evidence
HEL,MUC,AY1405,155,https://2lnr.com/routes/hel-muc,no independent flight-route evidence
HEL,MUC,AY1405,155,https://2lnr.com/routes/hel-muc,no independent flight-route evidence
HEL,MUC,AY1405,155,https://2lnr.com/routes/hel-muc,no independent flight-route evidence
HEL,MUC,AY1405,155,https://2lnr.com/routes/hel-muc,no independent flight-route evidence
HEL,MUC,VL2461,155,https://2lnr.com/routes/hel-muc,no independent flight-route evidence
HEL,MXP,AY1751,185,https://2lnr.com/routes/hel-mxp,flight-route mismatch
HEL,MXP,AY1751,185,https://2lnr.com/routes/hel-mxp,flight-route mismatch
HEL,MXP,AY1755,180,https://2lnr.com/routes/hel-mxp,no independent flight-route evidence
HEL,MXP,AY1755,180,https://2lnr.com/routes/hel-mxp,no independent flight-route evidence
HEL,MXP,AY1755,180,https://2lnr.com/routes/hel-mxp,no independent flight-route evidence
HEL,NCE,AY1601,210,https://2lnr.com/routes/hel-nce,flight-route mismatch
HEL,NCE,AY1603,210,https://2lnr.com/routes/hel-nce,flight-route mismatch
HEL,NCE,AY1603,210,https://2lnr.com/routes/hel-nce,flight-route mismatch
HEL,NCE,AY1603,210,https://2lnr.com/routes/hel-nce,flight-route mismatch
HEL,OSL,AY911,85,https://2lnr.com/routes/hel-osl,flight-route mismatch
HEL,OSL,AY911,85,https://2lnr.com/routes/hel-osl,flight-route mismatch
HEL,OSL,AY913,85,https://2lnr.com/routes/hel-osl,flight-route mismatch
HEL,OSL,AY913,85,https://2lnr.com/routes/hel-osl,flight-route mismatch
HEL,OSL,AY913,85,https://2lnr.com/routes/hel-osl,flight-route mismatch
HEL,OSL,AY913,85,https://2lnr.com/routes/hel-osl,flight-route mismatch
HEL,OSL,AY917,85,https://2lnr.com/routes/hel-osl,flight-route mismatch
HEL,OSL,AY917,85,https://2lnr.com/routes/hel-osl,flight-route mismatch
HEL,PRG,AY1221,130,https://2lnr.com/routes/hel-prg,no independent flight-route evidence
HEL,PRG,AY1221,130,https://2lnr.com/routes/hel-prg,no independent flight-route evidence
HEL,PRG,AY1221,130,https://2lnr.com/routes/hel-prg,no independent flight-route evidence
HEL,PRG,AY1221,130,https://2lnr.com/routes/hel-prg,no independent flight-route evidence
HEL,PRG,AY1223,130,https://2lnr.com/routes/hel-prg,no independent flight-route evidence
HEL,PRG,AY1223,130,https://2lnr.com/routes/hel-prg,no independent flight-route evidence
HEL,PRG,AY1223,130,https://2lnr.com/routes/hel-prg,no independent flight-route evidence
HEL,PRG,AY1223,130,https://2lnr.com/routes/hel-prg,no independent flight-route evidence
HEL,PRG,AY1225,130,https://2lnr.com/routes/hel-prg,no independent flight-route evidence
HEL,PRG,AY1225,130,https://2lnr.com/routes/hel-prg,no independent flight-route evidence
HEL,PRG,AY1225,130,https://2lnr.com/routes/hel-prg,no independent flight-route evidence
HEL,PRG,AY1225,130,https://2lnr.com/routes/hel-prg,no independent flight-route evidence
HEL,VIE,AY1471,145,https://2lnr.com/routes/hel-vie,no independent flight-route evidence
HEL,VIE,AY1471,145,https://2lnr.com/routes/hel-vie,no independent flight-route evidence
HEL,WAW,AY1141,100,https://2lnr.com/routes/hel-waw,no independent flight-route evidence
HEL,WAW,AY1141,100,https://2lnr.com/routes/hel-waw,no independent flight-route evidence
HEL,WAW,AY1141,100,https://2lnr.com/routes/hel-waw,no independent flight-route evidence
HEL,WAW,AY1141,100,https://2lnr.com/routes/hel-waw,no independent flight-route evidence
HEL,WAW,AY1145,100,https://2lnr.com/routes/hel-waw,no independent flight-route evidence
HEL,WAW,AY1145,100,https://2lnr.com/routes/hel-waw,no independent flight-route evidence
HEL,WAW,AY1145,100,https://2lnr.com/routes/hel-waw,no independent flight-route evidence
HEL,WAW,N71143,100,https://2lnr.com/routes/hel-waw,no independent flight-route evidence
HEL,ZRH,AY1511,165,https://2lnr.com/routes/hel-zrh,flight-route mismatch
HEL,ZRH,AY1511,165,https://2lnr.com/routes/hel-zrh,flight-route mismatch
HEL,ZRH,AY1511,165,https://2lnr.com/routes/hel-zrh,flight-route mismatch
HEL,ZRH,AY1513,165,https://2lnr.com/routes/hel-zrh,no independent flight-route evidence
HEL,ZRH,AY1513,165,https://2lnr.com/routes/hel-zrh,no independent flight-route evidence
HEL,ZRH,AY1513,165,https://2lnr.com/routes/hel-zrh,no independent flight-route evidence
HEL,ZRH,AY1513,165,https://2lnr.com/routes/hel-zrh,no independent flight-route evidence
HEL,ZRH,N71511,165,https://2lnr.com/routes/hel-zrh,no independent flight-route evidence
HGH,KTM,H9226,390,https://2lnr.com/routes/hgh-ktm,no independent flight-route evidence
HGH,TFU,3U6932,160,https://2lnr.com/routes/hgh-tfu,flight-route mismatch
HGH,TFU,3U6934,160,https://2lnr.com/routes/hgh-tfu,flight-route mismatch
HGH,TFU,3U6934,160,https://2lnr.com/routes/hgh-tfu,flight-route mismatch
HGH,TFU,3U6938,155,https://2lnr.com/routes/hgh-tfu,flight-route mismatch
HGH,TFU,3U6940,180,https://2lnr.com/routes/hgh-tfu,flight-route mismatch
HGH,TFU,3U6940,180,https://2lnr.com/routes/hgh-tfu,flight-route mismatch
HGH,TFU,CA8339,195,https://2lnr.com/routes/hgh-tfu,flight-route mismatch
HGH,TFU,CA8339,185,https://2lnr.com/routes/hgh-tfu,flight-route mismatch
HGH,TFU,GJ8051,200,https://2lnr.com/routes/hgh-tfu,flight-route mismatch
HGH,TFU,GJ8163,185,https://2lnr.com/routes/hgh-tfu,flight-route mismatch
HGH,TFU,GJ8281,185,https://2lnr.com/routes/hgh-tfu,flight-route mismatch
HGH,TFU,GJ8387,185,https://2lnr.com/routes/hgh-tfu,flight-route mismatch
HGH,TFU,JD5259,170,https://2lnr.com/routes/hgh-tfu,flight-route mismatch
HGH,TFU,MF8491,170,https://2lnr.com/routes/hgh-tfu,flight-route mismatch
HGH,TFU,MF8491,185,https://2lnr.com/routes/hgh-tfu,flight-route mismatch
HGH,TFU,MF8493,185,https://2lnr.com/routes/hgh-tfu,flight-route mismatch
HGH,TFU,MF8495,175,https://2lnr.com/routes/hgh-tfu,flight-route mismatch
HGH,TFU,MU6116,165,https://2lnr.com/routes/hgh-tfu,flight-route mismatch
HGH,TFU,MU6182,175,https://2lnr.com/routes/hgh-tfu,flight-route mismatch
HGH,TFU,MU6184,155,https://2lnr.com/routes/hgh-tfu,flight-route mismatch
HGH,TFU,MU6184,165,https://2lnr.com/routes/hgh-tfu,flight-route mismatch
HGH,TFU,MU6184,175,https://2lnr.com/routes/hgh-tfu,flight-route mismatch
HGH,TFU,MU9974,180,https://2lnr.com/routes/hgh-tfu,flight-route mismatch
HGH,URC,GJ8667,460,https://2lnr.com/routes/hgh-urc,nonadjacent airports in flight sequence
HKG,BKK,UO734,190,https://2lnr.com/routes/hkg-bkk,no independent flight-route evidence
HKG,CSX,CX314,105,https://2lnr.com/routes/hkg-csx,no independent flight-route evidence
HKG,DAC,CX667,245,https://2lnr.com/routes/hkg-dac,flight-route mismatch
HKG,DPS,HX703,295,https://2lnr.com/routes/hkg-dps,no independent flight-route evidence
HKG,FUK,HB2396,200,https://2lnr.com/routes/hkg-fuk,no independent flight-route evidence
HKG,HAN,9G531,115,https://2lnr.com/routes/hkg-han,no independent flight-route evidence
HKG,ICN,YP5802,225,https://2lnr.com/routes/hkg-icn,no independent flight-route evidence
HKG,KMG,HB836,160,https://2lnr.com/routes/hkg-kmg,no independent flight-route evidence
HKG,KMG,HB836,150,https://2lnr.com/routes/hkg-kmg,no independent flight-route evidence
HKG,LAX,DL6,875,https://2lnr.com/routes/hkg-lax,flight-route mismatch
HKG,LAX,DL6,815,https://2lnr.com/routes/hkg-lax,flight-route mismatch
HKG,SUB,HB211,285,https://2lnr.com/routes/hkg-sub,no independent flight-route evidence
HKG,TFU,3U3960,150,https://2lnr.com/routes/hkg-tfu,flight-route mismatch
HKG,TFU,CA412,165,https://2lnr.com/routes/hkg-tfu,flight-route mismatch
HKG,TFU,CA428,165,https://2lnr.com/routes/hkg-tfu,flight-route mismatch
HKG,TFU,CX916,160,https://2lnr.com/routes/hkg-tfu,flight-route mismatch
HKG,TFU,CX986,155,https://2lnr.com/routes/hkg-tfu,flight-route mismatch
HKG,TFU,HX452,170,https://2lnr.com/routes/hkg-tfu,flight-route mismatch
HKG,TFU,TV9702,140,https://2lnr.com/routes/hkg-tfu,flight-route mismatch
HKG,TFU,ZH8034,155,https://2lnr.com/routes/hkg-tfu,flight-route mismatch
HKG,UBN,OM2972,280,https://2lnr.com/routes/hkg-ubn,flight-route mismatch
HKG,UBN,OM2972,280,https://2lnr.com/routes/hkg-ubn,flight-route mismatch
HKG,UBN,OM298,280,https://2lnr.com/routes/hkg-ubn,flight-route mismatch
HKG,UBN,OM298,280,https://2lnr.com/routes/hkg-ubn,flight-route mismatch
HKT,AUH,EY413,380,https://2lnr.com/routes/hkt-auh,flight-route mismatch
HKT,AUH,EY413,380,https://2lnr.com/routes/hkt-auh,flight-route mismatch
HKT,AUH,EY417,385,https://2lnr.com/routes/hkt-auh,flight-route mismatch
HKT,DOH,QR847,410,https://2lnr.com/routes/hkt-doh,flight-route mismatch
HKT,DOH,QR847,410,https://2lnr.com/routes/hkt-doh,flight-route mismatch
HKT,DPS,8B542,275,https://2lnr.com/routes/hkt-dps,no independent flight-route evidence
HKT,DPS,8B542,240,https://2lnr.com/routes/hkt-dps,no independent flight-route evidence
HKT,DXB,EK391,365,https://2lnr.com/routes/hkt-dxb,no independent flight-route evidence
HKT,ICN,KE678,370,https://2lnr.com/routes/hkt-icn,flight-route mismatch
HKT,KMG,MU7602,190,https://2lnr.com/routes/hkt-kmg,flight-route mismatch
HKT,PER,JQ70,390,https://2lnr.com/routes/hkt-per,no independent flight-route evidence
HKT,PER,JQ70,380,https://2lnr.com/routes/hkt-per,no independent flight-route evidence
HKT,SGN,VN620,120,https://2lnr.com/routes/hkt-sgn,no independent flight-route evidence
HKT,TAS,HY536,405,https://2lnr.com/routes/hkt-tas,no independent flight-route evidence
HKT,TAS,HY536,405,https://2lnr.com/routes/hkt-tas,no independent flight-route evidence
HKT,TFU,3U3932,225,https://2lnr.com/routes/hkt-tfu,flight-route mismatch
HKT,TFU,3U3932,225,https://2lnr.com/routes/hkt-tfu,flight-route mismatch
HKT,TFU,CA414,250,https://2lnr.com/routes/hkt-tfu,flight-route mismatch
HKT,TLV,IZ598,640,https://2lnr.com/routes/hkt-tlv,no independent flight-route evidence
HKT,TLV,LY88,640,https://2lnr.com/routes/hkt-tlv,nonadjacent airports in flight sequence
HND,DFW,AA9602,705,https://2lnr.com/routes/hnd-dfw,no independent flight-route evidence
HND,DLC,JL23,200,https://2lnr.com/routes/hnd-dlc,flight-route mismatch
HND,HNL,NQ186,460,https://2lnr.com/routes/hnd-hnl,no independent flight-route evidence
HNL,ANC,AS49,371,https://2lnr.com/routes/hnl-anc,flight-route mismatch
HNL,ANC,AS49,371,https://2lnr.com/routes/hnl-anc,flight-route mismatch
HNL,ATL,DL398,519,https://2lnr.com/routes/hnl-atl,flight-route mismatch
HNL,DTW,DL386,518,https://2lnr.com/routes/hnl-dtw,flight-route mismatch
HNL,IAD,UA344,559,https://2lnr.com/routes/hnl-iad,flight-route mismatch
HNL,LAX,AS557,336,https://2lnr.com/routes/hnl-lax,flight-route mismatch
HNL,LAX,AS557,336,https://2lnr.com/routes/hnl-lax,flight-route mismatch
HNL,LAX,AS557,336,https://2lnr.com/routes/hnl-lax,flight-route mismatch
HNL,MSP,DL373,470,https://2lnr.com/routes/hnl-msp,flight-route mismatch
HNL,NAN,FJ821,410,https://2lnr.com/routes/hnl-nan,nonadjacent airports in flight sequence
HNL,PDX,AS860,335,https://2lnr.com/routes/hnl-pdx,flight-route mismatch
HNL,PDX,AS879,335,https://2lnr.com/routes/hnl-pdx,flight-route mismatch
HNL,SEA,AS267,352,https://2lnr.com/routes/hnl-sea,flight-route mismatch
HNL,SEA,AS267,352,https://2lnr.com/routes/hnl-sea,flight-route mismatch
HNL,SEA,AS267,352,https://2lnr.com/routes/hnl-sea,flight-route mismatch
HNL,SEA,AS627,356,https://2lnr.com/routes/hnl-sea,flight-route mismatch
HNL,SEA,AS627,356,https://2lnr.com/routes/hnl-sea,flight-route mismatch
HNL,SEA,AS854,344,https://2lnr.com/routes/hnl-sea,flight-route mismatch
HNL,SFO,AS834,310,https://2lnr.com/routes/hnl-sfo,flight-route mismatch
HNL,SFO,UA650,304,https://2lnr.com/routes/hnl-sfo,flight-route mismatch
HNL,SLC,AS1473,367,https://2lnr.com/routes/hnl-slc,flight-route mismatch
HNL,SLC,AS715,367,https://2lnr.com/routes/hnl-slc,flight-route mismatch
HNL,SLC,AS715,367,https://2lnr.com/routes/hnl-slc,flight-route mismatch
HNL,YVR,AC1784,350,https://2lnr.com/routes/hnl-yvr,flight-route mismatch
HNL,YVR,AC1784,355,https://2lnr.com/routes/hnl-yvr,flight-route mismatch
HRE,ADD,ET863,250,https://2lnr.com/routes/hre-add,flight-route mismatch
HRE,ADD,ET863,250,https://2lnr.com/routes/hre-add,flight-route mismatch
HRE,ADD,ET872,250,https://2lnr.com/routes/hre-add,flight-route mismatch
HRE,ADD,ET872,250,https://2lnr.com/routes/hre-add,flight-route mismatch
HRE,ADD,ET872,250,https://2lnr.com/routes/hre-add,flight-route mismatch
HRE,ADD,ET892,275,https://2lnr.com/routes/hre-add,flight-route mismatch
HRE,ADD,ET892,275,https://2lnr.com/routes/hre-add,flight-route mismatch
HRE,ADD,ET892,275,https://2lnr.com/routes/hre-add,flight-route mismatch
HRE,CPT,4Z383,195,https://2lnr.com/routes/hre-cpt,flight-route mismatch
HRE,DAR,UM438,210,https://2lnr.com/routes/hre-dar,flight-route mismatch
HRE,DAR,UM438,140,https://2lnr.com/routes/hre-dar,flight-route mismatch
HRE,DOH,QR1456,590,https://2lnr.com/routes/hre-doh,independently confirmed stopover
HRE,DUR,4Z411,130,https://2lnr.com/routes/hre-dur,no independent flight-route evidence
HRE,EBB,UR720,180,https://2lnr.com/routes/hre-ebb,flight-route mismatch
HRE,JNB,4Z101,105,https://2lnr.com/routes/hre-jnb,flight-route mismatch
HRE,JNB,4Z101,105,https://2lnr.com/routes/hre-jnb,flight-route mismatch
HRE,JNB,4Z103,105,https://2lnr.com/routes/hre-jnb,flight-route mismatch
HRE,JNB,4Z103,105,https://2lnr.com/routes/hre-jnb,flight-route mismatch
HRE,JNB,4Z105,105,https://2lnr.com/routes/hre-jnb,flight-route mismatch
HRE,JNB,4Z107,105,https://2lnr.com/routes/hre-jnb,flight-route mismatch
HRE,JNB,4Z109,105,https://2lnr.com/routes/hre-jnb,flight-route mismatch
HRE,JNB,4Z99,105,https://2lnr.com/routes/hre-jnb,flight-route mismatch
HRE,JNB,FA811,110,https://2lnr.com/routes/hre-jnb,flight-route mismatch
HRE,JNB,FA829,110,https://2lnr.com/routes/hre-jnb,no independent flight-route evidence
HRE,JNB,FN8221,110,https://2lnr.com/routes/hre-jnb,no independent flight-route evidence
HRE,JNB,FN8331,115,https://2lnr.com/routes/hre-jnb,no independent flight-route evidence
HRE,JNB,FN8331,105,https://2lnr.com/routes/hre-jnb,no independent flight-route evidence
HRE,JNB,FN8335,105,https://2lnr.com/routes/hre-jnb,no independent flight-route evidence
HRE,JNB,FN8337,110,https://2lnr.com/routes/hre-jnb,no independent flight-route evidence
HRE,JNB,SA23,105,https://2lnr.com/routes/hre-jnb,flight-route mismatch
HRE,JNB,SA25,105,https://2lnr.com/routes/hre-jnb,flight-route mismatch
HRE,JNB,UM461,105,https://2lnr.com/routes/hre-jnb,no independent flight-route evidence
HRE,JNB,UM467,105,https://2lnr.com/routes/hre-jnb,flight-route mismatch
HRE,KGL,WB112,160,https://2lnr.com/routes/hre-kgl,flight-route mismatch
HRE,KGL,WB112,160,https://2lnr.com/routes/hre-kgl,flight-route mismatch
HRE,LGW,UM724,630,https://2lnr.com/routes/hre-lgw,flight-route mismatch
HRE,LUN,BP320,60,https://2lnr.com/routes/hre-lun,no independent flight-route evidence
HRE,LUN,BP322,60,https://2lnr.com/routes/hre-lun,no independent flight-route evidence
HRE,LUN,BP323,60,https://2lnr.com/routes/hre-lun,no independent flight-route evidence
HRE,LUN,EK714,70,https://2lnr.com/routes/hre-lun,flight-route mismatch
HRE,LUN,ET873,60,https://2lnr.com/routes/hre-lun,flight-route mismatch
HRE,LUN,ET873,60,https://2lnr.com/routes/hre-lun,flight-route mismatch
HRE,LUN,KQ704,65,https://2lnr.com/routes/hre-lun,flight-route mismatch
HRE,LUN,QR1452,70,https://2lnr.com/routes/hre-lun,no independent flight-route evidence
HRE,LUN,QR1456,70,https://2lnr.com/routes/hre-lun,flight-route mismatch
HRE,LUN,TC212,65,https://2lnr.com/routes/hre-lun,flight-route mismatch
HRE,LUN,UR722,60,https://2lnr.com/routes/hre-lun,flight-route mismatch
HRE,LUN,UR722,60,https://2lnr.com/routes/hre-lun,flight-route mismatch
HRE,LUN,ZN302,70,https://2lnr.com/routes/hre-lun,no independent flight-route evidence
HRE,NBO,KQ706,170,https://2lnr.com/routes/hre-nbo,flight-route mismatch
HRE,NBO,KQ706,170,https://2lnr.com/routes/hre-nbo,flight-route mismatch
HRE,NBO,KQ709,180,https://2lnr.com/routes/hre-nbo,flight-route mismatch
HYD,AMD,6E6099,110,https://2lnr.com/routes/hyd-amd,flight-route mismatch
HYD,BLR,6E311,80,https://2lnr.com/routes/hyd-blr,flight-route mismatch
HYD,BLR,6E6405,80,https://2lnr.com/routes/hyd-blr,flight-route mismatch
HYD,BLR,6E6783,80,https://2lnr.com/routes/hyd-blr,flight-route mismatch
HYD,DAC,6E1117,150,https://2lnr.com/routes/hyd-dac,flight-route mismatch
HYD,DEL,6E6372,150,https://2lnr.com/routes/hyd-del,flight-route mismatch
HYD,DEL,6E6431,155,https://2lnr.com/routes/hyd-del,flight-route mismatch
HYD,DEL,6E707,140,https://2lnr.com/routes/hyd-del,flight-route mismatch
HYD,DEL,6E709,145,https://2lnr.com/routes/hyd-del,no independent flight-route evidence
HYD,DEL,6E710,145,https://2lnr.com/routes/hyd-del,no independent flight-route evidence
HYD,DEL,6E711,135,https://2lnr.com/routes/hyd-del,flight-route mismatch
HYD,DEL,6E889,145,https://2lnr.com/routes/hyd-del,flight-route mismatch
HYD,DEL,6E889,145,https://2lnr.com/routes/hyd-del,flight-route mismatch
HYD,DEL,6E890,145,https://2lnr.com/routes/hyd-del,flight-route mismatch
HYD,DXB,IX953,225,https://2lnr.com/routes/hyd-dxb,flight-route mismatch
HYD,JED,6E67,345,https://2lnr.com/routes/hyd-jed,flight-route mismatch
HYD,KWI,6E1233,305,https://2lnr.com/routes/hyd-kwi,flight-route mismatch
HYD,KWI,6E1235,315,https://2lnr.com/routes/hyd-kwi,flight-route mismatch
HYD,KWI,KU374,305,https://2lnr.com/routes/hyd-kwi,flight-route mismatch
HYD,MAA,IX1831,95,https://2lnr.com/routes/hyd-maa,flight-route mismatch
HYD,RUH,XY366,290,https://2lnr.com/routes/hyd-ruh,no independent flight-route evidence
IAD,ANC,UA2073,465,https://2lnr.com/routes/iad-anc,flight-route mismatch
IAD,ATL,DL1354,120,https://2lnr.com/routes/iad-atl,flight-route mismatch
IAD,ATL,DL2327,107,https://2lnr.com/routes/iad-atl,flight-route mismatch
IAD,AUH,EY6,790,https://2lnr.com/routes/iad-auh,flight-route mismatch
IAD,AUH,EY6,785,https://2lnr.com/routes/iad-auh,flight-route mismatch
IAD,BOS,UA1866,104,https://2lnr.com/routes/iad-bos,flight-route mismatch
IAD,BOS,UA3503,110,https://2lnr.com/routes/iad-bos,flight-route mismatch
IAD,CLT,AA1591,83,https://2lnr.com/routes/iad-clt,flight-route mismatch
IAD,CLT,AA1593,95,https://2lnr.com/routes/iad-clt,flight-route mismatch
IAD,CLT,AA2020,85,https://2lnr.com/routes/iad-clt,flight-route mismatch
IAD,CLT,AA5018,95,https://2lnr.com/routes/iad-clt,flight-route mismatch
IAD,CLT,AA5101,95,https://2lnr.com/routes/iad-clt,no independent flight-route evidence
IAD,CLT,AA5151,90,https://2lnr.com/routes/iad-clt,no independent flight-route evidence
IAD,CLT,AA5154,90,https://2lnr.com/routes/iad-clt,no independent flight-route evidence
IAD,CLT,AA5154,88,https://2lnr.com/routes/iad-clt,no independent flight-route evidence
IAD,CLT,AA5154,109,https://2lnr.com/routes/iad-clt,no independent flight-route evidence
IAD,CLT,AA5447,91,https://2lnr.com/routes/iad-clt,no independent flight-route evidence
IAD,CLT,AA5447,100,https://2lnr.com/routes/iad-clt,no independent flight-route evidence
IAD,CLT,UA2074,91,https://2lnr.com/routes/iad-clt,flight-route mismatch
IAD,CLT,UA4021,89,https://2lnr.com/routes/iad-clt,flight-route mismatch
IAD,CLT,UA4504,91,https://2lnr.com/routes/iad-clt,flight-route mismatch
IAD,CLT,UA6209,95,https://2lnr.com/routes/iad-clt,flight-route mismatch
IAD,CLT,UA6234,95,https://2lnr.com/routes/iad-clt,flight-route mismatch
IAD,CLT,UA6234,94,https://2lnr.com/routes/iad-clt,flight-route mismatch
IAD,CLT,UA6239,93,https://2lnr.com/routes/iad-clt,flight-route mismatch
IAD,CLT,UA6239,92,https://2lnr.com/routes/iad-clt,flight-route mismatch
IAD,DEN,UA1561,234,https://2lnr.com/routes/iad-den,flight-route mismatch
IAD,DEN,UA395,237,https://2lnr.com/routes/iad-den,flight-route mismatch
IAD,DEN,UA395,237,https://2lnr.com/routes/iad-den,flight-route mismatch
IAD,DEN,UA797,234,https://2lnr.com/routes/iad-den,flight-route mismatch
IAD,DEN,UA797,232,https://2lnr.com/routes/iad-den,flight-route mismatch
IAD,DTW,DL1605,95,https://2lnr.com/routes/iad-dtw,flight-route mismatch
IAD,DTW,DL2194,95,https://2lnr.com/routes/iad-dtw,flight-route mismatch
IAD,DTW,DL3826,98,https://2lnr.com/routes/iad-dtw,no independent flight-route evidence
IAD,DTW,UA2846,94,https://2lnr.com/routes/iad-dtw,flight-route mismatch
IAD,DTW,UA3552,96,https://2lnr.com/routes/iad-dtw,flight-route mismatch
IAD,DTW,UA4586,93,https://2lnr.com/routes/iad-dtw,flight-route mismatch
IAD,DTW,UA6137,95,https://2lnr.com/routes/iad-dtw,flight-route mismatch
IAD,DTW,UA6246,100,https://2lnr.com/routes/iad-dtw,flight-route mismatch
IAD,DUB,EI116,420,https://2lnr.com/routes/iad-dub,no independent flight-route evidence
IAD,GUA,AV655,250,https://2lnr.com/routes/iad-gua,no independent flight-route evidence
IAD,HNL,UA345,590,https://2lnr.com/routes/iad-hnl,flight-route mismatch
IAD,IST,TK188,585,https://2lnr.com/routes/iad-ist,no independent flight-route evidence
IAD,JFK,DL5076,88,https://2lnr.com/routes/iad-jfk,no independent flight-route evidence
IAD,JFK,DL5189,84,https://2lnr.com/routes/iad-jfk,no independent flight-route evidence
IAD,JFK,DL5779,103,https://2lnr.com/routes/iad-jfk,no independent flight-route evidence
IAD,JFK,DL5809,85,https://2lnr.com/routes/iad-jfk,no independent flight-route evidence
IAD,JFK,DL5822,86,https://2lnr.com/routes/iad-jfk,no independent flight-route evidence
IAD,JFK,DL5860,88,https://2lnr.com/routes/iad-jfk,no independent flight-route evidence
IAD,LAX,AA2833,346,https://2lnr.com/routes/iad-lax,flight-route mismatch
IAD,LAX,UA657,334,https://2lnr.com/routes/iad-lax,flight-route mismatch
IAD,LAX,UA684,332,https://2lnr.com/routes/iad-lax,flight-route mismatch
IAD,LIS,TP234,440,https://2lnr.com/routes/iad-lis,flight-route mismatch
IAD,LIS,TP234,445,https://2lnr.com/routes/iad-lis,flight-route mismatch
IAD,MSP,DL3699,175,https://2lnr.com/routes/iad-msp,no independent flight-route evidence
IAD,MSP,DL3699,170,https://2lnr.com/routes/iad-msp,no independent flight-route evidence
IAD,MSP,DL3699,183,https://2lnr.com/routes/iad-msp,no independent flight-route evidence
IAD,MSP,DL3783,175,https://2lnr.com/routes/iad-msp,no independent flight-route evidence
IAD,MSP,DL3783,173,https://2lnr.com/routes/iad-msp,no independent flight-route evidence
IAD,MSP,DL3996,177,https://2lnr.com/routes/iad-msp,no independent flight-route evidence
IAD,ORD,UA2141,138,https://2lnr.com/routes/iad-ord,flight-route mismatch
IAD,ORD,UA2691,135,https://2lnr.com/routes/iad-ord,flight-route mismatch
IAD,PHL,UA1701,63,https://2lnr.com/routes/iad-phl,flight-route mismatch
IAD,PHL,UA4015,73,https://2lnr.com/routes/iad-phl,flight-route mismatch
IAD,PHL,UA4015,70,https://2lnr.com/routes/iad-phl,flight-route mismatch
IAD,PHL,UA4449,74,https://2lnr.com/routes/iad-phl,flight-route mismatch
IAD,PHL,UA4454,77,https://2lnr.com/routes/iad-phl,flight-route mismatch
IAD,PHL,UA4459,75,https://2lnr.com/routes/iad-phl,flight-route mismatch
IAD,PHL,UA4460,72,https://2lnr.com/routes/iad-phl,flight-route mismatch
IAD,PHX,UA709,291,https://2lnr.com/routes/iad-phx,flight-route mismatch
IAD,PHX,UA709,290,https://2lnr.com/routes/iad-phx,flight-route mismatch
IAD,SAL,AV581,260,https://2lnr.com/routes/iad-sal,no independent flight-route evidence
IAD,SAL,AV583,265,https://2lnr.com/routes/iad-sal,no independent flight-route evidence
IAD,SAL,AV585,260,https://2lnr.com/routes/iad-sal,no independent flight-route evidence
IAD,SAL,AV585,260,https://2lnr.com/routes/iad-sal,no independent flight-route evidence
IAD,SAL,AV591,260,https://2lnr.com/routes/iad-sal,no independent flight-route evidence
IAD,SAL,AV591,260,https://2lnr.com/routes/iad-sal,no independent flight-route evidence
IAD,SFO,UA2832,349,https://2lnr.com/routes/iad-sfo,flight-route mismatch
IAD,SFO,UA2862,348,https://2lnr.com/routes/iad-sfo,flight-route mismatch
IAD,SFO,UA796,353,https://2lnr.com/routes/iad-sfo,flight-route mismatch
IAD,SFO,UA796,353,https://2lnr.com/routes/iad-sfo,flight-route mismatch
IAD,YOW,UA3566,104,https://2lnr.com/routes/iad-yow,flight-route mismatch
IAD,YOW,UA3629,101,https://2lnr.com/routes/iad-yow,no independent flight-route evidence
IAD,YOW,UA4418,100,https://2lnr.com/routes/iad-yow,flight-route mismatch
IAD,YOW,UA4424,102,https://2lnr.com/routes/iad-yow,flight-route mismatch
IAD,YUL,AC8724,98,https://2lnr.com/routes/iad-yul,flight-route mismatch
IAD,YUL,AC8726,98,https://2lnr.com/routes/iad-yul,flight-route mismatch
IAD,YUL,AC8726,100,https://2lnr.com/routes/iad-yul,flight-route mismatch
IAD,YUL,UA3539,117,https://2lnr.com/routes/iad-yul,flight-route mismatch
IAD,YUL,UA3602,125,https://2lnr.com/routes/iad-yul,flight-route mismatch
IAD,YVR,UA1914,338,https://2lnr.com/routes/iad-yvr,flight-route mismatch
IAD,YYC,UA1225,291,https://2lnr.com/routes/iad-yyc,flight-route mismatch
IAD,YYC,UA1832,291,https://2lnr.com/routes/iad-yyc,flight-route mismatch
IAD,YYC,UA677,291,https://2lnr.com/routes/iad-yyc,flight-route mismatch
IAD,YYZ,AC8617,85,https://2lnr.com/routes/iad-yyz,no independent flight-route evidence
IAD,YYZ,AC8619,85,https://2lnr.com/routes/iad-yyz,flight-route mismatch
IAD,YYZ,UA3431,105,https://2lnr.com/routes/iad-yyz,flight-route mismatch
IAD,YYZ,UA3431,96,https://2lnr.com/routes/iad-yyz,flight-route mismatch
IAD,YYZ,UA3453,105,https://2lnr.com/routes/iad-yyz,flight-route mismatch
IAD,YYZ,UA3490,96,https://2lnr.com/routes/iad-yyz,flight-route mismatch
IAD,YYZ,UA3515,95,https://2lnr.com/routes/iad-yyz,flight-route mismatch
IAH,ANC,UA2369,447,https://2lnr.com/routes/iah-anc,flight-route mismatch
IAH,ATL,UA1211,132,https://2lnr.com/routes/iah-atl,flight-route mismatch
IAH,ATL,UA2240,132,https://2lnr.com/routes/iah-atl,flight-route mismatch
IAH,ATL,UA4036,132,https://2lnr.com/routes/iah-atl,flight-route mismatch
IAH,ATL,UA6141,135,https://2lnr.com/routes/iah-atl,flight-route mismatch
IAH,ATL,UA6153,133,https://2lnr.com/routes/iah-atl,flight-route mismatch
IAH,ATL,UA6157,135,https://2lnr.com/routes/iah-atl,flight-route mismatch
IAH,BOS,UA1207,243,https://2lnr.com/routes/iah-bos,flight-route mismatch
IAH,BOS,UA2296,244,https://2lnr.com/routes/iah-bos,flight-route mismatch
IAH,CCS,UA1046,300,https://2lnr.com/routes/iah-ccs,flight-route mismatch
IAH,CLT,AA1590,157,https://2lnr.com/routes/iah-clt,flight-route mismatch
IAH,CLT,AA1813,164,https://2lnr.com/routes/iah-clt,flight-route mismatch
IAH,CLT,AA1813,156,https://2lnr.com/routes/iah-clt,flight-route mismatch
IAH,CLT,AA1813,158,https://2lnr.com/routes/iah-clt,flight-route mismatch
IAH,CLT,AA2088,157,https://2lnr.com/routes/iah-clt,flight-route mismatch
IAH,CLT,AA2364,158,https://2lnr.com/routes/iah-clt,flight-route mismatch
IAH,CLT,AA319,157,https://2lnr.com/routes/iah-clt,flight-route mismatch
IAH,CLT,UA3988,151,https://2lnr.com/routes/iah-clt,flight-route mismatch
IAH,CLT,UA6118,163,https://2lnr.com/routes/iah-clt,flight-route mismatch
IAH,CLT,UA6121,149,https://2lnr.com/routes/iah-clt,flight-route mismatch
IAH,CLT,UA6138,166,https://2lnr.com/routes/iah-clt,flight-route mismatch
IAH,CLT,UA765,159,https://2lnr.com/routes/iah-clt,flight-route mismatch
IAH,DEN,UA1686,157,https://2lnr.com/routes/iah-den,flight-route mismatch
IAH,DEN,UA2415,152,https://2lnr.com/routes/iah-den,flight-route mismatch
IAH,DFW,AA3477,85,https://2lnr.com/routes/iah-dfw,flight-route mismatch
IAH,DFW,AA3598,85,https://2lnr.com/routes/iah-dfw,flight-route mismatch
IAH,DFW,AA3598,81,https://2lnr.com/routes/iah-dfw,flight-route mismatch
IAH,DFW,AA3908,90,https://2lnr.com/routes/iah-dfw,no independent flight-route evidence
IAH,DFW,AA5173,90,https://2lnr.com/routes/iah-dfw,no independent flight-route evidence
IAH,DFW,AA5299,86,https://2lnr.com/routes/iah-dfw,no independent flight-route evidence
IAH,DFW,AA5576,88,https://2lnr.com/routes/iah-dfw,no independent flight-route evidence
IAH,DFW,UA1599,85,https://2lnr.com/routes/iah-dfw,flight-route mismatch
IAH,DFW,UA4024,91,https://2lnr.com/routes/iah-dfw,flight-route mismatch
IAH,DFW,UA6120,84,https://2lnr.com/routes/iah-dfw,flight-route mismatch
IAH,DTW,DL1891,163,https://2lnr.com/routes/iah-dtw,flight-route mismatch
IAH,DTW,DL1914,164,https://2lnr.com/routes/iah-dtw,flight-route mismatch
IAH,DTW,UA4064,177,https://2lnr.com/routes/iah-dtw,flight-route mismatch
IAH,DTW,UA4064,174,https://2lnr.com/routes/iah-dtw,flight-route mismatch
IAH,DTW,UA464,171,https://2lnr.com/routes/iah-dtw,flight-route mismatch
IAH,DTW,UA6123,174,https://2lnr.com/routes/iah-dtw,flight-route mismatch
IAH,IST,TK134,715,https://2lnr.com/routes/iah-ist,no independent flight-route evidence
IAH,LAS,UA2190,196,https://2lnr.com/routes/iah-las,flight-route mismatch
IAH,LAX,AA4923,232,https://2lnr.com/routes/iah-lax,no independent flight-route evidence
IAH,LAX,AA4998,226,https://2lnr.com/routes/iah-lax,no independent flight-route evidence
IAH,LAX,AA4998,239,https://2lnr.com/routes/iah-lax,no independent flight-route evidence
IAH,LIM,UA854,395,https://2lnr.com/routes/iah-lim,flight-route mismatch
IAH,MCO,F92418,154,https://2lnr.com/routes/iah-mco,flight-route mismatch
IAH,MCO,F92418,154,https://2lnr.com/routes/iah-mco,flight-route mismatch
IAH,MCO,UA521,148,https://2lnr.com/routes/iah-mco,flight-route mismatch
IAH,MIA,AA3100,152,https://2lnr.com/routes/iah-mia,flight-route mismatch
IAH,MIA,AA3100,156,https://2lnr.com/routes/iah-mia,flight-route mismatch
IAH,MIA,AA3358,159,https://2lnr.com/routes/iah-mia,flight-route mismatch
IAH,MIA,UA2753,164,https://2lnr.com/routes/iah-mia,flight-route mismatch
IAH,MIA,UA2753,164,https://2lnr.com/routes/iah-mia,flight-route mismatch
IAH,MSP,DL1832,174,https://2lnr.com/routes/iah-msp,flight-route mismatch
IAH,MSP,DL2656,168,https://2lnr.com/routes/iah-msp,flight-route mismatch
IAH,MSP,DL2656,170,https://2lnr.com/routes/iah-msp,flight-route mismatch
IAH,MSP,UA4039,175,https://2lnr.com/routes/iah-msp,flight-route mismatch
IAH,MSP,UA4779,175,https://2lnr.com/routes/iah-msp,flight-route mismatch
IAH,ORD,AA2416,168,https://2lnr.com/routes/iah-ord,flight-route mismatch
IAH,ORD,AA2928,169,https://2lnr.com/routes/iah-ord,flight-route mismatch
IAH,ORD,AA3039,178,https://2lnr.com/routes/iah-ord,flight-route mismatch
IAH,ORD,UA2144,176,https://2lnr.com/routes/iah-ord,flight-route mismatch
IAH,ORD,UA2775,176,https://2lnr.com/routes/iah-ord,flight-route mismatch
IAH,ORD,UA2775,175,https://2lnr.com/routes/iah-ord,flight-route mismatch
IAH,ORD,UA2786,179,https://2lnr.com/routes/iah-ord,flight-route mismatch
IAH,PHL,AA1526,206,https://2lnr.com/routes/iah-phl,flight-route mismatch
IAH,PHL,AA2196,204,https://2lnr.com/routes/iah-phl,flight-route mismatch
IAH,PHL,AA2196,204,https://2lnr.com/routes/iah-phl,flight-route mismatch
IAH,PHL,AA2196,204,https://2lnr.com/routes/iah-phl,flight-route mismatch
IAH,PHL,AA4778,213,https://2lnr.com/routes/iah-phl,no independent flight-route evidence
IAH,PHX,AA3354,185,https://2lnr.com/routes/iah-phx,flight-route mismatch
IAH,PHX,AA4153,176,https://2lnr.com/routes/iah-phx,flight-route mismatch
IAH,PHX,AA4940,188,https://2lnr.com/routes/iah-phx,no independent flight-route evidence
IAH,PHX,AA6185,191,https://2lnr.com/routes/iah-phx,no independent flight-route evidence
IAH,PHX,UA1259,176,https://2lnr.com/routes/iah-phx,flight-route mismatch
IAH,PHX,UA1478,176,https://2lnr.com/routes/iah-phx,flight-route mismatch
IAH,PHX,UA2614,175,https://2lnr.com/routes/iah-phx,flight-route mismatch
IAH,SAL,AV367,175,https://2lnr.com/routes/iah-sal,no independent flight-route evidence
IAH,SAL,AV367,175,https://2lnr.com/routes/iah-sal,no independent flight-route evidence
IAH,SAL,AV425,175,https://2lnr.com/routes/iah-sal,no independent flight-route evidence
IAH,SAL,AV425,175,https://2lnr.com/routes/iah-sal,no independent flight-route evidence
IAH,SAN,UA2798,202,https://2lnr.com/routes/iah-san,flight-route mismatch
IAH,SFO,UA1134,249,https://2lnr.com/routes/iah-sfo,flight-route mismatch
IAH,SFO,UA2607,249,https://2lnr.com/routes/iah-sfo,flight-route mismatch
IAH,SLC,UA4050,203,https://2lnr.com/routes/iah-slc,no independent flight-route evidence
IAH,SLC,UA5301,204,https://2lnr.com/routes/iah-slc,flight-route mismatch
IAH,YUL,AC1780,230,https://2lnr.com/routes/iah-yul,no independent flight-route evidence
IAH,YYZ,AC1736,195,https://2lnr.com/routes/iah-yyz,no independent flight-route evidence
ICN,CSX,CZ5046,200,https://2lnr.com/routes/icn-csx,no independent flight-route evidence
ICN,DLC,KE875,85,https://2lnr.com/routes/icn-dlc,flight-route mismatch
ICN,DLC,KE875,85,https://2lnr.com/routes/icn-dlc,flight-route mismatch
ICN,HKG,YP5801,225,https://2lnr.com/routes/icn-hkg,no independent flight-route evidence
ICN,HKT,KE677,380,https://2lnr.com/routes/icn-hkt,flight-route mismatch
ICN,KIX,WE513,115,https://2lnr.com/routes/icn-kix,no independent flight-route evidence
ICN,LIS,KE8921,930,https://2lnr.com/routes/icn-lis,no independent flight-route evidence
ICN,NRT,7C9869,150,https://2lnr.com/routes/icn-nrt,no independent flight-route evidence
ICN,SFO,YP113,660,https://2lnr.com/routes/icn-sfo,no independent flight-route evidence
ICN,TFU,3U3974,230,https://2lnr.com/routes/icn-tfu,flight-route mismatch
ICN,TFU,CA402,240,https://2lnr.com/routes/icn-tfu,flight-route mismatch
ICN,TFU,CA402,240,https://2lnr.com/routes/icn-tfu,flight-route mismatch
ICN,TFU,CA442,230,https://2lnr.com/routes/icn-tfu,flight-route mismatch
ICN,TFU,OZ323,240,https://2lnr.com/routes/icn-tfu,flight-route mismatch
ICN,TFU,OZ323,240,https://2lnr.com/routes/icn-tfu,flight-route mismatch
ICN,UBN,7C5203,220,https://2lnr.com/routes/icn-ubn,flight-route mismatch
ICN,UBN,KE2041,215,https://2lnr.com/routes/icn-ubn,flight-route mismatch
ICN,UBN,M0602,175,https://2lnr.com/routes/icn-ubn,flight-route mismatch
ICN,UBN,M0602,180,https://2lnr.com/routes/icn-ubn,flight-route mismatch
ICN,UBN,OM302,220,https://2lnr.com/routes/icn-ubn,flight-route mismatch
ICN,UBN,OM302,220,https://2lnr.com/routes/icn-ubn,flight-route mismatch
ICN,UBN,OM308,220,https://2lnr.com/routes/icn-ubn,flight-route mismatch
ICN,UBN,OM308,220,https://2lnr.com/routes/icn-ubn,flight-route mismatch
ICN,UBN,OM308,220,https://2lnr.com/routes/icn-ubn,flight-route mismatch
ICN,UBN,OZ567,225,https://2lnr.com/routes/icn-ubn,flight-route mismatch
IKA,IST,TK871,215,https://2lnr.com/routes/ika-ist,flight-route mismatch
IKA,IST,TK875,210,https://2lnr.com/routes/ika-ist,flight-route mismatch
IKA,IST,TK879,215,https://2lnr.com/routes/ika-ist,flight-route mismatch
IKA,KWI,KU516,110,https://2lnr.com/routes/ika-kwi,flight-route mismatch
IKA,URC,CZ6026,270,https://2lnr.com/routes/ika-urc,no independent flight-route evidence
ISB,AUH,EY301,200,https://2lnr.com/routes/isb-auh,flight-route mismatch
ISB,AUH,EY301,200,https://2lnr.com/routes/isb-auh,flight-route mismatch
ISB,AUH,EY303,200,https://2lnr.com/routes/isb-auh,flight-route mismatch
ISB,DOH,QR615,225,https://2lnr.com/routes/isb-doh,flight-route mismatch
ISB,DOH,QR615,225,https://2lnr.com/routes/isb-doh,flight-route mismatch
ISB,DOH,QR615,225,https://2lnr.com/routes/isb-doh,flight-route mismatch
ISB,DOH,QR615,225,https://2lnr.com/routes/isb-doh,flight-route mismatch
ISB,DXB,EK615,200,https://2lnr.com/routes/isb-dxb,flight-route mismatch
ISB,IST,TK711,360,https://2lnr.com/routes/isb-ist,flight-route mismatch
ISB,IST,TK751,375,https://2lnr.com/routes/isb-ist,no independent flight-route evidence
ISB,JED,PK841,335,https://2lnr.com/routes/isb-jed,no independent flight-route evidence
ISB,JED,PK841,315,https://2lnr.com/routes/isb-jed,no independent flight-route evidence
ISB,JED,PK841,360,https://2lnr.com/routes/isb-jed,no independent flight-route evidence
ISB,JED,PK941,360,https://2lnr.com/routes/isb-jed,no independent flight-route evidence
ISB,JED,SV723,305,https://2lnr.com/routes/isb-jed,flight-route mismatch
ISB,JED,SV723,305,https://2lnr.com/routes/isb-jed,flight-route mismatch
ISB,JED,SV729,305,https://2lnr.com/routes/isb-jed,flight-route mismatch
ISB,JED,SV729,305,https://2lnr.com/routes/isb-jed,flight-route mismatch
ISB,KWI,KU206,260,https://2lnr.com/routes/isb-kwi,flight-route mismatch
ISB,KWI,KU206,240,https://2lnr.com/routes/isb-kwi,flight-route mismatch
ISB,KWI,KU206,260,https://2lnr.com/routes/isb-kwi,flight-route mismatch
ISB,TAS,HY466,120,https://2lnr.com/routes/isb-tas,flight-route mismatch
IST,ABJ,TK555,435,https://2lnr.com/routes/ist-abj,no independent flight-route evidence
IST,ACC,TK609,430,https://2lnr.com/routes/ist-acc,flight-route mismatch
IST,ADD,TK676,320,https://2lnr.com/routes/ist-add,flight-route mismatch
IST,ADD,TK676,320,https://2lnr.com/routes/ist-add,flight-route mismatch
IST,ADD,TK678,320,https://2lnr.com/routes/ist-add,no independent flight-route evidence
IST,ADD,TK678,320,https://2lnr.com/routes/ist-add,no independent flight-route evidence
IST,ALG,TK651,225,https://2lnr.com/routes/ist-alg,flight-route mismatch
IST,ALG,TK651,225,https://2lnr.com/routes/ist-alg,flight-route mismatch
IST,ALG,TK651,230,https://2lnr.com/routes/ist-alg,flight-route mismatch
IST,ALG,TK651,225,https://2lnr.com/routes/ist-alg,flight-route mismatch
IST,ALG,TK655,225,https://2lnr.com/routes/ist-alg,flight-route mismatch
IST,ALG,TK851,225,https://2lnr.com/routes/ist-alg,no independent flight-route evidence
IST,ALG,TK851,225,https://2lnr.com/routes/ist-alg,no independent flight-route evidence
IST,AMM,TK812,145,https://2lnr.com/routes/ist-amm,flight-route mismatch
IST,AMM,TK812,145,https://2lnr.com/routes/ist-amm,flight-route mismatch
IST,AMM,TK814,150,https://2lnr.com/routes/ist-amm,flight-route mismatch
IST,AMM,TK816,145,https://2lnr.com/routes/ist-amm,flight-route mismatch
IST,AMM,TK816,145,https://2lnr.com/routes/ist-amm,flight-route mismatch
IST,AMM,TK832,150,https://2lnr.com/routes/ist-amm,no independent flight-route evidence
IST,AMS,TK1953,210,https://2lnr.com/routes/ist-ams,flight-route mismatch
IST,AMS,TK1953,210,https://2lnr.com/routes/ist-ams,flight-route mismatch
IST,AMS,TK1955,215,https://2lnr.com/routes/ist-ams,flight-route mismatch
IST,AMS,TK1955,215,https://2lnr.com/routes/ist-ams,flight-route mismatch
IST,AMS,TK1955,215,https://2lnr.com/routes/ist-ams,flight-route mismatch
IST,AMS,TK1957,205,https://2lnr.com/routes/ist-ams,flight-route mismatch
IST,ARN,TK1789,215,https://2lnr.com/routes/ist-arn,flight-route mismatch
IST,ARN,TK1789,215,https://2lnr.com/routes/ist-arn,flight-route mismatch
IST,ARN,TK1789,215,https://2lnr.com/routes/ist-arn,flight-route mismatch
IST,ARN,TK1793,220,https://2lnr.com/routes/ist-arn,flight-route mismatch
IST,ARN,TK1793,220,https://2lnr.com/routes/ist-arn,flight-route mismatch
IST,ARN,TK1795,215,https://2lnr.com/routes/ist-arn,flight-route mismatch
IST,ARN,TK1795,215,https://2lnr.com/routes/ist-arn,flight-route mismatch
IST,ATH,3U3827,90,https://2lnr.com/routes/ist-ath,flight-route mismatch
IST,ATH,GQ671,85,https://2lnr.com/routes/ist-ath,no independent flight-route evidence
IST,ATH,TK1843,90,https://2lnr.com/routes/ist-ath,flight-route mismatch
IST,ATH,TK1845,95,https://2lnr.com/routes/ist-ath,flight-route mismatch
IST,ATL,TK131,715,https://2lnr.com/routes/ist-atl,flight-route mismatch
IST,ATL,TK31,720,https://2lnr.com/routes/ist-atl,no independent flight-route evidence
IST,ATL,TK31,720,https://2lnr.com/routes/ist-atl,no independent flight-route evidence
IST,AUH,EY542,270,https://2lnr.com/routes/ist-auh,flight-route mismatch
IST,AUH,EY542,275,https://2lnr.com/routes/ist-auh,flight-route mismatch
IST,AUH,EY542,270,https://2lnr.com/routes/ist-auh,flight-route mismatch
IST,AUH,TK868,280,https://2lnr.com/routes/ist-auh,flight-route mismatch
IST,BAH,TK778,235,https://2lnr.com/routes/ist-bah,flight-route mismatch
IST,BAH,TK778,235,https://2lnr.com/routes/ist-bah,flight-route mismatch
IST,BAH,TK778,235,https://2lnr.com/routes/ist-bah,flight-route mismatch
IST,BAH,TK778,235,https://2lnr.com/routes/ist-bah,flight-route mismatch
IST,BCN,TK1467,220,https://2lnr.com/routes/ist-bcn,flight-route mismatch
IST,BCN,TK1851,230,https://2lnr.com/routes/ist-bcn,flight-route mismatch
IST,BCN,TK1851,235,https://2lnr.com/routes/ist-bcn,flight-route mismatch
IST,BCN,TK1851,230,https://2lnr.com/routes/ist-bcn,flight-route mismatch
IST,BCN,TK1853,225,https://2lnr.com/routes/ist-bcn,flight-route mismatch
IST,BCN,TK1855,220,https://2lnr.com/routes/ist-bcn,flight-route mismatch
IST,BCN,TK1855,220,https://2lnr.com/routes/ist-bcn,flight-route mismatch
IST,BCN,TK1855,215,https://2lnr.com/routes/ist-bcn,flight-route mismatch
IST,BCN,VY3077,235,https://2lnr.com/routes/ist-bcn,no independent flight-route evidence
IST,BER,TK1721,170,https://2lnr.com/routes/ist-ber,flight-route mismatch
IST,BER,TK1721,165,https://2lnr.com/routes/ist-ber,flight-route mismatch
IST,BER,TK1723,170,https://2lnr.com/routes/ist-ber,flight-route mismatch
IST,BER,TK1723,170,https://2lnr.com/routes/ist-ber,flight-route mismatch
IST,BER,TK1723,170,https://2lnr.com/routes/ist-ber,flight-route mismatch
IST,BER,TK1723,170,https://2lnr.com/routes/ist-ber,flight-route mismatch
IST,BER,TK1725,175,https://2lnr.com/routes/ist-ber,flight-route mismatch
IST,BER,TK1725,170,https://2lnr.com/routes/ist-ber,flight-route mismatch
IST,BER,TK1727,175,https://2lnr.com/routes/ist-ber,flight-route mismatch
IST,BER,TK1729,170,https://2lnr.com/routes/ist-ber,flight-route mismatch
IST,BER,TK1729,175,https://2lnr.com/routes/ist-ber,flight-route mismatch
IST,BER,TK1729,170,https://2lnr.com/routes/ist-ber,flight-route mismatch
IST,BER,TK1729,175,https://2lnr.com/routes/ist-ber,flight-route mismatch
IST,BEY,TK824,115,https://2lnr.com/routes/ist-bey,flight-route mismatch
IST,BEY,TK824,115,https://2lnr.com/routes/ist-bey,flight-route mismatch
IST,BEY,TK826,115,https://2lnr.com/routes/ist-bey,flight-route mismatch
IST,BEY,TK828,105,https://2lnr.com/routes/ist-bey,flight-route mismatch
IST,BEY,TK828,105,https://2lnr.com/routes/ist-bey,flight-route mismatch
IST,BEY,TK830,110,https://2lnr.com/routes/ist-bey,no independent flight-route evidence
IST,BEY,TK830,110,https://2lnr.com/routes/ist-bey,no independent flight-route evidence
IST,BOS,TK81,615,https://2lnr.com/routes/ist-bos,flight-route mismatch
IST,BRU,TK1939,205,https://2lnr.com/routes/ist-bru,flight-route mismatch
IST,BRU,TK1939,210,https://2lnr.com/routes/ist-bru,flight-route mismatch
IST,BRU,TK1939,205,https://2lnr.com/routes/ist-bru,flight-route mismatch
IST,BRU,TK1941,215,https://2lnr.com/routes/ist-bru,flight-route mismatch
IST,BRU,TK1943,215,https://2lnr.com/routes/ist-bru,flight-route mismatch
IST,BRU,TK1943,210,https://2lnr.com/routes/ist-bru,flight-route mismatch
IST,BRU,TK1943,210,https://2lnr.com/routes/ist-bru,flight-route mismatch
IST,BRU,TK1943,215,https://2lnr.com/routes/ist-bru,flight-route mismatch
IST,BRU,TK1945,210,https://2lnr.com/routes/ist-bru,flight-route mismatch
IST,BRU,TK1945,210,https://2lnr.com/routes/ist-bru,flight-route mismatch
IST,BUD,TK1033,115,https://2lnr.com/routes/ist-bud,flight-route mismatch
IST,BUD,TK1033,115,https://2lnr.com/routes/ist-bud,flight-route mismatch
IST,BUD,TK1035,115,https://2lnr.com/routes/ist-bud,flight-route mismatch
IST,BUD,TK1035,115,https://2lnr.com/routes/ist-bud,flight-route mismatch
IST,BUD,TK1035,115,https://2lnr.com/routes/ist-bud,flight-route mismatch
IST,BUD,W62430,120,https://2lnr.com/routes/ist-bud,flight-route mismatch
IST,BUD,W62436,120,https://2lnr.com/routes/ist-bud,flight-route mismatch
IST,CAI,TK686,140,https://2lnr.com/routes/ist-cai,flight-route mismatch
IST,CAI,TK686,140,https://2lnr.com/routes/ist-cai,flight-route mismatch
IST,CAI,TK690,140,https://2lnr.com/routes/ist-cai,flight-route mismatch
IST,CAI,TK690,140,https://2lnr.com/routes/ist-cai,flight-route mismatch
IST,CAI,TK692,145,https://2lnr.com/routes/ist-cai,flight-route mismatch
IST,CAI,TK694,145,https://2lnr.com/routes/ist-cai,flight-route mismatch
IST,CAI,TK694,145,https://2lnr.com/routes/ist-cai,flight-route mismatch
IST,CAI,TK694,145,https://2lnr.com/routes/ist-cai,flight-route mismatch
IST,CAI,TK754,150,https://2lnr.com/routes/ist-cai,flight-route mismatch
IST,CDG,TK1821,225,https://2lnr.com/routes/ist-cdg,flight-route mismatch
IST,CDG,TK1821,225,https://2lnr.com/routes/ist-cdg,flight-route mismatch
IST,CDG,TK1823,220,https://2lnr.com/routes/ist-cdg,flight-route mismatch
IST,CDG,TK1823,220,https://2lnr.com/routes/ist-cdg,flight-route mismatch
IST,CDG,TK1825,220,https://2lnr.com/routes/ist-cdg,flight-route mismatch
IST,CDG,TK1827,220,https://2lnr.com/routes/ist-cdg,flight-route mismatch
IST,CDG,TK1827,215,https://2lnr.com/routes/ist-cdg,flight-route mismatch
IST,CDG,TK1827,215,https://2lnr.com/routes/ist-cdg,flight-route mismatch
IST,CDG,TK1829,225,https://2lnr.com/routes/ist-cdg,flight-route mismatch
IST,CDG,TK1829,225,https://2lnr.com/routes/ist-cdg,flight-route mismatch
IST,CMB,TK1130,490,https://2lnr.com/routes/ist-cmb,no independent flight-route evidence
IST,CMB,TK730,490,https://2lnr.com/routes/ist-cmb,nonadjacent airports in flight sequence
IST,CMN,TK617,290,https://2lnr.com/routes/ist-cmn,flight-route mismatch
IST,CMN,TK617,290,https://2lnr.com/routes/ist-cmn,flight-route mismatch
IST,CMN,TK617,290,https://2lnr.com/routes/ist-cmn,flight-route mismatch
IST,CPH,TK1783,195,https://2lnr.com/routes/ist-cph,flight-route mismatch
IST,CPH,TK1785,200,https://2lnr.com/routes/ist-cph,flight-route mismatch
IST,CPH,TK1785,200,https://2lnr.com/routes/ist-cph,flight-route mismatch
IST,CPH,TK1787,195,https://2lnr.com/routes/ist-cph,flight-route mismatch
IST,CPT,TK44,665,https://2lnr.com/routes/ist-cpt,flight-route mismatch
IST,DAC,TK712,445,https://2lnr.com/routes/ist-dac,flight-route mismatch
IST,DAC,TK712,455,https://2lnr.com/routes/ist-dac,flight-route mismatch
IST,DAC,TK742,445,https://2lnr.com/routes/ist-dac,no independent flight-route evidence
IST,DAR,TK603,455,https://2lnr.com/routes/ist-dar,flight-route mismatch
IST,DAR,TK603,445,https://2lnr.com/routes/ist-dar,flight-route mismatch
IST,DFW,TK191,770,https://2lnr.com/routes/ist-dfw,no independent flight-route evidence
IST,DFW,TK191,770,https://2lnr.com/routes/ist-dfw,no independent flight-route evidence
IST,DFW,TK291,765,https://2lnr.com/routes/ist-dfw,no independent flight-route evidence
IST,DOH,TK780,255,https://2lnr.com/routes/ist-doh,flight-route mismatch
IST,DOH,TK780,255,https://2lnr.com/routes/ist-doh,flight-route mismatch
IST,DTW,TK205,650,https://2lnr.com/routes/ist-dtw,no independent flight-route evidence
IST,DUB,TK1173,280,https://2lnr.com/routes/ist-dub,no independent flight-route evidence
IST,DUB,TK1173,280,https://2lnr.com/routes/ist-dub,no independent flight-route evidence
IST,DUB,TK1173,280,https://2lnr.com/routes/ist-dub,no independent flight-route evidence
IST,DUB,TK1975,280,https://2lnr.com/routes/ist-dub,flight-route mismatch
IST,DUB,TK1975,280,https://2lnr.com/routes/ist-dub,flight-route mismatch
IST,DUB,TK1975,275,https://2lnr.com/routes/ist-dub,flight-route mismatch
IST,DUB,TK1975,275,https://2lnr.com/routes/ist-dub,flight-route mismatch
IST,DUB,TK1977,275,https://2lnr.com/routes/ist-dub,flight-route mismatch
IST,DUB,TK1977,280,https://2lnr.com/routes/ist-dub,flight-route mismatch
IST,DUB,TK1977,280,https://2lnr.com/routes/ist-dub,flight-route mismatch
IST,DUS,TK1523,190,https://2lnr.com/routes/ist-dus,flight-route mismatch
IST,DUS,TK1523,190,https://2lnr.com/routes/ist-dus,flight-route mismatch
IST,DUS,TK1525,200,https://2lnr.com/routes/ist-dus,flight-route mismatch
IST,DUS,TK1527,200,https://2lnr.com/routes/ist-dus,flight-route mismatch
IST,DUS,TK1527,195,https://2lnr.com/routes/ist-dus,flight-route mismatch
IST,DUS,TK1527,195,https://2lnr.com/routes/ist-dus,flight-route mismatch
IST,DUS,TK1527,195,https://2lnr.com/routes/ist-dus,flight-route mismatch
IST,DUS,TK1527,195,https://2lnr.com/routes/ist-dus,flight-route mismatch
IST,DUS,TK1529,210,https://2lnr.com/routes/ist-dus,flight-route mismatch
IST,DUS,TK1529,200,https://2lnr.com/routes/ist-dus,flight-route mismatch
IST,DUS,TK1529,210,https://2lnr.com/routes/ist-dus,flight-route mismatch
IST,DUS,TK1529,200,https://2lnr.com/routes/ist-dus,flight-route mismatch
IST,DXB,FZ728,310,https://2lnr.com/routes/ist-dxb,flight-route mismatch
IST,DXB,TK758,270,https://2lnr.com/routes/ist-dxb,flight-route mismatch
IST,DXB,TK758,270,https://2lnr.com/routes/ist-dxb,flight-route mismatch
IST,DXB,TK760,270,https://2lnr.com/routes/ist-dxb,flight-route mismatch
IST,DXB,TK760,305,https://2lnr.com/routes/ist-dxb,flight-route mismatch
IST,DXB,TK762,295,https://2lnr.com/routes/ist-dxb,flight-route mismatch
IST,DXB,TK762,265,https://2lnr.com/routes/ist-dxb,flight-route mismatch
IST,DXB,TK762,265,https://2lnr.com/routes/ist-dxb,flight-route mismatch
IST,DXB,TK764,300,https://2lnr.com/routes/ist-dxb,flight-route mismatch
IST,DXB,TK764,275,https://2lnr.com/routes/ist-dxb,flight-route mismatch
IST,EBB,TK591,400,https://2lnr.com/routes/ist-ebb,flight-route mismatch
IST,EDI,TK1343,270,https://2lnr.com/routes/ist-edi,flight-route mismatch
IST,EDI,TK1343,270,https://2lnr.com/routes/ist-edi,flight-route mismatch
IST,EWR,TK29,640,https://2lnr.com/routes/ist-ewr,no independent flight-route evidence
IST,FCO,TK1361,160,https://2lnr.com/routes/ist-fco,flight-route mismatch
IST,FCO,TK1361,160,https://2lnr.com/routes/ist-fco,flight-route mismatch
IST,FCO,TK1863,155,https://2lnr.com/routes/ist-fco,flight-route mismatch
IST,FCO,TK1863,160,https://2lnr.com/routes/ist-fco,flight-route mismatch
IST,FCO,TK1863,155,https://2lnr.com/routes/ist-fco,flight-route mismatch
IST,FCO,TK1863,160,https://2lnr.com/routes/ist-fco,flight-route mismatch
IST,FCO,TK1863,160,https://2lnr.com/routes/ist-fco,flight-route mismatch
IST,FCO,TK1863,160,https://2lnr.com/routes/ist-fco,flight-route mismatch
IST,FCO,TK1865,160,https://2lnr.com/routes/ist-fco,flight-route mismatch
IST,FCO,TK1865,160,https://2lnr.com/routes/ist-fco,flight-route mismatch
IST,FRA,TK1587,195,https://2lnr.com/routes/ist-fra,flight-route mismatch
IST,FRA,TK1587,190,https://2lnr.com/routes/ist-fra,flight-route mismatch
IST,FRA,TK1591,190,https://2lnr.com/routes/ist-fra,flight-route mismatch
IST,FRA,TK1591,190,https://2lnr.com/routes/ist-fra,flight-route mismatch
IST,FRA,TK1591,195,https://2lnr.com/routes/ist-fra,flight-route mismatch
IST,FRA,TK1591,195,https://2lnr.com/routes/ist-fra,flight-route mismatch
IST,FRA,TK1593,185,https://2lnr.com/routes/ist-fra,flight-route mismatch
IST,FRA,TK1593,185,https://2lnr.com/routes/ist-fra,flight-route mismatch
IST,FRA,TK1593,185,https://2lnr.com/routes/ist-fra,flight-route mismatch
IST,FRA,TK1597,195,https://2lnr.com/routes/ist-fra,flight-route mismatch
IST,FRA,TK1597,195,https://2lnr.com/routes/ist-fra,flight-route mismatch
IST,GVA,TK1917,190,https://2lnr.com/routes/ist-gva,flight-route mismatch
IST,GVA,TK1917,190,https://2lnr.com/routes/ist-gva,flight-route mismatch
IST,GVA,TK1917,190,https://2lnr.com/routes/ist-gva,flight-route mismatch
IST,GVA,TK1919,195,https://2lnr.com/routes/ist-gva,flight-route mismatch
IST,GVA,TK1919,195,https://2lnr.com/routes/ist-gva,flight-route mismatch
IST,GVA,TK1921,195,https://2lnr.com/routes/ist-gva,flight-route mismatch
IST,GYD,TK332,165,https://2lnr.com/routes/ist-gyd,flight-route mismatch
IST,GYD,TK336,165,https://2lnr.com/routes/ist-gyd,flight-route mismatch
IST,GYD,TK338,170,https://2lnr.com/routes/ist-gyd,flight-route mismatch
IST,GYD,TK340,165,https://2lnr.com/routes/ist-gyd,flight-route mismatch
IST,GYD,TK340,165,https://2lnr.com/routes/ist-gyd,flight-route mismatch
IST,GYD,TK340,165,https://2lnr.com/routes/ist-gyd,flight-route mismatch
IST,HAM,TK1661,190,https://2lnr.com/routes/ist-ham,flight-route mismatch
IST,HAM,TK1661,185,https://2lnr.com/routes/ist-ham,flight-route mismatch
IST,HAM,TK1663,190,https://2lnr.com/routes/ist-ham,flight-route mismatch
IST,HAM,TK1663,185,https://2lnr.com/routes/ist-ham,flight-route mismatch
IST,HAM,TK1667,195,https://2lnr.com/routes/ist-ham,flight-route mismatch
IST,HAM,TK1667,195,https://2lnr.com/routes/ist-ham,flight-route mismatch
IST,HAM,TK1669,190,https://2lnr.com/routes/ist-ham,flight-route mismatch
IST,HAM,TK1669,190,https://2lnr.com/routes/ist-ham,flight-route mismatch
IST,HAM,TK1669,190,https://2lnr.com/routes/ist-ham,flight-route mismatch
IST,HAM,TK1669,190,https://2lnr.com/routes/ist-ham,flight-route mismatch
IST,HAM,TK1669,190,https://2lnr.com/routes/ist-ham,flight-route mismatch
IST,HEL,TK1267,220,https://2lnr.com/routes/ist-hel,no independent flight-route evidence
IST,HEL,TK1761,220,https://2lnr.com/routes/ist-hel,flight-route mismatch
IST,HEL,TK1761,220,https://2lnr.com/routes/ist-hel,flight-route mismatch
IST,HEL,TK1761,220,https://2lnr.com/routes/ist-hel,flight-route mismatch
IST,IAD,TK187,655,https://2lnr.com/routes/ist-iad,no independent flight-route evidence
IST,IAH,TK133,775,https://2lnr.com/routes/ist-iah,no independent flight-route evidence
IST,IKA,TK870,190,https://2lnr.com/routes/ist-ika,flight-route mismatch
IST,IKA,TK874,190,https://2lnr.com/routes/ist-ika,flight-route mismatch
IST,IKA,TK874,190,https://2lnr.com/routes/ist-ika,flight-route mismatch
IST,IKA,TK878,190,https://2lnr.com/routes/ist-ika,flight-route mismatch
IST,ISB,TK710,300,https://2lnr.com/routes/ist-isb,flight-route mismatch
IST,ISB,TK750,295,https://2lnr.com/routes/ist-isb,no independent flight-route evidence
IST,JED,F3808,220,https://2lnr.com/routes/ist-jed,flight-route mismatch
IST,JED,TK114,230,https://2lnr.com/routes/ist-jed,flight-route mismatch
IST,JED,TK114,230,https://2lnr.com/routes/ist-jed,flight-route mismatch
IST,JNB,TK38,580,https://2lnr.com/routes/ist-jnb,no independent flight-route evidence
IST,JNB,TK42,590,https://2lnr.com/routes/ist-jnb,flight-route mismatch
IST,KHI,TK708,315,https://2lnr.com/routes/ist-khi,flight-route mismatch
IST,KHI,TK718,325,https://2lnr.com/routes/ist-khi,no independent flight-route evidence
IST,KWI,KU156,220,https://2lnr.com/routes/ist-kwi,flight-route mismatch
IST,KWI,KU156,220,https://2lnr.com/routes/ist-kwi,flight-route mismatch
IST,KWI,KU156,220,https://2lnr.com/routes/ist-kwi,flight-route mismatch
IST,KWI,TK770,220,https://2lnr.com/routes/ist-kwi,flight-route mismatch
IST,LAX,TK179,820,https://2lnr.com/routes/ist-lax,no independent flight-route evidence
IST,LED,TK399,225,https://2lnr.com/routes/ist-led,no independent flight-route evidence
IST,LED,TK401,225,https://2lnr.com/routes/ist-led,flight-route mismatch
IST,LED,TK403,220,https://2lnr.com/routes/ist-led,no independent flight-route evidence
IST,LED,TK403,220,https://2lnr.com/routes/ist-led,no independent flight-route evidence
IST,LGW,TK1981,240,https://2lnr.com/routes/ist-lgw,flight-route mismatch
IST,LGW,TK1997,250,https://2lnr.com/routes/ist-lgw,flight-route mismatch
IST,LHE,TK714,325,https://2lnr.com/routes/ist-lhe,flight-route mismatch
IST,LHE,TK744,315,https://2lnr.com/routes/ist-lhe,no independent flight-route evidence
IST,LHR,TK1931,245,https://2lnr.com/routes/ist-lhr,flight-route mismatch
IST,LHR,TK1971,230,https://2lnr.com/routes/ist-lhr,flight-route mismatch
IST,LHR,TK1971,230,https://2lnr.com/routes/ist-lhr,flight-route mismatch
IST,LHR,TK1979,240,https://2lnr.com/routes/ist-lhr,flight-route mismatch
IST,LHR,TK1979,240,https://2lnr.com/routes/ist-lhr,flight-route mismatch
IST,LHR,TK1979,240,https://2lnr.com/routes/ist-lhr,flight-route mismatch
IST,LHR,TK1985,235,https://2lnr.com/routes/ist-lhr,flight-route mismatch
IST,LHR,TK1985,235,https://2lnr.com/routes/ist-lhr,flight-route mismatch
IST,LHR,TK1989,240,https://2lnr.com/routes/ist-lhr,flight-route mismatch
IST,LHR,TK1989,240,https://2lnr.com/routes/ist-lhr,flight-route mismatch
IST,LIS,TK1755,300,https://2lnr.com/routes/ist-lis,flight-route mismatch
IST,LIS,TK1759,290,https://2lnr.com/routes/ist-lis,flight-route mismatch
IST,LIS,TK1759,305,https://2lnr.com/routes/ist-lis,flight-route mismatch
IST,LIS,TK1759,300,https://2lnr.com/routes/ist-lis,flight-route mismatch
IST,LIS,TK1779,305,https://2lnr.com/routes/ist-lis,flight-route mismatch
IST,LIS,TK1779,300,https://2lnr.com/routes/ist-lis,flight-route mismatch
IST,LIS,TK1779,300,https://2lnr.com/routes/ist-lis,flight-route mismatch
IST,LIS,TK1779,305,https://2lnr.com/routes/ist-lis,flight-route mismatch
IST,LIS,TK1779,300,https://2lnr.com/routes/ist-lis,flight-route mismatch
IST,LOS,TK625,415,https://2lnr.com/routes/ist-los,flight-route mismatch
IST,MAD,TK1357,275,https://2lnr.com/routes/ist-mad,flight-route mismatch
IST,MAD,TK1359,280,https://2lnr.com/routes/ist-mad,no independent flight-route evidence
IST,MAD,TK1359,280,https://2lnr.com/routes/ist-mad,no independent flight-route evidence
IST,MAD,TK1859,270,https://2lnr.com/routes/ist-mad,flight-route mismatch
IST,MAD,TK1859,280,https://2lnr.com/routes/ist-mad,flight-route mismatch
IST,MAN,TK1915,250,https://2lnr.com/routes/ist-man,no independent flight-route evidence
IST,MAN,TK1915,250,https://2lnr.com/routes/ist-man,no independent flight-route evidence
IST,MAN,TK1915,250,https://2lnr.com/routes/ist-man,no independent flight-route evidence
IST,MAN,TK1991,250,https://2lnr.com/routes/ist-man,flight-route mismatch
IST,MAN,TK1995,250,https://2lnr.com/routes/ist-man,flight-route mismatch
IST,MAN,TK1995,255,https://2lnr.com/routes/ist-man,flight-route mismatch
IST,MIA,TK157,750,https://2lnr.com/routes/ist-mia,flight-route mismatch
IST,MIA,TK77,740,https://2lnr.com/routes/ist-mia,no independent flight-route evidence
IST,MRU,TK1176,570,https://2lnr.com/routes/ist-mru,flight-route mismatch
IST,MRU,TK160,570,https://2lnr.com/routes/ist-mru,flight-route mismatch
IST,MUC,TK1635,170,https://2lnr.com/routes/ist-muc,flight-route mismatch
IST,MUC,TK1635,165,https://2lnr.com/routes/ist-muc,flight-route mismatch
IST,MUC,TK1635,170,https://2lnr.com/routes/ist-muc,flight-route mismatch
IST,MUC,TK1637,165,https://2lnr.com/routes/ist-muc,flight-route mismatch
IST,MUC,TK1637,165,https://2lnr.com/routes/ist-muc,flight-route mismatch
IST,MUC,TK1637,165,https://2lnr.com/routes/ist-muc,flight-route mismatch
IST,MUC,TK1641,165,https://2lnr.com/routes/ist-muc,flight-route mismatch
IST,MUC,TK1641,165,https://2lnr.com/routes/ist-muc,flight-route mismatch
IST,MUC,TK1641,165,https://2lnr.com/routes/ist-muc,flight-route mismatch
IST,MXP,TK1873,165,https://2lnr.com/routes/ist-mxp,flight-route mismatch
IST,MXP,TK1875,175,https://2lnr.com/routes/ist-mxp,flight-route mismatch
IST,MXP,TK1877,180,https://2lnr.com/routes/ist-mxp,flight-route mismatch
IST,MXP,TK1877,175,https://2lnr.com/routes/ist-mxp,flight-route mismatch
IST,MXP,TK1895,165,https://2lnr.com/routes/ist-mxp,flight-route mismatch
IST,MXP,TK1895,170,https://2lnr.com/routes/ist-mxp,flight-route mismatch
IST,MXP,TK1895,165,https://2lnr.com/routes/ist-mxp,flight-route mismatch
IST,NBO,TK607,400,https://2lnr.com/routes/ist-nbo,flight-route mismatch
IST,NCE,TK1813,185,https://2lnr.com/routes/ist-nce,flight-route mismatch
IST,NCE,TK1813,180,https://2lnr.com/routes/ist-nce,flight-route mismatch
IST,NCE,TK1813,180,https://2lnr.com/routes/ist-nce,flight-route mismatch
IST,OPO,TK1449,295,https://2lnr.com/routes/ist-opo,flight-route mismatch
IST,OPO,TK1449,290,https://2lnr.com/routes/ist-opo,flight-route mismatch
IST,OPO,TK1449,290,https://2lnr.com/routes/ist-opo,flight-route mismatch
IST,OPO,TK1449,295,https://2lnr.com/routes/ist-opo,flight-route mismatch
IST,OPO,TK1449,295,https://2lnr.com/routes/ist-opo,flight-route mismatch
IST,OPO,TK1451,295,https://2lnr.com/routes/ist-opo,no independent flight-route evidence
IST,OPO,TK1451,295,https://2lnr.com/routes/ist-opo,no independent flight-route evidence
IST,OPO,TK1451,295,https://2lnr.com/routes/ist-opo,no independent flight-route evidence
IST,ORD,TK185,670,https://2lnr.com/routes/ist-ord,no independent flight-route evidence
IST,OSL,TK1751,230,https://2lnr.com/routes/ist-osl,flight-route mismatch
IST,OSL,TK1751,230,https://2lnr.com/routes/ist-osl,flight-route mismatch
IST,OSL,TK1753,235,https://2lnr.com/routes/ist-osl,flight-route mismatch
IST,OSL,TK1753,230,https://2lnr.com/routes/ist-osl,flight-route mismatch
IST,OSL,TK1753,230,https://2lnr.com/routes/ist-osl,flight-route mismatch
IST,PRG,TK1767,155,https://2lnr.com/routes/ist-prg,flight-route mismatch
IST,PRG,TK1767,155,https://2lnr.com/routes/ist-prg,flight-route mismatch
IST,PRG,TK1769,160,https://2lnr.com/routes/ist-prg,flight-route mismatch
IST,PRG,TK1769,155,https://2lnr.com/routes/ist-prg,flight-route mismatch
IST,PRG,TK1769,160,https://2lnr.com/routes/ist-prg,flight-route mismatch
IST,PRG,TK1769,160,https://2lnr.com/routes/ist-prg,flight-route mismatch
IST,PRG,TK1769,160,https://2lnr.com/routes/ist-prg,flight-route mismatch
IST,RAK,TK619,315,https://2lnr.com/routes/ist-rak,no independent flight-route evidence
IST,RAK,TK619,315,https://2lnr.com/routes/ist-rak,no independent flight-route evidence
IST,RAK,TK619,255,https://2lnr.com/routes/ist-rak,no independent flight-route evidence
IST,RAK,TK619,255,https://2lnr.com/routes/ist-rak,no independent flight-route evidence
IST,RAK,TK619,315,https://2lnr.com/routes/ist-rak,no independent flight-route evidence
IST,RUH,TK246,240,https://2lnr.com/routes/ist-ruh,no independent flight-route evidence
IST,RUH,TK246,240,https://2lnr.com/routes/ist-ruh,no independent flight-route evidence
IST,RUH,TK248,240,https://2lnr.com/routes/ist-ruh,flight-route mismatch
IST,SEA,TK203,740,https://2lnr.com/routes/ist-sea,no independent flight-route evidence
IST,SFO,TK289,810,https://2lnr.com/routes/ist-sfo,no independent flight-route evidence
IST,SFO,TK79,805,https://2lnr.com/routes/ist-sfo,flight-route mismatch
IST,TBS,TK376,140,https://2lnr.com/routes/ist-tbs,no independent flight-route evidence
IST,TBS,TK376,145,https://2lnr.com/routes/ist-tbs,no independent flight-route evidence
IST,TBS,TK378,140,https://2lnr.com/routes/ist-tbs,no independent flight-route evidence
IST,TBS,TK378,140,https://2lnr.com/routes/ist-tbs,no independent flight-route evidence
IST,TBS,TK386,140,https://2lnr.com/routes/ist-tbs,flight-route mismatch
IST,TBS,TK386,140,https://2lnr.com/routes/ist-tbs,flight-route mismatch
IST,TBS,TK386,140,https://2lnr.com/routes/ist-tbs,flight-route mismatch
IST,TFU,3U3828,520,https://2lnr.com/routes/ist-tfu,flight-route mismatch
IST,TFU,3U3828,520,https://2lnr.com/routes/ist-tfu,flight-route mismatch
IST,UBN,OM162,500,https://2lnr.com/routes/ist-ubn,flight-route mismatch
IST,UBN,TK236,475,https://2lnr.com/routes/ist-ubn,flight-route mismatch
IST,VIE,TK1883,130,https://2lnr.com/routes/ist-vie,flight-route mismatch
IST,VIE,TK1883,130,https://2lnr.com/routes/ist-vie,flight-route mismatch
IST,VIE,TK1883,135,https://2lnr.com/routes/ist-vie,flight-route mismatch
IST,VIE,TK1883,140,https://2lnr.com/routes/ist-vie,flight-route mismatch
IST,VIE,TK1885,140,https://2lnr.com/routes/ist-vie,flight-route mismatch
IST,VIE,TK1885,140,https://2lnr.com/routes/ist-vie,flight-route mismatch
IST,VIE,TK1885,140,https://2lnr.com/routes/ist-vie,flight-route mismatch
IST,VIE,TK1885,140,https://2lnr.com/routes/ist-vie,flight-route mismatch
IST,VIE,TK1885,140,https://2lnr.com/routes/ist-vie,flight-route mismatch
IST,VIE,TK1887,135,https://2lnr.com/routes/ist-vie,flight-route mismatch
IST,VIE,TK1887,135,https://2lnr.com/routes/ist-vie,flight-route mismatch
IST,VIE,TK1887,135,https://2lnr.com/routes/ist-vie,flight-route mismatch
IST,VIE,TK1889,140,https://2lnr.com/routes/ist-vie,flight-route mismatch
IST,WAW,TK1263,145,https://2lnr.com/routes/ist-waw,no independent flight-route evidence
IST,WAW,TK1265,150,https://2lnr.com/routes/ist-waw,no independent flight-route evidence
IST,WAW,TK1265,150,https://2lnr.com/routes/ist-waw,no independent flight-route evidence
IST,WAW,TK1765,145,https://2lnr.com/routes/ist-waw,flight-route mismatch
IST,WAW,TK1765,145,https://2lnr.com/routes/ist-waw,flight-route mismatch
IST,YUL,TK35,595,https://2lnr.com/routes/ist-yul,flight-route mismatch
IST,YVR,TK75,735,https://2lnr.com/routes/ist-yvr,no independent flight-route evidence
IST,YYZ,TK17,635,https://2lnr.com/routes/ist-yyz,flight-route mismatch
IST,YYZ,TK17,635,https://2lnr.com/routes/ist-yyz,flight-route mismatch
IST,ZRH,TK1907,180,https://2lnr.com/routes/ist-zrh,flight-route mismatch
IST,ZRH,TK1911,185,https://2lnr.com/routes/ist-zrh,flight-route mismatch
IST,ZRH,TK1911,185,https://2lnr.com/routes/ist-zrh,flight-route mismatch
JED,ALG,AH467,375,https://2lnr.com/routes/jed-alg,no independent flight-route evidence
JED,ALG,AH485,375,https://2lnr.com/routes/jed-alg,no independent flight-route evidence
JED,ALG,AH487,365,https://2lnr.com/routes/jed-alg,no independent flight-route evidence
JED,ALG,SV351,320,https://2lnr.com/routes/jed-alg,no independent flight-route evidence
JED,BAH,SV3578,130,https://2lnr.com/routes/jed-bah,no independent flight-route evidence
JED,BER,XY643,350,https://2lnr.com/routes/jed-ber,flight-route mismatch
JED,CGK,GA995,620,https://2lnr.com/routes/jed-cgk,no independent flight-route evidence
JED,CGK,SV820,605,https://2lnr.com/routes/jed-cgk,flight-route mismatch
JED,DAC,BG336,410,https://2lnr.com/routes/jed-dac,flight-route mismatch
JED,DAC,BS362,430,https://2lnr.com/routes/jed-dac,flight-route mismatch
JED,DAC,SV802,395,https://2lnr.com/routes/jed-dac,flight-route mismatch
JED,DAC,SV802,395,https://2lnr.com/routes/jed-dac,flight-route mismatch
JED,DAC,SV808,395,https://2lnr.com/routes/jed-dac,flight-route mismatch
JED,DAC,SV808,395,https://2lnr.com/routes/jed-dac,flight-route mismatch
JED,DAC,SV810,395,https://2lnr.com/routes/jed-dac,flight-route mismatch
JED,EBB,XY683,225,https://2lnr.com/routes/jed-ebb,flight-route mismatch
JED,ISB,PK842,320,https://2lnr.com/routes/jed-isb,no independent flight-route evidence
JED,ISB,PK842,335,https://2lnr.com/routes/jed-isb,no independent flight-route evidence
JED,ISB,PK842,290,https://2lnr.com/routes/jed-isb,no independent flight-route evidence
JED,ISB,SV726,300,https://2lnr.com/routes/jed-isb,flight-route mismatch
JED,ISB,SV726,300,https://2lnr.com/routes/jed-isb,flight-route mismatch
JED,ISB,SV728,300,https://2lnr.com/routes/jed-isb,flight-route mismatch
JED,KHI,PK832,255,https://2lnr.com/routes/jed-khi,no independent flight-route evidence
JED,KWI,KU784,135,https://2lnr.com/routes/jed-kwi,flight-route mismatch
JED,KWI,KU784,135,https://2lnr.com/routes/jed-kwi,flight-route mismatch
JED,KWI,KU786,135,https://2lnr.com/routes/jed-kwi,flight-route mismatch
JED,KWI,KU786,145,https://2lnr.com/routes/jed-kwi,flight-route mismatch
JED,KWI,KU788,145,https://2lnr.com/routes/jed-kwi,flight-route mismatch
JED,KWI,KU788,145,https://2lnr.com/routes/jed-kwi,flight-route mismatch
JED,MAD,SV223,395,https://2lnr.com/routes/jed-mad,nonadjacent airports in flight sequence
JED,MLE,SV872,365,https://2lnr.com/routes/jed-mle,flight-route mismatch
JED,MLE,SV874,365,https://2lnr.com/routes/jed-mle,flight-route mismatch
JED,RUH,F3106,105,https://2lnr.com/routes/jed-ruh,no independent flight-route evidence
JED,SIN,TR797,585,https://2lnr.com/routes/jed-sin,no independent flight-route evidence
JFK,ANC,AS1536,477,https://2lnr.com/routes/jfk-anc,flight-route mismatch
JFK,ATH,N0502,545,https://2lnr.com/routes/jfk-ath,no independent flight-route evidence
JFK,ATH,N0504,545,https://2lnr.com/routes/jfk-ath,no independent flight-route evidence
JFK,ATH,N0504,545,https://2lnr.com/routes/jfk-ath,no independent flight-route evidence
JFK,ATL,DL8800,179,https://2lnr.com/routes/jfk-atl,flight-route mismatch
JFK,AUH,EY4,780,https://2lnr.com/routes/jfk-auh,flight-route mismatch
JFK,BER,DL92,485,https://2lnr.com/routes/jfk-ber,flight-route mismatch
JFK,BER,DL92,480,https://2lnr.com/routes/jfk-ber,flight-route mismatch
JFK,BOS,AA4364,83,https://2lnr.com/routes/jfk-bos,flight-route mismatch
JFK,BOS,AA4364,86,https://2lnr.com/routes/jfk-bos,flight-route mismatch
JFK,BOS,AA4397,85,https://2lnr.com/routes/jfk-bos,flight-route mismatch
JFK,BOS,AA4397,88,https://2lnr.com/routes/jfk-bos,flight-route mismatch
JFK,BOS,AA4659,83,https://2lnr.com/routes/jfk-bos,flight-route mismatch
JFK,BOS,DL5595,87,https://2lnr.com/routes/jfk-bos,no independent flight-route evidence
JFK,BOS,DL5733,88,https://2lnr.com/routes/jfk-bos,no independent flight-route evidence
JFK,BOS,DL5733,85,https://2lnr.com/routes/jfk-bos,no independent flight-route evidence
JFK,BOS,DL5765,84,https://2lnr.com/routes/jfk-bos,no independent flight-route evidence
JFK,BOS,DL5798,105,https://2lnr.com/routes/jfk-bos,no independent flight-route evidence
JFK,BOS,DL5798,103,https://2lnr.com/routes/jfk-bos,no independent flight-route evidence
JFK,CDG,AF1,445,https://2lnr.com/routes/jfk-cdg,flight-route mismatch
JFK,CLT,AA1229,114,https://2lnr.com/routes/jfk-clt,flight-route mismatch
JFK,CLT,AA1945,121,https://2lnr.com/routes/jfk-clt,flight-route mismatch
JFK,CLT,AA2137,121,https://2lnr.com/routes/jfk-clt,flight-route mismatch
JFK,CLT,AA3148,123,https://2lnr.com/routes/jfk-clt,flight-route mismatch
JFK,CLT,DL5036,139,https://2lnr.com/routes/jfk-clt,no independent flight-route evidence
JFK,CLT,DL5036,146,https://2lnr.com/routes/jfk-clt,no independent flight-route evidence
JFK,CLT,DL5052,134,https://2lnr.com/routes/jfk-clt,no independent flight-route evidence
JFK,CLT,DL5052,136,https://2lnr.com/routes/jfk-clt,no independent flight-route evidence
JFK,CLT,DL5067,145,https://2lnr.com/routes/jfk-clt,no independent flight-route evidence
JFK,CLT,DL5067,138,https://2lnr.com/routes/jfk-clt,no independent flight-route evidence
JFK,CLT,DL5070,129,https://2lnr.com/routes/jfk-clt,no independent flight-route evidence
JFK,CLT,DL5077,137,https://2lnr.com/routes/jfk-clt,no independent flight-route evidence
JFK,CLT,DL5688,132,https://2lnr.com/routes/jfk-clt,no independent flight-route evidence
JFK,CLT,DL5711,130,https://2lnr.com/routes/jfk-clt,no independent flight-route evidence
JFK,DEN,DL457,273,https://2lnr.com/routes/jfk-den,flight-route mismatch
JFK,DFW,AA3118,244,https://2lnr.com/routes/jfk-dfw,flight-route mismatch
JFK,DFW,AA3164,244,https://2lnr.com/routes/jfk-dfw,flight-route mismatch
JFK,DFW,AA475,247,https://2lnr.com/routes/jfk-dfw,flight-route mismatch
JFK,DTW,DL1885,125,https://2lnr.com/routes/jfk-dtw,flight-route mismatch
JFK,DTW,DL5080,128,https://2lnr.com/routes/jfk-dtw,no independent flight-route evidence
JFK,DTW,DL5080,132,https://2lnr.com/routes/jfk-dtw,no independent flight-route evidence
JFK,FCO,DL148,520,https://2lnr.com/routes/jfk-fco,flight-route mismatch
JFK,FCO,N01115,480,https://2lnr.com/routes/jfk-fco,no independent flight-route evidence
JFK,FCO,N0402,480,https://2lnr.com/routes/jfk-fco,no independent flight-route evidence
JFK,FLL,DL2641,191,https://2lnr.com/routes/jfk-fll,flight-route mismatch
JFK,GRU,LA8181,585,https://2lnr.com/routes/jfk-gru,no independent flight-route evidence
JFK,GUA,AV643,280,https://2lnr.com/routes/jfk-gua,no independent flight-route evidence
JFK,GUA,AV653,280,https://2lnr.com/routes/jfk-gua,no independent flight-route evidence
JFK,GYE,AV7395,390,https://2lnr.com/routes/jfk-gye,no independent flight-route evidence
JFK,GYE,LA1453,405,https://2lnr.com/routes/jfk-gye,no independent flight-route evidence
JFK,GYE,LA1453,400,https://2lnr.com/routes/jfk-gye,no independent flight-route evidence
JFK,IAD,DL5095,90,https://2lnr.com/routes/jfk-iad,no independent flight-route evidence
JFK,IAD,DL5638,98,https://2lnr.com/routes/jfk-iad,no independent flight-route evidence
JFK,IAD,DL5779,106,https://2lnr.com/routes/jfk-iad,no independent flight-route evidence
JFK,IAD,DL5809,90,https://2lnr.com/routes/jfk-iad,no independent flight-route evidence
JFK,IAD,DL5822,90,https://2lnr.com/routes/jfk-iad,no independent flight-route evidence
JFK,KEF,FI618,345,https://2lnr.com/routes/jfk-kef,no independent flight-route evidence
JFK,KWI,KU118,730,https://2lnr.com/routes/jfk-kwi,flight-route mismatch
JFK,LAX,DL1905,351,https://2lnr.com/routes/jfk-lax,flight-route mismatch
JFK,LGW,Z01161,420,https://2lnr.com/routes/jfk-lgw,no independent flight-route evidence
JFK,LIM,LA2469,476,https://2lnr.com/routes/jfk-lim,no independent flight-route evidence
JFK,LIM,LA2691,480,https://2lnr.com/routes/jfk-lim,no independent flight-route evidence
JFK,LIM,LA2691,485,https://2lnr.com/routes/jfk-lim,no independent flight-route evidence
JFK,LIM,LA539,455,https://2lnr.com/routes/jfk-lim,flight-route mismatch
JFK,LIM,LA539,455,https://2lnr.com/routes/jfk-lim,flight-route mismatch
JFK,MAD,IB324,455,https://2lnr.com/routes/jfk-mad,flight-route mismatch
JFK,MCO,DL1543,190,https://2lnr.com/routes/jfk-mco,flight-route mismatch
JFK,MCO,DL1996,184,https://2lnr.com/routes/jfk-mco,flight-route mismatch
JFK,MCO,DL8801,197,https://2lnr.com/routes/jfk-mco,flight-route mismatch
JFK,MIA,AA1386,193,https://2lnr.com/routes/jfk-mia,flight-route mismatch
JFK,MIA,AA2161,185,https://2lnr.com/routes/jfk-mia,flight-route mismatch
JFK,ORD,AA2907,171,https://2lnr.com/routes/jfk-ord,flight-route mismatch
JFK,ORD,AA3321,170,https://2lnr.com/routes/jfk-ord,flight-route mismatch
JFK,ORD,AA4454,183,https://2lnr.com/routes/jfk-ord,no independent flight-route evidence
JFK,ORD,AA4489,192,https://2lnr.com/routes/jfk-ord,no independent flight-route evidence
JFK,ORD,AA4489,163,https://2lnr.com/routes/jfk-ord,no independent flight-route evidence
JFK,ORD,DL4903,177,https://2lnr.com/routes/jfk-ord,no independent flight-route evidence
JFK,ORD,DL4907,176,https://2lnr.com/routes/jfk-ord,no independent flight-route evidence
JFK,ORD,DL4915,182,https://2lnr.com/routes/jfk-ord,no independent flight-route evidence
JFK,ORD,DL4915,178,https://2lnr.com/routes/jfk-ord,no independent flight-route evidence
JFK,ORD,DL4917,172,https://2lnr.com/routes/jfk-ord,no independent flight-route evidence
JFK,ORD,DL5119,165,https://2lnr.com/routes/jfk-ord,no independent flight-route evidence
JFK,ORD,DL5119,171,https://2lnr.com/routes/jfk-ord,no independent flight-route evidence
JFK,ORD,DL5599,182,https://2lnr.com/routes/jfk-ord,no independent flight-route evidence
JFK,ORD,DL5783,174,https://2lnr.com/routes/jfk-ord,no independent flight-route evidence
JFK,PHX,AA2099,330,https://2lnr.com/routes/jfk-phx,flight-route mismatch
JFK,PHX,AA557,327,https://2lnr.com/routes/jfk-phx,flight-route mismatch
JFK,SAL,AV569,300,https://2lnr.com/routes/jfk-sal,no independent flight-route evidence
JFK,SAL,AV569,300,https://2lnr.com/routes/jfk-sal,no independent flight-route evidence
JFK,SAL,AV661,295,https://2lnr.com/routes/jfk-sal,no independent flight-route evidence
JFK,SAL,AV661,295,https://2lnr.com/routes/jfk-sal,no independent flight-route evidence
JFK,SAL,AV671,295,https://2lnr.com/routes/jfk-sal,no independent flight-route evidence
JFK,SAL,AV671,295,https://2lnr.com/routes/jfk-sal,no independent flight-route evidence
JFK,SCL,LA539,715,https://2lnr.com/routes/jfk-scl,nonadjacent airports in flight sequence
JFK,SFO,AS32,388,https://2lnr.com/routes/jfk-sfo,flight-route mismatch
JFK,TLV,6H972,675,https://2lnr.com/routes/jfk-tlv,no independent flight-route evidence
JFK,TLV,LY20,620,https://2lnr.com/routes/jfk-tlv,flight-route mismatch
JFK,UIO,AV7397,380,https://2lnr.com/routes/jfk-uio,no independent flight-route evidence
JFK,YYZ,DL5007,109,https://2lnr.com/routes/jfk-yyz,no independent flight-route evidence
JFK,YYZ,DL5007,112,https://2lnr.com/routes/jfk-yyz,no independent flight-route evidence
JFK,YYZ,DL5106,120,https://2lnr.com/routes/jfk-yyz,no independent flight-route evidence
JFK,YYZ,DL5106,125,https://2lnr.com/routes/jfk-yyz,no independent flight-route evidence
JFK,YYZ,DL5170,118,https://2lnr.com/routes/jfk-yyz,no independent flight-route evidence
JFK,YYZ,DL5170,133,https://2lnr.com/routes/jfk-yyz,no independent flight-route evidence
JNB,CPT,4Z921,135,https://2lnr.com/routes/jnb-cpt,no independent flight-route evidence
JNB,CPT,4Z927,135,https://2lnr.com/routes/jnb-cpt,no independent flight-route evidence
JNB,CPT,4Z931,135,https://2lnr.com/routes/jnb-cpt,no independent flight-route evidence
JNB,CPT,4Z951,135,https://2lnr.com/routes/jnb-cpt,no independent flight-route evidence
JNB,CPT,FA606,140,https://2lnr.com/routes/jnb-cpt,no independent flight-route evidence
JNB,CPT,GE121,130,https://2lnr.com/routes/jnb-cpt,no independent flight-route evidence
JNB,CPT,W22021,130,https://2lnr.com/routes/jnb-cpt,no independent flight-route evidence
JNB,CPT,W22023,130,https://2lnr.com/routes/jnb-cpt,no independent flight-route evidence
JNB,CPT,W22031,130,https://2lnr.com/routes/jnb-cpt,no independent flight-route evidence
JNB,CPT,W22033,130,https://2lnr.com/routes/jnb-cpt,no independent flight-route evidence
JNB,CPT,W22041,130,https://2lnr.com/routes/jnb-cpt,no independent flight-route evidence
JNB,DUR,W22014,65,https://2lnr.com/routes/jnb-dur,no independent flight-route evidence
JNB,DUR,W22016,65,https://2lnr.com/routes/jnb-dur,no independent flight-route evidence
JNB,DUR,W22018,65,https://2lnr.com/routes/jnb-dur,no independent flight-route evidence
JNB,GRU,LA8059,625,https://2lnr.com/routes/jnb-gru,no independent flight-route evidence
JNB,GRU,LA8059,620,https://2lnr.com/routes/jnb-gru,no independent flight-route evidence
JNB,GRU,LA8059,610,https://2lnr.com/routes/jnb-gru,no independent flight-route evidence
JNB,HRE,4Z100,105,https://2lnr.com/routes/jnb-hre,flight-route mismatch
JNB,HRE,4Z102,105,https://2lnr.com/routes/jnb-hre,flight-route mismatch
JNB,HRE,4Z104,105,https://2lnr.com/routes/jnb-hre,flight-route mismatch
JNB,HRE,4Z106,105,https://2lnr.com/routes/jnb-hre,flight-route mismatch
JNB,HRE,4Z108,105,https://2lnr.com/routes/jnb-hre,flight-route mismatch
JNB,HRE,4Z98,105,https://2lnr.com/routes/jnb-hre,flight-route mismatch
JNB,HRE,5Z770,130,https://2lnr.com/routes/jnb-hre,flight-route mismatch
JNB,HRE,FA810,110,https://2lnr.com/routes/jnb-hre,flight-route mismatch
JNB,HRE,FA828,110,https://2lnr.com/routes/jnb-hre,flight-route mismatch
JNB,HRE,FN8220,105,https://2lnr.com/routes/jnb-hre,flight-route mismatch
JNB,HRE,FN8334,100,https://2lnr.com/routes/jnb-hre,no independent flight-route evidence
JNB,HRE,FN8336,110,https://2lnr.com/routes/jnb-hre,no independent flight-route evidence
JNB,HRE,SA22,105,https://2lnr.com/routes/jnb-hre,flight-route mismatch
JNB,HRE,SA24,105,https://2lnr.com/routes/jnb-hre,flight-route mismatch
JNB,IST,TK39,585,https://2lnr.com/routes/jnb-ist,no independent flight-route evidence
JNB,IST,TK43,585,https://2lnr.com/routes/jnb-ist,flight-route mismatch
JNB,LUN,4Z162,120,https://2lnr.com/routes/jnb-lun,flight-route mismatch
JNB,LUN,4Z164,120,https://2lnr.com/routes/jnb-lun,flight-route mismatch
JNB,LUN,4Z166,120,https://2lnr.com/routes/jnb-lun,no independent flight-route evidence
JNB,LUN,4Z168,120,https://2lnr.com/routes/jnb-lun,no independent flight-route evidence
JNB,LUN,P023,120,https://2lnr.com/routes/jnb-lun,flight-route mismatch
JNB,LUN,P025,120,https://2lnr.com/routes/jnb-lun,no independent flight-route evidence
JNB,LUN,P027,120,https://2lnr.com/routes/jnb-lun,no independent flight-route evidence
JNB,LUN,SA62,120,https://2lnr.com/routes/jnb-lun,flight-route mismatch
JNB,LUN,SA66,120,https://2lnr.com/routes/jnb-lun,flight-route mismatch
JNB,LUN,ZN304,140,https://2lnr.com/routes/jnb-lun,flight-route mismatch
JNB,LUN,ZN306,130,https://2lnr.com/routes/jnb-lun,flight-route mismatch
JNB,MRU,FA830,255,https://2lnr.com/routes/jnb-mru,no independent flight-route evidence
KEF,ARN,FI308,190,https://2lnr.com/routes/kef-arn,no independent flight-route evidence
KEF,BCN,OG610,260,https://2lnr.com/routes/kef-bcn,flight-route mismatch
KEF,BCN,VY6039,265,https://2lnr.com/routes/kef-bcn,no independent flight-route evidence
KEF,BER,FI528,215,https://2lnr.com/routes/kef-ber,flight-route mismatch
KEF,BOS,FI633,350,https://2lnr.com/routes/kef-bos,flight-route mismatch
KEF,BUD,W62498,265,https://2lnr.com/routes/kef-bud,flight-route mismatch
KEF,CDG,U24630,210,https://2lnr.com/routes/kef-cdg,no independent flight-route evidence
KEF,EDI,U23316,140,https://2lnr.com/routes/kef-edi,flight-route mismatch
KEF,FCO,FI562,285,https://2lnr.com/routes/kef-fco,no independent flight-route evidence
KEF,FRA,LH845,210,https://2lnr.com/routes/kef-fra,flight-route mismatch
KEF,HEL,AY992,205,https://2lnr.com/routes/kef-hel,no independent flight-route evidence
KEF,HEL,AY992,200,https://2lnr.com/routes/kef-hel,no independent flight-route evidence
KEF,HEL,AY992,200,https://2lnr.com/routes/kef-hel,no independent flight-route evidence
KEF,HEL,AY994,205,https://2lnr.com/routes/kef-hel,flight-route mismatch
KEF,HEL,AY994,205,https://2lnr.com/routes/kef-hel,flight-route mismatch
KEF,JFK,FI619,375,https://2lnr.com/routes/kef-jfk,no independent flight-route evidence
KEF,LGW,U28844,195,https://2lnr.com/routes/kef-lgw,flight-route mismatch
KEF,LIS,OG694,270,https://2lnr.com/routes/kef-lis,no independent flight-route evidence
KEF,MAD,IB1926,265,https://2lnr.com/routes/kef-mad,flight-route mismatch
KEF,MAD,OG660,265,https://2lnr.com/routes/kef-mad,flight-route mismatch
KEF,MAN,U22260,160,https://2lnr.com/routes/kef-man,no independent flight-route evidence
KEF,MUC,4Y1331,230,https://2lnr.com/routes/kef-muc,no independent flight-route evidence
KEF,MXP,U23970,255,https://2lnr.com/routes/kef-mxp,no independent flight-route evidence
KEF,MXP,U23972,255,https://2lnr.com/routes/kef-mxp,flight-route mismatch
KEF,MXP,U23976,255,https://2lnr.com/routes/kef-mxp,flight-route mismatch
KEF,MXP,U23980,255,https://2lnr.com/routes/kef-mxp,no independent flight-route evidence
KEF,MXP,W46454,255,https://2lnr.com/routes/kef-mxp,no independent flight-route evidence
KEF,MXP,W46454,250,https://2lnr.com/routes/kef-mxp,no independent flight-route evidence
KEF,OPO,OG554,240,https://2lnr.com/routes/kef-opo,no independent flight-route evidence
KEF,PRG,OG534,230,https://2lnr.com/routes/kef-prg,no independent flight-route evidence
KEF,VIE,OS974,245,https://2lnr.com/routes/kef-vie,no independent flight-route evidence
KEF,VIE,OS974,245,https://2lnr.com/routes/kef-vie,no independent flight-route evidence
KEF,WAW,LO1500,240,https://2lnr.com/routes/kef-waw,no independent flight-route evidence
KEF,YVR,FI697,465,https://2lnr.com/routes/kef-yvr,no independent flight-route evidence
KEF,YYZ,AC2103,360,https://2lnr.com/routes/kef-yyz,flight-route mismatch
KEF,ZRH,WK325,235,https://2lnr.com/routes/kef-zrh,flight-route mismatch
KEF,ZRH,WK325,245,https://2lnr.com/routes/kef-zrh,flight-route mismatch
KGL,ACC,WB220,340,https://2lnr.com/routes/kgl-acc,nonadjacent airports in flight sequence
KGL,ACC,WB220,340,https://2lnr.com/routes/kgl-acc,nonadjacent airports in flight sequence
KGL,ADD,ET816,145,https://2lnr.com/routes/kgl-add,no independent flight-route evidence
KGL,ADD,ET820,185,https://2lnr.com/routes/kgl-add,no independent flight-route evidence
KGL,ADD,ET820,185,https://2lnr.com/routes/kgl-add,no independent flight-route evidence
KGL,AMS,KL536,535,https://2lnr.com/routes/kgl-ams,flight-route mismatch
KGL,BRU,SN465,640,https://2lnr.com/routes/kgl-bru,flight-route mismatch
KGL,DAR,WB442,140,https://2lnr.com/routes/kgl-dar,nonadjacent airports in flight sequence
KGL,DOH,QR1390,365,https://2lnr.com/routes/kgl-doh,no independent flight-route evidence
KGL,DOH,WB300,350,https://2lnr.com/routes/kgl-doh,no independent flight-route evidence
KGL,DOH,WB302,360,https://2lnr.com/routes/kgl-doh,no independent flight-route evidence
KGL,EBB,WB422,60,https://2lnr.com/routes/kgl-ebb,no independent flight-route evidence
KGL,EBB,WB422,60,https://2lnr.com/routes/kgl-ebb,no independent flight-route evidence
KGL,LUN,WB112,150,https://2lnr.com/routes/kgl-lun,flight-route mismatch
KGL,LUN,WB112,150,https://2lnr.com/routes/kgl-lun,flight-route mismatch
KGL,MCT,OV372,355,https://2lnr.com/routes/kgl-mct,no independent flight-route evidence
KGL,NBO,KQ479,90,https://2lnr.com/routes/kgl-nbo,no independent flight-route evidence
KGL,NBO,WB464,90,https://2lnr.com/routes/kgl-nbo,nonadjacent airports in flight sequence
KGL,NBO,WB464,90,https://2lnr.com/routes/kgl-nbo,nonadjacent airports in flight sequence
KHI,AUH,EY293,130,https://2lnr.com/routes/khi-auh,flight-route mismatch
KHI,AUH,EY295,125,https://2lnr.com/routes/khi-auh,flight-route mismatch
KHI,AUH,EY297,130,https://2lnr.com/routes/khi-auh,flight-route mismatch
KHI,DAC,BG342,219,https://2lnr.com/routes/khi-dac,flight-route mismatch
KHI,DAC,BG342,220,https://2lnr.com/routes/khi-dac,flight-route mismatch
KHI,DMM,9P630,175,https://2lnr.com/routes/khi-dmm,no independent flight-route evidence
KHI,DOH,QR605,150,https://2lnr.com/routes/khi-doh,flight-route mismatch
KHI,DOH,QR605,150,https://2lnr.com/routes/khi-doh,flight-route mismatch
KHI,DOH,QR605,150,https://2lnr.com/routes/khi-doh,flight-route mismatch
KHI,IST,TK709,355,https://2lnr.com/routes/khi-ist,flight-route mismatch
KHI,IST,TK719,365,https://2lnr.com/routes/khi-ist,no independent flight-route evidence
KHI,JED,PK831,260,https://2lnr.com/routes/khi-jed,no independent flight-route evidence
KHI,LHE,9P848,105,https://2lnr.com/routes/khi-lhe,no independent flight-route evidence
KHI,RUH,9P610,195,https://2lnr.com/routes/khi-ruh,no independent flight-route evidence
KMG,CNX,MU7603,120,https://2lnr.com/routes/kmg-cnx,flight-route mismatch
KMG,DAC,MU2035,155,https://2lnr.com/routes/kmg-dac,flight-route mismatch
KMG,DLC,DR6591,395,https://2lnr.com/routes/kmg-dlc,nonadjacent airports in flight sequence
KMG,HKG,HB837,135,https://2lnr.com/routes/kmg-hkg,no independent flight-route evidence
KMG,HKG,HB837,140,https://2lnr.com/routes/kmg-hkg,no independent flight-route evidence
KMG,HKT,MU7601,210,https://2lnr.com/routes/kmg-hkt,flight-route mismatch
KMG,NKG,MU9778,170,https://2lnr.com/routes/kmg-nkg,flight-route mismatch
KMG,PEK,SC7960,215,https://2lnr.com/routes/kmg-pek,no independent flight-route evidence
KMG,TFU,3U6618,90,https://2lnr.com/routes/kmg-tfu,flight-route mismatch
KMG,TFU,3U6618,90,https://2lnr.com/routes/kmg-tfu,flight-route mismatch
KMG,TFU,3U6620,90,https://2lnr.com/routes/kmg-tfu,flight-route mismatch
KMG,TFU,3U6620,90,https://2lnr.com/routes/kmg-tfu,flight-route mismatch
KMG,TFU,8L9628,90,https://2lnr.com/routes/kmg-tfu,flight-route mismatch
KMG,TFU,8L9628,90,https://2lnr.com/routes/kmg-tfu,flight-route mismatch
KMG,TFU,8L9721,85,https://2lnr.com/routes/kmg-tfu,flight-route mismatch
KMG,TFU,8L9721,85,https://2lnr.com/routes/kmg-tfu,flight-route mismatch
KMG,TFU,8L9945,95,https://2lnr.com/routes/kmg-tfu,flight-route mismatch
KMG,TFU,8L9945,90,https://2lnr.com/routes/kmg-tfu,flight-route mismatch
KMG,TFU,8L9947,100,https://2lnr.com/routes/kmg-tfu,flight-route mismatch
KMG,TFU,8L9947,90,https://2lnr.com/routes/kmg-tfu,flight-route mismatch
KMG,TFU,8L9947,90,https://2lnr.com/routes/kmg-tfu,flight-route mismatch
KMG,TFU,CA2542,85,https://2lnr.com/routes/kmg-tfu,flight-route mismatch
KMG,TFU,CA2546,95,https://2lnr.com/routes/kmg-tfu,flight-route mismatch
KMG,TFU,CA2546,80,https://2lnr.com/routes/kmg-tfu,flight-route mismatch
KMG,TFU,EU1820,90,https://2lnr.com/routes/kmg-tfu,flight-route mismatch
KMG,TFU,MU5845,100,https://2lnr.com/routes/kmg-tfu,flight-route mismatch
KMG,TFU,MU5845,85,https://2lnr.com/routes/kmg-tfu,flight-route mismatch
KMG,TFU,MU5845,100,https://2lnr.com/routes/kmg-tfu,flight-route mismatch
KMG,TFU,MU5847,65,https://2lnr.com/routes/kmg-tfu,flight-route mismatch
KMG,TFU,MU5853,85,https://2lnr.com/routes/kmg-tfu,flight-route mismatch
KMG,TFU,MU5855,85,https://2lnr.com/routes/kmg-tfu,flight-route mismatch
KTM,DAC,BG372,85,https://2lnr.com/routes/ktm-dac,flight-route mismatch
KTM,DAC,BG374,85,https://2lnr.com/routes/ktm-dac,flight-route mismatch
KTM,DAC,BG374,85,https://2lnr.com/routes/ktm-dac,flight-route mismatch
KTM,DAC,H9678,90,https://2lnr.com/routes/ktm-dac,flight-route mismatch
KTM,DOH,H9353,270,https://2lnr.com/routes/ktm-doh,no independent flight-route evidence
KTM,DOH,RA253,300,https://2lnr.com/routes/ktm-doh,no independent flight-route evidence
KTM,HGH,H9225,335,https://2lnr.com/routes/ktm-hgh,no independent flight-route evidence
KTM,KWI,KU392,340,https://2lnr.com/routes/ktm-kwi,flight-route mismatch
KTM,KWI,KU394,340,https://2lnr.com/routes/ktm-kwi,flight-route mismatch
KTM,TFU,3U3902,230,https://2lnr.com/routes/ktm-tfu,flight-route mismatch
KTM,TFU,CA438,185,https://2lnr.com/routes/ktm-tfu,flight-route mismatch
KUL,AUH,EY487,415,https://2lnr.com/routes/kul-auh,flight-route mismatch
KUL,AUH,EY487,415,https://2lnr.com/routes/kul-auh,flight-route mismatch
KUL,AUH,EY489,420,https://2lnr.com/routes/kul-auh,no independent flight-route evidence
KUL,AUH,EY489,420,https://2lnr.com/routes/kul-auh,no independent flight-route evidence
KUL,BAH,D7972,460,https://2lnr.com/routes/kul-bah,no independent flight-route evidence
KUL,BAH,GF159,455,https://2lnr.com/routes/kul-bah,no independent flight-route evidence
KUL,BAH,GF159,460,https://2lnr.com/routes/kul-bah,no independent flight-route evidence
KUL,BNE,OD157,595,https://2lnr.com/routes/kul-bne,nonadjacent airports in flight sequence
KUL,CMB,MH497,205,https://2lnr.com/routes/kul-cmb,no independent flight-route evidence
KUL,DAC,AK71,230,https://2lnr.com/routes/kul-dac,flight-route mismatch
KUL,DAC,BG383,235,https://2lnr.com/routes/kul-dac,flight-route mismatch
KUL,DAC,BG387,235,https://2lnr.com/routes/kul-dac,flight-route mismatch
KUL,DAC,BG387,235,https://2lnr.com/routes/kul-dac,flight-route mismatch
KUL,DAC,BS316,235,https://2lnr.com/routes/kul-dac,flight-route mismatch
KUL,DAC,MH102,235,https://2lnr.com/routes/kul-dac,flight-route mismatch
KUL,DAC,MH196,235,https://2lnr.com/routes/kul-dac,flight-route mismatch
KUL,DAC,OD162,230,https://2lnr.com/routes/kul-dac,flight-route mismatch
KUL,DAC,OD166,235,https://2lnr.com/routes/kul-dac,flight-route mismatch
KUL,TFU,3U3994,270,https://2lnr.com/routes/kul-tfu,flight-route mismatch
KUL,TFU,3U3994,270,https://2lnr.com/routes/kul-tfu,flight-route mismatch
KUL,TFU,3U3996,285,https://2lnr.com/routes/kul-tfu,flight-route mismatch
KUL,TFU,CA484,280,https://2lnr.com/routes/kul-tfu,flight-route mismatch
KUL,TFU,D7320,280,https://2lnr.com/routes/kul-tfu,flight-route mismatch
KUL,TFU,D7326,280,https://2lnr.com/routes/kul-tfu,flight-route mismatch
KUL,TFU,MH526,305,https://2lnr.com/routes/kul-tfu,flight-route mismatch
KUL,TFU,OD672,285,https://2lnr.com/routes/kul-tfu,flight-route mismatch
KUL,TFU,OD672,285,https://2lnr.com/routes/kul-tfu,flight-route mismatch
KWI,ADD,ET621,250,https://2lnr.com/routes/kwi-add,flight-route mismatch
KWI,ADD,ET621,250,https://2lnr.com/routes/kwi-add,flight-route mismatch
KWI,AMD,6E1244,230,https://2lnr.com/routes/kwi-amd,flight-route mismatch
KWI,AMD,KU347,235,https://2lnr.com/routes/kwi-amd,flight-route mismatch
KWI,AMD,KU347,230,https://2lnr.com/routes/kwi-amd,flight-route mismatch
KWI,AMM,KU563,140,https://2lnr.com/routes/kwi-amm,flight-route mismatch
KWI,AMM,KU563,140,https://2lnr.com/routes/kwi-amm,flight-route mismatch
KWI,AMM,RJ641,141,https://2lnr.com/routes/kwi-amm,flight-route mismatch
KWI,AMM,RJ641,141,https://2lnr.com/routes/kwi-amm,flight-route mismatch
KWI,AMM,RJ641,140,https://2lnr.com/routes/kwi-amm,flight-route mismatch
KWI,AMM,RJ641,140,https://2lnr.com/routes/kwi-amm,flight-route mismatch
KWI,AMS,KU127,385,https://2lnr.com/routes/kwi-ams,flight-route mismatch
KWI,AUH,3L21,105,https://2lnr.com/routes/kwi-auh,flight-route mismatch
KWI,AUH,3L23,105,https://2lnr.com/routes/kwi-auh,flight-route mismatch
KWI,AUH,EY652,105,https://2lnr.com/routes/kwi-auh,flight-route mismatch
KWI,AUH,EY654,105,https://2lnr.com/routes/kwi-auh,flight-route mismatch
KWI,AUH,EY654,105,https://2lnr.com/routes/kwi-auh,flight-route mismatch
KWI,AUH,EY654,95,https://2lnr.com/routes/kwi-auh,flight-route mismatch
KWI,AUH,EY656,105,https://2lnr.com/routes/kwi-auh,flight-route mismatch
KWI,AUH,EY656,105,https://2lnr.com/routes/kwi-auh,flight-route mismatch
KWI,AUH,EY658,105,https://2lnr.com/routes/kwi-auh,flight-route mismatch
KWI,BAH,GF214,75,https://2lnr.com/routes/kwi-bah,flight-route mismatch
KWI,BAH,GF216,75,https://2lnr.com/routes/kwi-bah,flight-route mismatch
KWI,BAH,KU613,75,https://2lnr.com/routes/kwi-bah,flight-route mismatch
KWI,BAH,KU615,75,https://2lnr.com/routes/kwi-bah,flight-route mismatch
KWI,BCN,KU135,385,https://2lnr.com/routes/kwi-bcn,flight-route mismatch
KWI,BEY,KU501,155,https://2lnr.com/routes/kwi-bey,flight-route mismatch
KWI,BEY,KU501,155,https://2lnr.com/routes/kwi-bey,flight-route mismatch
KWI,BEY,KU503,155,https://2lnr.com/routes/kwi-bey,flight-route mismatch
KWI,BEY,ME403,140,https://2lnr.com/routes/kwi-bey,flight-route mismatch
KWI,BEY,ME405,90,https://2lnr.com/routes/kwi-bey,flight-route mismatch
KWI,BEY,ME405,165,https://2lnr.com/routes/kwi-bey,flight-route mismatch
KWI,BKK,KU411,445,https://2lnr.com/routes/kwi-bkk,flight-route mismatch
KWI,BKK,KU413,430,https://2lnr.com/routes/kwi-bkk,flight-route mismatch
KWI,BLR,IX926,305,https://2lnr.com/routes/kwi-blr,flight-route mismatch
KWI,BLR,KU353,315,https://2lnr.com/routes/kwi-blr,flight-route mismatch
KWI,BOM,KU301,255,https://2lnr.com/routes/kwi-bom,flight-route mismatch
KWI,BOM,KU301,255,https://2lnr.com/routes/kwi-bom,flight-route mismatch
KWI,BOM,KU301,255,https://2lnr.com/routes/kwi-bom,flight-route mismatch
KWI,BOM,KU303,250,https://2lnr.com/routes/kwi-bom,flight-route mismatch
KWI,BOM,KU303,250,https://2lnr.com/routes/kwi-bom,flight-route mismatch
KWI,CAI,E5213,175,https://2lnr.com/routes/kwi-cai,flight-route mismatch
KWI,CAI,KU541,170,https://2lnr.com/routes/kwi-cai,flight-route mismatch
KWI,CAI,KU541,175,https://2lnr.com/routes/kwi-cai,flight-route mismatch
KWI,CAI,KU541,175,https://2lnr.com/routes/kwi-cai,flight-route mismatch
KWI,CAI,KU541,175,https://2lnr.com/routes/kwi-cai,flight-route mismatch
KWI,CAI,KU543,170,https://2lnr.com/routes/kwi-cai,flight-route mismatch
KWI,CAI,KU545,170,https://2lnr.com/routes/kwi-cai,flight-route mismatch
KWI,CAI,KU545,175,https://2lnr.com/routes/kwi-cai,flight-route mismatch
KWI,CAI,MS611,170,https://2lnr.com/routes/kwi-cai,flight-route mismatch
KWI,CAI,MS611,170,https://2lnr.com/routes/kwi-cai,flight-route mismatch
KWI,CAI,MS611,170,https://2lnr.com/routes/kwi-cai,flight-route mismatch
KWI,CAI,MS611,170,https://2lnr.com/routes/kwi-cai,flight-route mismatch
KWI,CAI,NE201,170,https://2lnr.com/routes/kwi-cai,flight-route mismatch
KWI,CAI,NE201,170,https://2lnr.com/routes/kwi-cai,flight-route mismatch
KWI,CAI,NP162,170,https://2lnr.com/routes/kwi-cai,flight-route mismatch
KWI,CAI,NP262,170,https://2lnr.com/routes/kwi-cai,flight-route mismatch
KWI,CAN,KU419,515,https://2lnr.com/routes/kwi-can,flight-route mismatch
KWI,CDG,KU167,385,https://2lnr.com/routes/kwi-cdg,flight-route mismatch
KWI,CMB,KU363,345,https://2lnr.com/routes/kwi-cmb,no independent flight-route evidence
KWI,CMB,UL230,325,https://2lnr.com/routes/kwi-cmb,flight-route mismatch
KWI,CMB,UL230,335,https://2lnr.com/routes/kwi-cmb,flight-route mismatch
KWI,CMN,KU123,440,https://2lnr.com/routes/kwi-cmn,flight-route mismatch
KWI,CMN,KU123,440,https://2lnr.com/routes/kwi-cmn,flight-route mismatch
KWI,COK,6E1238,310,https://2lnr.com/routes/kwi-cok,flight-route mismatch
KWI,COK,IX494,320,https://2lnr.com/routes/kwi-cok,flight-route mismatch
KWI,COK,KU351,315,https://2lnr.com/routes/kwi-cok,flight-route mismatch
KWI,COK,KU357,315,https://2lnr.com/routes/kwi-cok,flight-route mismatch
KWI,DAC,BG344,380,https://2lnr.com/routes/kwi-dac,flight-route mismatch
KWI,DAC,BG344,380,https://2lnr.com/routes/kwi-dac,flight-route mismatch
KWI,DAC,BG344,330,https://2lnr.com/routes/kwi-dac,flight-route mismatch
KWI,DAC,KU283,355,https://2lnr.com/routes/kwi-dac,flight-route mismatch
KWI,DAC,KU285,350,https://2lnr.com/routes/kwi-dac,flight-route mismatch
KWI,DAC,KU285,320,https://2lnr.com/routes/kwi-dac,flight-route mismatch
KWI,DEL,6E1232,290,https://2lnr.com/routes/kwi-del,flight-route mismatch
KWI,DEL,KU381,270,https://2lnr.com/routes/kwi-del,flight-route mismatch
KWI,DEL,KU381,270,https://2lnr.com/routes/kwi-del,flight-route mismatch
KWI,DEL,KU381,255,https://2lnr.com/routes/kwi-del,flight-route mismatch
KWI,DEL,KU383,280,https://2lnr.com/routes/kwi-del,flight-route mismatch
KWI,DMM,KU743,75,https://2lnr.com/routes/kwi-dmm,flight-route mismatch
KWI,DOH,KU619,85,https://2lnr.com/routes/kwi-doh,flight-route mismatch
KWI,DOH,KU619,85,https://2lnr.com/routes/kwi-doh,flight-route mismatch
KWI,DOH,QR1071,85,https://2lnr.com/routes/kwi-doh,flight-route mismatch
KWI,DOH,QR1071,85,https://2lnr.com/routes/kwi-doh,flight-route mismatch
KWI,DOH,QR1071,85,https://2lnr.com/routes/kwi-doh,flight-route mismatch
KWI,DOH,QR1071,85,https://2lnr.com/routes/kwi-doh,flight-route mismatch
KWI,DOH,QR1073,85,https://2lnr.com/routes/kwi-doh,flight-route mismatch
KWI,DOH,QR1077,85,https://2lnr.com/routes/kwi-doh,flight-route mismatch
KWI,DOH,QR1083,85,https://2lnr.com/routes/kwi-doh,flight-route mismatch
KWI,DXB,EK858,105,https://2lnr.com/routes/kwi-dxb,flight-route mismatch
KWI,DXB,FZ54,100,https://2lnr.com/routes/kwi-dxb,flight-route mismatch
KWI,DXB,FZ56,100,https://2lnr.com/routes/kwi-dxb,no independent flight-route evidence
KWI,DXB,FZ58,105,https://2lnr.com/routes/kwi-dxb,no independent flight-route evidence
KWI,DXB,FZ60,110,https://2lnr.com/routes/kwi-dxb,flight-route mismatch
KWI,DXB,FZ64,105,https://2lnr.com/routes/kwi-dxb,no independent flight-route evidence
KWI,DXB,KU671,115,https://2lnr.com/routes/kwi-dxb,flight-route mismatch
KWI,DXB,KU671,115,https://2lnr.com/routes/kwi-dxb,flight-route mismatch
KWI,DXB,KU673,115,https://2lnr.com/routes/kwi-dxb,flight-route mismatch
KWI,DXB,KU675,115,https://2lnr.com/routes/kwi-dxb,flight-route mismatch
KWI,DXB,KU677,115,https://2lnr.com/routes/kwi-dxb,flight-route mismatch
KWI,FCO,KU165,325,https://2lnr.com/routes/kwi-fco,flight-route mismatch
KWI,FRA,KU171,395,https://2lnr.com/routes/kwi-fra,flight-route mismatch
KWI,GVA,KU161,355,https://2lnr.com/routes/kwi-gva,flight-route mismatch
KWI,GYD,KU197,145,https://2lnr.com/routes/kwi-gyd,flight-route mismatch
KWI,HYD,6E1234,290,https://2lnr.com/routes/kwi-hyd,flight-route mismatch
KWI,HYD,6E1236,290,https://2lnr.com/routes/kwi-hyd,flight-route mismatch
KWI,HYD,KU373,300,https://2lnr.com/routes/kwi-hyd,flight-route mismatch
KWI,IKA,KU515,100,https://2lnr.com/routes/kwi-ika,flight-route mismatch
KWI,ISB,KU205,270,https://2lnr.com/routes/kwi-isb,flight-route mismatch
KWI,ISB,KU205,270,https://2lnr.com/routes/kwi-isb,flight-route mismatch
KWI,IST,KU155,225,https://2lnr.com/routes/kwi-ist,flight-route mismatch
KWI,IST,KU155,225,https://2lnr.com/routes/kwi-ist,flight-route mismatch
KWI,IST,KU155,225,https://2lnr.com/routes/kwi-ist,flight-route mismatch
KWI,IST,TK771,230,https://2lnr.com/routes/kwi-ist,flight-route mismatch
KWI,JED,KU783,150,https://2lnr.com/routes/kwi-jed,flight-route mismatch
KWI,JED,KU783,150,https://2lnr.com/routes/kwi-jed,flight-route mismatch
KWI,JED,KU785,150,https://2lnr.com/routes/kwi-jed,flight-route mismatch
KWI,JED,KU787,150,https://2lnr.com/routes/kwi-jed,flight-route mismatch
KWI,JFK,KU117,810,https://2lnr.com/routes/kwi-jfk,flight-route mismatch
KWI,KTM,KU1391,310,https://2lnr.com/routes/kwi-ktm,no independent flight-route evidence
KWI,KTM,KU391,310,https://2lnr.com/routes/kwi-ktm,flight-route mismatch
KWI,KTM,KU393,310,https://2lnr.com/routes/kwi-ktm,flight-route mismatch
KWI,LHE,KU201,225,https://2lnr.com/routes/kwi-lhe,flight-route mismatch
KWI,LHE,KU201,225,https://2lnr.com/routes/kwi-lhe,flight-route mismatch
KWI,LHE,PK206,215,https://2lnr.com/routes/kwi-lhe,flight-route mismatch
KWI,LHR,KU101,405,https://2lnr.com/routes/kwi-lhr,flight-route mismatch
KWI,LHR,KU103,405,https://2lnr.com/routes/kwi-lhr,flight-route mismatch
KWI,LHR,KU107,410,https://2lnr.com/routes/kwi-lhr,flight-route mismatch
KWI,MAA,6E1242,315,https://2lnr.com/routes/kwi-maa,flight-route mismatch
KWI,MAA,KU341,315,https://2lnr.com/routes/kwi-maa,flight-route mismatch
KWI,MAA,KU343,315,https://2lnr.com/routes/kwi-maa,flight-route mismatch
KWI,MAD,KU133,440,https://2lnr.com/routes/kwi-mad,flight-route mismatch
KWI,MAN,KU113,430,https://2lnr.com/routes/kwi-man,flight-route mismatch
KWI,MCT,OV1259,120,https://2lnr.com/routes/kwi-mct,no independent flight-route evidence
KWI,MCT,OV228,120,https://2lnr.com/routes/kwi-mct,flight-route mismatch
KWI,MCT,WY644,130,https://2lnr.com/routes/kwi-mct,flight-route mismatch
KWI,MCT,WY644,130,https://2lnr.com/routes/kwi-mct,flight-route mismatch
KWI,MCT,WY646,130,https://2lnr.com/routes/kwi-mct,flight-route mismatch
KWI,MCT,WY648,130,https://2lnr.com/routes/kwi-mct,flight-route mismatch
KWI,MCT,WY648,130,https://2lnr.com/routes/kwi-mct,flight-route mismatch
KWI,MNL,KU417,590,https://2lnr.com/routes/kwi-mnl,flight-route mismatch
KWI,MXP,KU163,375,https://2lnr.com/routes/kwi-mxp,flight-route mismatch
KWI,MXP,KU163,340,https://2lnr.com/routes/kwi-mxp,flight-route mismatch
KWI,RUH,KU775,85,https://2lnr.com/routes/kwi-ruh,flight-route mismatch
KWI,RUH,KU775,85,https://2lnr.com/routes/kwi-ruh,flight-route mismatch
KWI,RUH,KU775,85,https://2lnr.com/routes/kwi-ruh,flight-route mismatch
KWI,RUH,SV511,80,https://2lnr.com/routes/kwi-ruh,flight-route mismatch
KWI,RUH,SV513,80,https://2lnr.com/routes/kwi-ruh,flight-route mismatch
KWI,RUH,SV515,80,https://2lnr.com/routes/kwi-ruh,flight-route mismatch
KWI,RUH,XY232,80,https://2lnr.com/routes/kwi-ruh,flight-route mismatch
KWI,TBS,KU191,220,https://2lnr.com/routes/kwi-tbs,flight-route mismatch
KWI,TBS,KU191,165,https://2lnr.com/routes/kwi-tbs,flight-route mismatch
LAD,FIH,DT542,70,https://2lnr.com/routes/lad-fih,no independent flight-route evidence
LAD,FIH,DT542,85,https://2lnr.com/routes/lad-fih,no independent flight-route evidence
LAD,MAD,DT658,435,https://2lnr.com/routes/lad-mad,no independent flight-route evidence
LAD,NBO,KQ772,245,https://2lnr.com/routes/lad-nbo,no independent flight-route evidence
LAS,ANC,AS1517,334,https://2lnr.com/routes/las-anc,no independent flight-route evidence
LAS,BOS,DL1159,317,https://2lnr.com/routes/las-bos,flight-route mismatch
LAS,BOS,DL931,311,https://2lnr.com/routes/las-bos,flight-route mismatch
LAS,BOS,DL931,312,https://2lnr.com/routes/las-bos,flight-route mismatch
LAS,CDG,AF57,615,https://2lnr.com/routes/las-cdg,flight-route mismatch
LAS,CLT,AA1665,266,https://2lnr.com/routes/las-clt,flight-route mismatch
LAS,CLT,AA2100,265,https://2lnr.com/routes/las-clt,flight-route mismatch
LAS,CLT,AA2130,265,https://2lnr.com/routes/las-clt,flight-route mismatch
LAS,CLT,AA846,251,https://2lnr.com/routes/las-clt,flight-route mismatch
LAS,DEN,UA2126,128,https://2lnr.com/routes/las-den,flight-route mismatch
LAS,DEN,UA484,123,https://2lnr.com/routes/las-den,flight-route mismatch
LAS,DTW,DL851,226,https://2lnr.com/routes/las-dtw,flight-route mismatch
LAS,DTW,DL851,238,https://2lnr.com/routes/las-dtw,flight-route mismatch
LAS,DUB,EI50,600,https://2lnr.com/routes/las-dub,flight-route mismatch
LAS,DUB,EI50,600,https://2lnr.com/routes/las-dub,flight-route mismatch
LAS,EWR,UA611,300,https://2lnr.com/routes/las-ewr,flight-route mismatch
LAS,IAH,UA1864,193,https://2lnr.com/routes/las-iah,flight-route mismatch
LAS,JFK,AA1175,309,https://2lnr.com/routes/las-jfk,flight-route mismatch
LAS,LAX,AA6425,79,https://2lnr.com/routes/las-lax,no independent flight-route evidence
LAS,LAX,AA6511,80,https://2lnr.com/routes/las-lax,flight-route mismatch
LAS,LAX,UA1803,81,https://2lnr.com/routes/las-lax,flight-route mismatch
LAS,LAX,UA5612,88,https://2lnr.com/routes/las-lax,flight-route mismatch
LAS,LHR,VS156,595,https://2lnr.com/routes/las-lhr,no independent flight-route evidence
LAS,MIA,AA1622,273,https://2lnr.com/routes/las-mia,flight-route mismatch
LAS,MIA,AA751,296,https://2lnr.com/routes/las-mia,flight-route mismatch
LAS,PDX,AS1345,142,https://2lnr.com/routes/las-pdx,flight-route mismatch
LAS,PDX,AS1345,142,https://2lnr.com/routes/las-pdx,flight-route mismatch
LAS,PDX,AS1502,142,https://2lnr.com/routes/las-pdx,no independent flight-route evidence
LAS,PDX,AS752,146,https://2lnr.com/routes/las-pdx,flight-route mismatch
LAS,PDX,AS752,146,https://2lnr.com/routes/las-pdx,flight-route mismatch
LAS,PDX,AS752,146,https://2lnr.com/routes/las-pdx,flight-route mismatch
LAS,PDX,AS790,141,https://2lnr.com/routes/las-pdx,flight-route mismatch
LAS,PDX,AS790,141,https://2lnr.com/routes/las-pdx,flight-route mismatch
LAS,PHL,AA1614,286,https://2lnr.com/routes/las-phl,flight-route mismatch
LAS,PHL,AA1614,288,https://2lnr.com/routes/las-phl,flight-route mismatch
LAS,PHL,AA2180,288,https://2lnr.com/routes/las-phl,flight-route mismatch
LAS,PHX,AA1565,74,https://2lnr.com/routes/las-phx,flight-route mismatch
LAS,PHX,AA1568,79,https://2lnr.com/routes/las-phx,flight-route mismatch
LAS,PHX,AA1613,79,https://2lnr.com/routes/las-phx,flight-route mismatch
LAS,PHX,AA3022,79,https://2lnr.com/routes/las-phx,flight-route mismatch
LAS,PHX,AA3183,75,https://2lnr.com/routes/las-phx,flight-route mismatch
LAS,SAN,AS2041,82,https://2lnr.com/routes/las-san,no independent flight-route evidence
LAS,SAN,AS2165,82,https://2lnr.com/routes/las-san,no independent flight-route evidence
LAS,SAN,AS2168,81,https://2lnr.com/routes/las-san,no independent flight-route evidence
LAS,SAN,AS2213,82,https://2lnr.com/routes/las-san,no independent flight-route evidence
LAS,SAN,AS2365,82,https://2lnr.com/routes/las-san,no independent flight-route evidence
LAS,SAN,AS2464,92,https://2lnr.com/routes/las-san,no independent flight-route evidence
LAS,SAN,AS2482,87,https://2lnr.com/routes/las-san,no independent flight-route evidence
LAS,SAN,AS3324,92,https://2lnr.com/routes/las-san,no independent flight-route evidence
LAS,SAN,DL3741,82,https://2lnr.com/routes/las-san,no independent flight-route evidence
LAS,SAN,DL3741,81,https://2lnr.com/routes/las-san,no independent flight-route evidence
LAS,SEA,AS691,165,https://2lnr.com/routes/las-sea,flight-route mismatch
LAS,SEA,AS738,169,https://2lnr.com/routes/las-sea,flight-route mismatch
LAS,SEA,AS738,169,https://2lnr.com/routes/las-sea,flight-route mismatch
LAS,SFO,AS565,102,https://2lnr.com/routes/las-sfo,flight-route mismatch
LAS,SLC,DL1690,89,https://2lnr.com/routes/las-slc,flight-route mismatch
LAS,SLC,DL1893,91,https://2lnr.com/routes/las-slc,flight-route mismatch
LAS,YUL,AC1708,295,https://2lnr.com/routes/las-yul,no independent flight-route evidence
LAS,YVR,AC1773,166,https://2lnr.com/routes/las-yvr,no independent flight-route evidence
LAS,YVR,AC1775,166,https://2lnr.com/routes/las-yvr,flight-route mismatch
LAS,YVR,WS1003,175,https://2lnr.com/routes/las-yvr,no independent flight-route evidence
LAS,YVR,WS1065,175,https://2lnr.com/routes/las-yvr,no independent flight-route evidence
LAS,YYZ,AC1702,263,https://2lnr.com/routes/las-yyz,no independent flight-route evidence
LAS,YYZ,AC1704,259,https://2lnr.com/routes/las-yyz,no independent flight-route evidence
LAX,ANC,AS43,337,https://2lnr.com/routes/lax-anc,flight-route mismatch
LAX,ANC,AS43,337,https://2lnr.com/routes/lax-anc,flight-route mismatch
LAX,ANC,AS43,337,https://2lnr.com/routes/lax-anc,flight-route mismatch
LAX,ATL,AA1141,261,https://2lnr.com/routes/lax-atl,flight-route mismatch
LAX,ATL,DL8800,256,https://2lnr.com/routes/lax-atl,flight-route mismatch
LAX,BOS,AA2407,337,https://2lnr.com/routes/lax-bos,flight-route mismatch
LAX,BOS,AA2713,333,https://2lnr.com/routes/lax-bos,flight-route mismatch
LAX,BOS,DL2130,359,https://2lnr.com/routes/lax-bos,flight-route mismatch
LAX,BOS,UA1221,339,https://2lnr.com/routes/lax-bos,flight-route mismatch
LAX,BOS,UA387,339,https://2lnr.com/routes/lax-bos,flight-route mismatch
LAX,CLT,AA1105,285,https://2lnr.com/routes/lax-clt,flight-route mismatch
LAX,CLT,AA1325,273,https://2lnr.com/routes/lax-clt,flight-route mismatch
LAX,CLT,AA1988,297,https://2lnr.com/routes/lax-clt,flight-route mismatch
LAX,CLT,AA1988,296,https://2lnr.com/routes/lax-clt,flight-route mismatch
LAX,CLT,AA535,285,https://2lnr.com/routes/lax-clt,flight-route mismatch
LAX,DEN,AA4948,150,https://2lnr.com/routes/lax-den,no independent flight-route evidence
LAX,DEN,AA6376,148,https://2lnr.com/routes/lax-den,no independent flight-route evidence
LAX,DEN,AA6376,148,https://2lnr.com/routes/lax-den,no independent flight-route evidence
LAX,DEN,AA6451,151,https://2lnr.com/routes/lax-den,no independent flight-route evidence
LAX,DEN,AA6517,147,https://2lnr.com/routes/lax-den,no independent flight-route evidence
LAX,DEN,UA652,144,https://2lnr.com/routes/lax-den,flight-route mismatch
LAX,DFW,AA2148,194,https://2lnr.com/routes/lax-dfw,flight-route mismatch
LAX,DFW,AA2850,191,https://2lnr.com/routes/lax-dfw,flight-route mismatch
LAX,DFW,AA2890,194,https://2lnr.com/routes/lax-dfw,flight-route mismatch
LAX,DFW,AA3035,185,https://2lnr.com/routes/lax-dfw,flight-route mismatch
LAX,DFW,AA3317,193,https://2lnr.com/routes/lax-dfw,flight-route mismatch
LAX,DFW,AA922,193,https://2lnr.com/routes/lax-dfw,flight-route mismatch
LAX,DFW,AA968,185,https://2lnr.com/routes/lax-dfw,flight-route mismatch
LAX,DUB,EI68,620,https://2lnr.com/routes/lax-dub,flight-route mismatch
LAX,EWR,UA1150,332,https://2lnr.com/routes/lax-ewr,flight-route mismatch
LAX,EWR,UA576,327,https://2lnr.com/routes/lax-ewr,flight-route mismatch
LAX,GRU,LA8087,695,https://2lnr.com/routes/lax-gru,no independent flight-route evidence
LAX,GUA,AV641,280,https://2lnr.com/routes/lax-gua,no independent flight-route evidence
LAX,HNL,AS556,365,https://2lnr.com/routes/lax-hnl,flight-route mismatch
LAX,HNL,AS556,365,https://2lnr.com/routes/lax-hnl,flight-route mismatch
LAX,IAD,AA3071,290,https://2lnr.com/routes/lax-iad,flight-route mismatch
LAX,IAD,UA1164,301,https://2lnr.com/routes/lax-iad,flight-route mismatch
LAX,IAD,UA1506,300,https://2lnr.com/routes/lax-iad,flight-route mismatch
LAX,IAD,UA1506,301,https://2lnr.com/routes/lax-iad,flight-route mismatch
LAX,IAD,UA2372,298,https://2lnr.com/routes/lax-iad,flight-route mismatch
LAX,IAD,UA2372,299,https://2lnr.com/routes/lax-iad,flight-route mismatch
LAX,IAH,AA4923,203,https://2lnr.com/routes/lax-iah,no independent flight-route evidence
LAX,IAH,AA4998,208,https://2lnr.com/routes/lax-iah,no independent flight-route evidence
LAX,IAH,AA4998,211,https://2lnr.com/routes/lax-iah,no independent flight-route evidence
LAX,IST,TK180,790,https://2lnr.com/routes/lax-ist,no independent flight-route evidence
LAX,LAS,AA6425,80,https://2lnr.com/routes/lax-las,no independent flight-route evidence
LAX,LAS,AA6511,76,https://2lnr.com/routes/lax-las,flight-route mismatch
LAX,LAS,UA1108,78,https://2lnr.com/routes/lax-las,flight-route mismatch
LAX,LAS,UA2403,79,https://2lnr.com/routes/lax-las,flight-route mismatch
LAX,LAS,UA371,79,https://2lnr.com/routes/lax-las,flight-route mismatch
LAX,LIM,LA2477,520,https://2lnr.com/routes/lax-lim,no independent flight-route evidence
LAX,LIM,LA2479,515,https://2lnr.com/routes/lax-lim,no independent flight-route evidence
LAX,LIM,LA535,485,https://2lnr.com/routes/lax-lim,flight-route mismatch
LAX,MCO,AA165,294,https://2lnr.com/routes/lax-mco,flight-route mismatch
LAX,MCO,AA1999,288,https://2lnr.com/routes/lax-mco,flight-route mismatch
LAX,MCO,AA3017,288,https://2lnr.com/routes/lax-mco,flight-route mismatch
LAX,MIA,AA1110,299,https://2lnr.com/routes/lax-mia,flight-route mismatch
LAX,MIA,AA1717,300,https://2lnr.com/routes/lax-mia,flight-route mismatch
LAX,MIA,AA2290,292,https://2lnr.com/routes/lax-mia,flight-route mismatch
LAX,MIA,AA2460,300,https://2lnr.com/routes/lax-mia,flight-route mismatch
LAX,MIA,AA3078,298,https://2lnr.com/routes/lax-mia,flight-route mismatch
LAX,MIA,AA3288,291,https://2lnr.com/routes/lax-mia,flight-route mismatch
LAX,PDX,AA6424,145,https://2lnr.com/routes/lax-pdx,no independent flight-route evidence
LAX,PDX,AA6424,150,https://2lnr.com/routes/lax-pdx,no independent flight-route evidence
LAX,PDX,AS670,150,https://2lnr.com/routes/lax-pdx,flight-route mismatch
LAX,PDX,AS670,150,https://2lnr.com/routes/lax-pdx,flight-route mismatch
LAX,PHL,AA1227,314,https://2lnr.com/routes/lax-phl,flight-route mismatch
LAX,PHL,AA1407,314,https://2lnr.com/routes/lax-phl,flight-route mismatch
LAX,PHL,AA2066,314,https://2lnr.com/routes/lax-phl,flight-route mismatch
LAX,PHL,AA538,314,https://2lnr.com/routes/lax-phl,flight-route mismatch
LAX,PHX,AA2174,87,https://2lnr.com/routes/lax-phx,flight-route mismatch
LAX,PHX,AA3076,87,https://2lnr.com/routes/lax-phx,flight-route mismatch
LAX,PHX,DL3827,88,https://2lnr.com/routes/lax-phx,no independent flight-route evidence
LAX,PHX,DL3894,91,https://2lnr.com/routes/lax-phx,no independent flight-route evidence
LAX,PHX,DL3951,88,https://2lnr.com/routes/lax-phx,no independent flight-route evidence
LAX,PHX,DL4077,91,https://2lnr.com/routes/lax-phx,no independent flight-route evidence
LAX,PHX,DL4119,92,https://2lnr.com/routes/lax-phx,no independent flight-route evidence
LAX,PHX,UA374,88,https://2lnr.com/routes/lax-phx,flight-route mismatch
LAX,PHX,UA5419,98,https://2lnr.com/routes/lax-phx,flight-route mismatch
LAX,PHX,UA5425,100,https://2lnr.com/routes/lax-phx,flight-route mismatch
LAX,PHX,UA5441,99,https://2lnr.com/routes/lax-phx,flight-route mismatch
LAX,PHX,UA5662,100,https://2lnr.com/routes/lax-phx,flight-route mismatch
LAX,SAL,AV521,300,https://2lnr.com/routes/lax-sal,no independent flight-route evidence
LAX,SAL,AV523,300,https://2lnr.com/routes/lax-sal,no independent flight-route evidence
LAX,SAL,AV523,300,https://2lnr.com/routes/lax-sal,no independent flight-route evidence
LAX,SAL,AV529,300,https://2lnr.com/routes/lax-sal,no independent flight-route evidence
LAX,SAN,DL3716,60,https://2lnr.com/routes/lax-san,no independent flight-route evidence
LAX,SAN,DL3716,62,https://2lnr.com/routes/lax-san,no independent flight-route evidence
LAX,SAN,DL4001,60,https://2lnr.com/routes/lax-san,no independent flight-route evidence
LAX,SEA,AA6438,177,https://2lnr.com/routes/lax-sea,no independent flight-route evidence
LAX,SEA,AA6476,179,https://2lnr.com/routes/lax-sea,no independent flight-route evidence
LAX,SEA,UA5271,179,https://2lnr.com/routes/lax-sea,flight-route mismatch
LAX,SEA,UA5736,185,https://2lnr.com/routes/lax-sea,flight-route mismatch
LAX,SEA,UA6047,179,https://2lnr.com/routes/lax-sea,flight-route mismatch
LAX,SFO,AA6260,98,https://2lnr.com/routes/lax-sfo,no independent flight-route evidence
LAX,SFO,AA6274,98,https://2lnr.com/routes/lax-sfo,no independent flight-route evidence
LAX,SFO,AA6276,89,https://2lnr.com/routes/lax-sfo,no independent flight-route evidence
LAX,SFO,AA6277,98,https://2lnr.com/routes/lax-sfo,no independent flight-route evidence
LAX,SFO,AS1364,90,https://2lnr.com/routes/lax-sfo,flight-route mismatch
LAX,SFO,AS1411,85,https://2lnr.com/routes/lax-sfo,flight-route mismatch
LAX,SFO,AS1456,91,https://2lnr.com/routes/lax-sfo,flight-route mismatch
LAX,SFO,AS2427,86,https://2lnr.com/routes/lax-sfo,no independent flight-route evidence
LAX,SFO,AS309,85,https://2lnr.com/routes/lax-sfo,flight-route mismatch
LAX,SFO,AS361,85,https://2lnr.com/routes/lax-sfo,flight-route mismatch
LAX,SFO,UA2837,92,https://2lnr.com/routes/lax-sfo,flight-route mismatch
LAX,SLC,DL8785,112,https://2lnr.com/routes/lax-slc,flight-route mismatch
LAX,SLC,UA4629,117,https://2lnr.com/routes/lax-slc,flight-route mismatch
LAX,SLC,UA5307,114,https://2lnr.com/routes/lax-slc,flight-route mismatch
LAX,TFU,3U3838,945,https://2lnr.com/routes/lax-tfu,flight-route mismatch
LAX,TPA,UA392,289,https://2lnr.com/routes/lax-tpa,flight-route mismatch
LAX,YEG,WS1011,200,https://2lnr.com/routes/lax-yeg,no independent flight-route evidence
LAX,YVR,AA6303,198,https://2lnr.com/routes/lax-yvr,no independent flight-route evidence
LAX,YVR,AC1743,177,https://2lnr.com/routes/lax-yvr,flight-route mismatch
LAX,YVR,AC1745,177,https://2lnr.com/routes/lax-yvr,flight-route mismatch
LAX,YVR,AC1747,177,https://2lnr.com/routes/lax-yvr,no independent flight-route evidence
LAX,YVR,AC1749,177,https://2lnr.com/routes/lax-yvr,flight-route mismatch
LAX,YYC,WS1015,185,https://2lnr.com/routes/lax-yyc,no independent flight-route evidence
LAX,YYC,WS1015,185,https://2lnr.com/routes/lax-yyc,no independent flight-route evidence
LED,DXB,FZ908,380,https://2lnr.com/routes/led-dxb,flight-route mismatch
LED,DXB,FZ992,415,https://2lnr.com/routes/led-dxb,no independent flight-route evidence
LED,GYD,J2140,260,https://2lnr.com/routes/led-gyd,no independent flight-route evidence
LED,IST,TK400,240,https://2lnr.com/routes/led-ist,no independent flight-route evidence
LED,IST,TK402,235,https://2lnr.com/routes/led-ist,flight-route mismatch
LED,IST,TK404,230,https://2lnr.com/routes/led-ist,no independent flight-route evidence
LED,IST,TK404,230,https://2lnr.com/routes/led-ist,no independent flight-route evidence
LED,TFU,3U3816,460,https://2lnr.com/routes/led-tfu,flight-route mismatch
LGW,AMS,U28672,80,https://2lnr.com/routes/lgw-ams,flight-route mismatch
LGW,AMS,U28672,80,https://2lnr.com/routes/lgw-ams,flight-route mismatch
LGW,AMS,U28674,80,https://2lnr.com/routes/lgw-ams,flight-route mismatch
LGW,AMS,U28680,80,https://2lnr.com/routes/lgw-ams,flight-route mismatch
LGW,AMS,U28680,75,https://2lnr.com/routes/lgw-ams,flight-route mismatch
LGW,AMS,U28682,80,https://2lnr.com/routes/lgw-ams,flight-route mismatch
LGW,AMS,U28682,80,https://2lnr.com/routes/lgw-ams,flight-route mismatch
LGW,AMS,U28684,80,https://2lnr.com/routes/lgw-ams,flight-route mismatch
LGW,AMS,U28684,80,https://2lnr.com/routes/lgw-ams,flight-route mismatch
LGW,AMS,U28684,75,https://2lnr.com/routes/lgw-ams,flight-route mismatch
LGW,AMS,U28686,80,https://2lnr.com/routes/lgw-ams,flight-route mismatch
LGW,AMS,U28686,80,https://2lnr.com/routes/lgw-ams,flight-route mismatch
LGW,AMS,U28688,80,https://2lnr.com/routes/lgw-ams,no independent flight-route evidence
LGW,ARN,D84452,155,https://2lnr.com/routes/lgw-arn,no independent flight-route evidence
LGW,ARN,D84452,155,https://2lnr.com/routes/lgw-arn,no independent flight-route evidence
LGW,ARN,D84456,155,https://2lnr.com/routes/lgw-arn,no independent flight-route evidence
LGW,ARN,D84456,155,https://2lnr.com/routes/lgw-arn,no independent flight-route evidence
LGW,ARN,D84460,155,https://2lnr.com/routes/lgw-arn,no independent flight-route evidence
LGW,ARN,D84460,155,https://2lnr.com/routes/lgw-arn,no independent flight-route evidence
LGW,ATH,GQ701,215,https://2lnr.com/routes/lgw-ath,no independent flight-route evidence
LGW,ATH,U28181,220,https://2lnr.com/routes/lgw-ath,flight-route mismatch
LGW,ATH,U28181,220,https://2lnr.com/routes/lgw-ath,flight-route mismatch
LGW,ATH,U28183,220,https://2lnr.com/routes/lgw-ath,flight-route mismatch
LGW,ATH,U28183,225,https://2lnr.com/routes/lgw-ath,flight-route mismatch
LGW,ATH,U28183,220,https://2lnr.com/routes/lgw-ath,flight-route mismatch
LGW,ATH,U28185,225,https://2lnr.com/routes/lgw-ath,flight-route mismatch
LGW,ATH,U28185,225,https://2lnr.com/routes/lgw-ath,flight-route mismatch
LGW,BCN,U28055,130,https://2lnr.com/routes/lgw-bcn,flight-route mismatch
LGW,BCN,U28055,125,https://2lnr.com/routes/lgw-bcn,flight-route mismatch
LGW,BCN,U28057,130,https://2lnr.com/routes/lgw-bcn,no independent flight-route evidence
LGW,BCN,U28059,130,https://2lnr.com/routes/lgw-bcn,no independent flight-route evidence
LGW,BCN,U28059,130,https://2lnr.com/routes/lgw-bcn,no independent flight-route evidence
LGW,BCN,U28061,130,https://2lnr.com/routes/lgw-bcn,no independent flight-route evidence
LGW,BCN,U28061,125,https://2lnr.com/routes/lgw-bcn,no independent flight-route evidence
LGW,BCN,VY6009,140,https://2lnr.com/routes/lgw-bcn,flight-route mismatch
LGW,BCN,VY6019,135,https://2lnr.com/routes/lgw-bcn,flight-route mismatch
LGW,BCN,VY6027,135,https://2lnr.com/routes/lgw-bcn,no independent flight-route evidence
LGW,BCN,VY6629,135,https://2lnr.com/routes/lgw-bcn,no independent flight-route evidence
LGW,BCN,VY7833,135,https://2lnr.com/routes/lgw-bcn,no independent flight-route evidence
LGW,BER,U28623,115,https://2lnr.com/routes/lgw-ber,flight-route mismatch
LGW,BER,U28623,115,https://2lnr.com/routes/lgw-ber,flight-route mismatch
LGW,BER,U28625,115,https://2lnr.com/routes/lgw-ber,flight-route mismatch
LGW,BER,U28625,115,https://2lnr.com/routes/lgw-ber,flight-route mismatch
LGW,BER,U28627,115,https://2lnr.com/routes/lgw-ber,flight-route mismatch
LGW,BER,U28627,115,https://2lnr.com/routes/lgw-ber,flight-route mismatch
LGW,BER,U28627,115,https://2lnr.com/routes/lgw-ber,flight-route mismatch
LGW,BER,U28627,120,https://2lnr.com/routes/lgw-ber,flight-route mismatch
LGW,BER,U28629,115,https://2lnr.com/routes/lgw-ber,flight-route mismatch
LGW,BER,U28629,120,https://2lnr.com/routes/lgw-ber,flight-route mismatch
LGW,BER,U28629,115,https://2lnr.com/routes/lgw-ber,flight-route mismatch
LGW,BUD,U28735,150,https://2lnr.com/routes/lgw-bud,flight-route mismatch
LGW,BUD,W62222,155,https://2lnr.com/routes/lgw-bud,flight-route mismatch
LGW,CDG,AF1705,75,https://2lnr.com/routes/lgw-cdg,flight-route mismatch
LGW,CDG,AF1707,75,https://2lnr.com/routes/lgw-cdg,flight-route mismatch
LGW,CDG,U28407,80,https://2lnr.com/routes/lgw-cdg,flight-route mismatch
LGW,CDG,U28407,80,https://2lnr.com/routes/lgw-cdg,flight-route mismatch
LGW,CDG,U28409,80,https://2lnr.com/routes/lgw-cdg,flight-route mismatch
LGW,CDG,U28409,80,https://2lnr.com/routes/lgw-cdg,flight-route mismatch
LGW,CDG,U28411,80,https://2lnr.com/routes/lgw-cdg,flight-route mismatch
LGW,CDG,U28411,80,https://2lnr.com/routes/lgw-cdg,flight-route mismatch
LGW,CDG,U28459,80,https://2lnr.com/routes/lgw-cdg,no independent flight-route evidence
LGW,CPH,U28719,120,https://2lnr.com/routes/lgw-cph,flight-route mismatch
LGW,DUB,FR1112,85,https://2lnr.com/routes/lgw-dub,flight-route mismatch
LGW,DUB,FR127,85,https://2lnr.com/routes/lgw-dub,flight-route mismatch
LGW,EDI,U2808,90,https://2lnr.com/routes/lgw-edi,flight-route mismatch
LGW,EDI,U2810,90,https://2lnr.com/routes/lgw-edi,flight-route mismatch
LGW,EDI,U2810,85,https://2lnr.com/routes/lgw-edi,flight-route mismatch
LGW,EDI,U2812,90,https://2lnr.com/routes/lgw-edi,flight-route mismatch
LGW,EDI,U2829,90,https://2lnr.com/routes/lgw-edi,flight-route mismatch
LGW,EDI,U2829,90,https://2lnr.com/routes/lgw-edi,flight-route mismatch
LGW,FCO,U28323,160,https://2lnr.com/routes/lgw-fco,no independent flight-route evidence
LGW,FCO,U28323,160,https://2lnr.com/routes/lgw-fco,no independent flight-route evidence
LGW,FCO,U28325,160,https://2lnr.com/routes/lgw-fco,flight-route mismatch
LGW,FCO,U28325,160,https://2lnr.com/routes/lgw-fco,flight-route mismatch
LGW,FCO,U28325,165,https://2lnr.com/routes/lgw-fco,flight-route mismatch
LGW,FCO,U28327,155,https://2lnr.com/routes/lgw-fco,flight-route mismatch
LGW,FCO,U28329,155,https://2lnr.com/routes/lgw-fco,no independent flight-route evidence
LGW,FCO,U28329,155,https://2lnr.com/routes/lgw-fco,no independent flight-route evidence
LGW,FCO,U28329,160,https://2lnr.com/routes/lgw-fco,no independent flight-route evidence
LGW,FRA,DE4244,90,https://2lnr.com/routes/lgw-fra,no independent flight-route evidence
LGW,FRA,DE4316,90,https://2lnr.com/routes/lgw-fra,no independent flight-route evidence
LGW,GVA,U28489,100,https://2lnr.com/routes/lgw-gva,no independent flight-route evidence
LGW,GVA,U28495,100,https://2lnr.com/routes/lgw-gva,flight-route mismatch
LGW,GVA,U28495,100,https://2lnr.com/routes/lgw-gva,flight-route mismatch
LGW,GVA,U28495,100,https://2lnr.com/routes/lgw-gva,flight-route mismatch
LGW,GVA,U28503,100,https://2lnr.com/routes/lgw-gva,flight-route mismatch
LGW,HAM,U28635,100,https://2lnr.com/routes/lgw-ham,flight-route mismatch
LGW,HAM,U28635,100,https://2lnr.com/routes/lgw-ham,flight-route mismatch
LGW,HRE,UM725,630,https://2lnr.com/routes/lgw-hre,flight-route mismatch
LGW,IST,TK1982,240,https://2lnr.com/routes/lgw-ist,flight-route mismatch
LGW,IST,TK1998,235,https://2lnr.com/routes/lgw-ist,flight-route mismatch
LGW,IST,W95729,235,https://2lnr.com/routes/lgw-ist,no independent flight-route evidence
LGW,IST,W95729,240,https://2lnr.com/routes/lgw-ist,no independent flight-route evidence
LGW,IST,W95729,230,https://2lnr.com/routes/lgw-ist,no independent flight-route evidence
LGW,KEF,U28843,200,https://2lnr.com/routes/lgw-kef,flight-route mismatch
LGW,KEF,U28843,200,https://2lnr.com/routes/lgw-kef,flight-route mismatch
LGW,LIS,U28511,170,https://2lnr.com/routes/lgw-lis,flight-route mismatch
LGW,LIS,U28517,170,https://2lnr.com/routes/lgw-lis,no independent flight-route evidence
LGW,LIS,U28517,170,https://2lnr.com/routes/lgw-lis,no independent flight-route evidence
LGW,MAD,IB1862,150,https://2lnr.com/routes/lgw-mad,no independent flight-route evidence
LGW,MAD,IB1862,150,https://2lnr.com/routes/lgw-mad,no independent flight-route evidence
LGW,MAD,IB1864,139,https://2lnr.com/routes/lgw-mad,no independent flight-route evidence
LGW,MAD,U28019,150,https://2lnr.com/routes/lgw-mad,no independent flight-route evidence
LGW,MAD,U28019,150,https://2lnr.com/routes/lgw-mad,no independent flight-route evidence
LGW,MAD,U28019,145,https://2lnr.com/routes/lgw-mad,no independent flight-route evidence
LGW,MCO,Z0783,565,https://2lnr.com/routes/lgw-mco,no independent flight-route evidence
LGW,MCO,Z0783,565,https://2lnr.com/routes/lgw-mco,no independent flight-route evidence
LGW,MUC,U28637,115,https://2lnr.com/routes/lgw-muc,flight-route mismatch
LGW,MUC,U28637,115,https://2lnr.com/routes/lgw-muc,flight-route mismatch
LGW,MUC,U28637,115,https://2lnr.com/routes/lgw-muc,flight-route mismatch
LGW,MUC,U28641,115,https://2lnr.com/routes/lgw-muc,flight-route mismatch
LGW,MUC,U28641,115,https://2lnr.com/routes/lgw-muc,flight-route mismatch
LGW,MXP,U28144,120,https://2lnr.com/routes/lgw-mxp,no independent flight-route evidence
LGW,MXP,U28147,110,https://2lnr.com/routes/lgw-mxp,flight-route mismatch
LGW,MXP,U28147,120,https://2lnr.com/routes/lgw-mxp,flight-route mismatch
LGW,MXP,U28147,115,https://2lnr.com/routes/lgw-mxp,flight-route mismatch
LGW,MXP,U28149,115,https://2lnr.com/routes/lgw-mxp,flight-route mismatch
LGW,MXP,U28149,115,https://2lnr.com/routes/lgw-mxp,flight-route mismatch
LGW,MXP,U28149,120,https://2lnr.com/routes/lgw-mxp,flight-route mismatch
LGW,MXP,U28279,120,https://2lnr.com/routes/lgw-mxp,flight-route mismatch
LGW,MXP,U28301,120,https://2lnr.com/routes/lgw-mxp,flight-route mismatch
LGW,MXP,U28305,115,https://2lnr.com/routes/lgw-mxp,flight-route mismatch
LGW,MXP,U28305,120,https://2lnr.com/routes/lgw-mxp,flight-route mismatch
LGW,MXP,U28354,120,https://2lnr.com/routes/lgw-mxp,flight-route mismatch
LGW,NCE,BA2574,140,https://2lnr.com/routes/lgw-nce,flight-route mismatch
LGW,NCE,BA2574,135,https://2lnr.com/routes/lgw-nce,flight-route mismatch
LGW,NCE,BA2576,135,https://2lnr.com/routes/lgw-nce,flight-route mismatch
LGW,NCE,BA2576,135,https://2lnr.com/routes/lgw-nce,flight-route mismatch
LGW,NCE,U28417,125,https://2lnr.com/routes/lgw-nce,flight-route mismatch
LGW,NCE,U28417,125,https://2lnr.com/routes/lgw-nce,flight-route mismatch
LGW,NCE,U28419,125,https://2lnr.com/routes/lgw-nce,flight-route mismatch
LGW,NCE,U28419,125,https://2lnr.com/routes/lgw-nce,flight-route mismatch
LGW,NCE,U28421,125,https://2lnr.com/routes/lgw-nce,flight-route mismatch
LGW,NCE,U28423,125,https://2lnr.com/routes/lgw-nce,flight-route mismatch
LGW,NCE,U28423,125,https://2lnr.com/routes/lgw-nce,flight-route mismatch
LGW,NCE,U28425,125,https://2lnr.com/routes/lgw-nce,flight-route mismatch
LGW,NCE,U28425,125,https://2lnr.com/routes/lgw-nce,flight-route mismatch
LGW,NCE,U28425,130,https://2lnr.com/routes/lgw-nce,flight-route mismatch
LGW,NCE,U28427,125,https://2lnr.com/routes/lgw-nce,flight-route mismatch
LGW,NCE,U28427,125,https://2lnr.com/routes/lgw-nce,flight-route mismatch
LGW,NCE,U28427,125,https://2lnr.com/routes/lgw-nce,flight-route mismatch
LGW,OPO,BA2666,160,https://2lnr.com/routes/lgw-opo,flight-route mismatch
LGW,OPO,BA2666,165,https://2lnr.com/routes/lgw-opo,flight-route mismatch
LGW,OPO,BA2666,155,https://2lnr.com/routes/lgw-opo,flight-route mismatch
LGW,OPO,BA2668,165,https://2lnr.com/routes/lgw-opo,flight-route mismatch
LGW,OPO,BA2668,150,https://2lnr.com/routes/lgw-opo,flight-route mismatch
LGW,OPO,U28577,150,https://2lnr.com/routes/lgw-opo,flight-route mismatch
LGW,PRG,U28783,120,https://2lnr.com/routes/lgw-prg,flight-route mismatch
LGW,PRG,U28783,115,https://2lnr.com/routes/lgw-prg,flight-route mismatch
LGW,PRG,W95775,125,https://2lnr.com/routes/lgw-prg,no independent flight-route evidence
LGW,RAK,BA2810,165,https://2lnr.com/routes/lgw-rak,flight-route mismatch
LGW,RAK,BA2810,225,https://2lnr.com/routes/lgw-rak,flight-route mismatch
LGW,RAK,BA2812,160,https://2lnr.com/routes/lgw-rak,no independent flight-route evidence
LGW,RAK,BA2812,165,https://2lnr.com/routes/lgw-rak,no independent flight-route evidence
LGW,RAK,BA2812,165,https://2lnr.com/routes/lgw-rak,no independent flight-route evidence
LGW,RAK,BA2812,225,https://2lnr.com/routes/lgw-rak,no independent flight-route evidence
LGW,RAK,U28705,165,https://2lnr.com/routes/lgw-rak,flight-route mismatch
LGW,RAK,U28705,160,https://2lnr.com/routes/lgw-rak,flight-route mismatch
LGW,RAK,U28705,220,https://2lnr.com/routes/lgw-rak,flight-route mismatch
LGW,RAK,U28705,160,https://2lnr.com/routes/lgw-rak,flight-route mismatch
LGW,RAK,U28705,225,https://2lnr.com/routes/lgw-rak,flight-route mismatch
LGW,RAK,U28707,160,https://2lnr.com/routes/lgw-rak,flight-route mismatch
LGW,RAK,U28707,165,https://2lnr.com/routes/lgw-rak,flight-route mismatch
LGW,RAK,U28707,165,https://2lnr.com/routes/lgw-rak,flight-route mismatch
LGW,RAK,U28707,225,https://2lnr.com/routes/lgw-rak,flight-route mismatch
LGW,RAK,U28707,165,https://2lnr.com/routes/lgw-rak,flight-route mismatch
LGW,RAK,U28707,220,https://2lnr.com/routes/lgw-rak,flight-route mismatch
LGW,RAK,U28709,165,https://2lnr.com/routes/lgw-rak,flight-route mismatch
LGW,RAK,U28709,160,https://2lnr.com/routes/lgw-rak,flight-route mismatch
LGW,RAK,U28709,160,https://2lnr.com/routes/lgw-rak,flight-route mismatch
LGW,RAK,U28709,220,https://2lnr.com/routes/lgw-rak,flight-route mismatch
LGW,TLV,W95803,300,https://2lnr.com/routes/lgw-tlv,flight-route mismatch
LGW,TLV,W95803,290,https://2lnr.com/routes/lgw-tlv,flight-route mismatch
LGW,ZRH,U28471,110,https://2lnr.com/routes/lgw-zrh,flight-route mismatch
LGW,ZRH,U28471,110,https://2lnr.com/routes/lgw-zrh,flight-route mismatch
LGW,ZRH,U28473,105,https://2lnr.com/routes/lgw-zrh,flight-route mismatch
LHE,IST,TK715,400,https://2lnr.com/routes/lhe-ist,no independent flight-route evidence
LHE,IST,TK745,375,https://2lnr.com/routes/lhe-ist,no independent flight-route evidence
LHE,KWI,KU202,265,https://2lnr.com/routes/lhe-kwi,flight-route mismatch
LHE,KWI,KU202,250,https://2lnr.com/routes/lhe-kwi,flight-route mismatch
LHE,KWI,KU202,250,https://2lnr.com/routes/lhe-kwi,flight-route mismatch
LHE,KWI,KU202,250,https://2lnr.com/routes/lhe-kwi,flight-route mismatch
LHE,YYZ,PK789,840,https://2lnr.com/routes/lhe-yyz,nonadjacent airports in flight sequence
LHR,AUH,EY62,435,https://2lnr.com/routes/lhr-auh,flight-route mismatch
LHR,AUH,EY62,425,https://2lnr.com/routes/lhr-auh,flight-route mismatch
LHR,AUH,EY64,425,https://2lnr.com/routes/lhr-auh,flight-route mismatch
LHR,AUH,EY64,420,https://2lnr.com/routes/lhr-auh,flight-route mismatch
LHR,AUH,EY66,470,https://2lnr.com/routes/lhr-auh,flight-route mismatch
LHR,AUH,EY66,415,https://2lnr.com/routes/lhr-auh,flight-route mismatch
LHR,AUH,EY68,420,https://2lnr.com/routes/lhr-auh,flight-route mismatch
LHR,AUH,EY68,415,https://2lnr.com/routes/lhr-auh,flight-route mismatch
LHR,BCN,BA488,135,https://2lnr.com/routes/lhr-bcn,flight-route mismatch
LHR,BCN,VY6651,140,https://2lnr.com/routes/lhr-bcn,no independent flight-route evidence
LHR,BCN,VY6653,140,https://2lnr.com/routes/lhr-bcn,no independent flight-route evidence
LHR,BER,BA986,115,https://2lnr.com/routes/lhr-ber,flight-route mismatch
LHR,BER,BA986,115,https://2lnr.com/routes/lhr-ber,flight-route mismatch
LHR,BER,BA988,115,https://2lnr.com/routes/lhr-ber,flight-route mismatch
LHR,BER,BA988,115,https://2lnr.com/routes/lhr-ber,flight-route mismatch
LHR,BER,BA990,115,https://2lnr.com/routes/lhr-ber,flight-route mismatch
LHR,BER,BA990,115,https://2lnr.com/routes/lhr-ber,flight-route mismatch
LHR,BER,BA990,115,https://2lnr.com/routes/lhr-ber,flight-route mismatch
LHR,BER,BA990,115,https://2lnr.com/routes/lhr-ber,flight-route mismatch
LHR,BER,BA992,115,https://2lnr.com/routes/lhr-ber,flight-route mismatch
LHR,BER,BA992,115,https://2lnr.com/routes/lhr-ber,flight-route mismatch
LHR,BER,BA992,115,https://2lnr.com/routes/lhr-ber,flight-route mismatch
LHR,BER,BA994,120,https://2lnr.com/routes/lhr-ber,flight-route mismatch
LHR,BER,BA994,115,https://2lnr.com/routes/lhr-ber,flight-route mismatch
LHR,BER,BA994,120,https://2lnr.com/routes/lhr-ber,flight-route mismatch
LHR,BER,BA996,120,https://2lnr.com/routes/lhr-ber,flight-route mismatch
LHR,BER,BA998,110,https://2lnr.com/routes/lhr-ber,flight-route mismatch
LHR,BER,BA998,110,https://2lnr.com/routes/lhr-ber,flight-route mismatch
LHR,BER,EW8461,115,https://2lnr.com/routes/lhr-ber,no independent flight-route evidence
LHR,BER,EW8465,115,https://2lnr.com/routes/lhr-ber,no independent flight-route evidence
LHR,BUD,BA862,150,https://2lnr.com/routes/lhr-bud,flight-route mismatch
LHR,BUD,BA862,150,https://2lnr.com/routes/lhr-bud,flight-route mismatch
LHR,CAI,BA396,310,https://2lnr.com/routes/lhr-cai,flight-route mismatch
LHR,CAI,BA396,310,https://2lnr.com/routes/lhr-cai,flight-route mismatch
LHR,CDG,BA300,75,https://2lnr.com/routes/lhr-cdg,flight-route mismatch
LHR,DEL,6E4,655,https://2lnr.com/routes/lhr-del,no independent flight-route evidence
LHR,DMM,SV118,420,https://2lnr.com/routes/lhr-dmm,flight-route mismatch
LHR,DOH,QR104,405,https://2lnr.com/routes/lhr-doh,flight-route mismatch
LHR,DOH,QR110,405,https://2lnr.com/routes/lhr-doh,flight-route mismatch
LHR,DOH,QR110,405,https://2lnr.com/routes/lhr-doh,flight-route mismatch
LHR,DOH,QR112,410,https://2lnr.com/routes/lhr-doh,flight-route mismatch
LHR,DUS,BA920,85,https://2lnr.com/routes/lhr-dus,flight-route mismatch
LHR,DUS,BA920,80,https://2lnr.com/routes/lhr-dus,flight-route mismatch
LHR,DUS,BA920,90,https://2lnr.com/routes/lhr-dus,flight-route mismatch
LHR,DUS,BA920,85,https://2lnr.com/routes/lhr-dus,flight-route mismatch
LHR,DUS,EW9461,85,https://2lnr.com/routes/lhr-dus,no independent flight-route evidence
LHR,DUS,EW9461,85,https://2lnr.com/routes/lhr-dus,no independent flight-route evidence
LHR,EDI,BA1450,85,https://2lnr.com/routes/lhr-edi,no independent flight-route evidence
LHR,EDI,BA1466,75,https://2lnr.com/routes/lhr-edi,flight-route mismatch
LHR,EDI,BA1466,75,https://2lnr.com/routes/lhr-edi,flight-route mismatch
LHR,EDI,BA1466,75,https://2lnr.com/routes/lhr-edi,flight-route mismatch
LHR,FCO,BA564,150,https://2lnr.com/routes/lhr-fco,flight-route mismatch
LHR,FCO,BA564,150,https://2lnr.com/routes/lhr-fco,flight-route mismatch
LHR,FCO,BA566,160,https://2lnr.com/routes/lhr-fco,flight-route mismatch
LHR,FRA,VL905,95,https://2lnr.com/routes/lhr-fra,no independent flight-route evidence
LHR,FRA,VL907,95,https://2lnr.com/routes/lhr-fra,no independent flight-route evidence
LHR,FRA,VL917,95,https://2lnr.com/routes/lhr-fra,no independent flight-route evidence
LHR,FRA,VL921,95,https://2lnr.com/routes/lhr-fra,no independent flight-route evidence
LHR,FRA,VL925,95,https://2lnr.com/routes/lhr-fra,no independent flight-route evidence
LHR,GRU,LA8085,685,https://2lnr.com/routes/lhr-gru,no independent flight-route evidence
LHR,GVA,BA752,110,https://2lnr.com/routes/lhr-gva,flight-route mismatch
LHR,HEL,AY1332,175,https://2lnr.com/routes/lhr-hel,no independent flight-route evidence
LHR,HEL,AY1338,170,https://2lnr.com/routes/lhr-hel,no independent flight-route evidence
LHR,HEL,AY1340,165,https://2lnr.com/routes/lhr-hel,no independent flight-route evidence
LHR,IST,TK1932,235,https://2lnr.com/routes/lhr-ist,flight-route mismatch
LHR,IST,TK1972,225,https://2lnr.com/routes/lhr-ist,no independent flight-route evidence
LHR,IST,TK1972,225,https://2lnr.com/routes/lhr-ist,no independent flight-route evidence
LHR,IST,TK1980,235,https://2lnr.com/routes/lhr-ist,flight-route mismatch
LHR,IST,TK1980,235,https://2lnr.com/routes/lhr-ist,flight-route mismatch
LHR,IST,TK1986,230,https://2lnr.com/routes/lhr-ist,flight-route mismatch
LHR,IST,TK1986,230,https://2lnr.com/routes/lhr-ist,flight-route mismatch
LHR,KWI,KU102,375,https://2lnr.com/routes/lhr-kwi,flight-route mismatch
LHR,KWI,KU104,380,https://2lnr.com/routes/lhr-kwi,flight-route mismatch
LHR,KWI,KU106,380,https://2lnr.com/routes/lhr-kwi,flight-route mismatch
LHR,KWI,KU108,380,https://2lnr.com/routes/lhr-kwi,flight-route mismatch
LHR,LAS,VS155,645,https://2lnr.com/routes/lhr-las,no independent flight-route evidence
LHR,LOS,VS411,415,https://2lnr.com/routes/lhr-los,no independent flight-route evidence
LHR,MAD,BA446,150,https://2lnr.com/routes/lhr-mad,flight-route mismatch
LHR,MAD,IB718,145,https://2lnr.com/routes/lhr-mad,no independent flight-route evidence
LHR,MAN,BA1358,60,https://2lnr.com/routes/lhr-man,no independent flight-route evidence
LHR,MAN,BA1358,60,https://2lnr.com/routes/lhr-man,no independent flight-route evidence
LHR,MAN,BA1360,60,https://2lnr.com/routes/lhr-man,flight-route mismatch
LHR,MAN,BA1360,60,https://2lnr.com/routes/lhr-man,flight-route mismatch
LHR,MAN,BA1360,60,https://2lnr.com/routes/lhr-man,flight-route mismatch
LHR,MAN,BA1362,65,https://2lnr.com/routes/lhr-man,flight-route mismatch
LHR,MAN,BA1364,65,https://2lnr.com/routes/lhr-man,flight-route mismatch
LHR,MAN,BA1364,65,https://2lnr.com/routes/lhr-man,flight-route mismatch
LHR,MAN,BA1368,65,https://2lnr.com/routes/lhr-man,flight-route mismatch
LHR,MAN,BA1368,65,https://2lnr.com/routes/lhr-man,flight-route mismatch
LHR,MCO,VS135,560,https://2lnr.com/routes/lhr-mco,no independent flight-route evidence
LHR,MUC,BA926,115,https://2lnr.com/routes/lhr-muc,flight-route mismatch
LHR,MUC,BA926,115,https://2lnr.com/routes/lhr-muc,flight-route mismatch
LHR,MUC,BA936,120,https://2lnr.com/routes/lhr-muc,flight-route mismatch
LHR,MUC,BA940,110,https://2lnr.com/routes/lhr-muc,flight-route mismatch
LHR,MUC,BA940,110,https://2lnr.com/routes/lhr-muc,flight-route mismatch
LHR,MUC,LH2487,115,https://2lnr.com/routes/lhr-muc,flight-route mismatch
LHR,MXP,BA586,130,https://2lnr.com/routes/lhr-mxp,flight-route mismatch
LHR,MXP,BA586,130,https://2lnr.com/routes/lhr-mxp,flight-route mismatch
LHR,MXP,BA586,130,https://2lnr.com/routes/lhr-mxp,flight-route mismatch
LHR,MXP,BA586,130,https://2lnr.com/routes/lhr-mxp,flight-route mismatch
LHR,MXP,BA588,130,https://2lnr.com/routes/lhr-mxp,flight-route mismatch
LHR,MXP,BA588,130,https://2lnr.com/routes/lhr-mxp,flight-route mismatch
LHR,NCE,BA330,130,https://2lnr.com/routes/lhr-nce,flight-route mismatch
LHR,NCE,BA330,125,https://2lnr.com/routes/lhr-nce,flight-route mismatch
LHR,NCE,BA330,130,https://2lnr.com/routes/lhr-nce,flight-route mismatch
LHR,NCE,BA340,130,https://2lnr.com/routes/lhr-nce,flight-route mismatch
LHR,NCE,BA340,125,https://2lnr.com/routes/lhr-nce,flight-route mismatch
LHR,ORD,AA9603,530,https://2lnr.com/routes/lhr-ord,no independent flight-route evidence
LHR,OSL,BA780,130,https://2lnr.com/routes/lhr-osl,flight-route mismatch
LHR,OSL,BA780,130,https://2lnr.com/routes/lhr-osl,flight-route mismatch
LHR,OSL,BA782,130,https://2lnr.com/routes/lhr-osl,flight-route mismatch
LHR,OSL,BA782,130,https://2lnr.com/routes/lhr-osl,flight-route mismatch
LHR,OSL,BA782,135,https://2lnr.com/routes/lhr-osl,flight-route mismatch
LHR,PDX,BA267,600,https://2lnr.com/routes/lhr-pdx,flight-route mismatch
LHR,PDX,BA267,600,https://2lnr.com/routes/lhr-pdx,flight-route mismatch
LHR,PRG,BA850,115,https://2lnr.com/routes/lhr-prg,flight-route mismatch
LHR,PRG,BA850,115,https://2lnr.com/routes/lhr-prg,flight-route mismatch
LHR,RAK,BA712,155,https://2lnr.com/routes/lhr-rak,flight-route mismatch
LHR,RAK,BA712,155,https://2lnr.com/routes/lhr-rak,flight-route mismatch
LHR,RAK,BA712,160,https://2lnr.com/routes/lhr-rak,flight-route mismatch
LHR,RAK,BA712,215,https://2lnr.com/routes/lhr-rak,flight-route mismatch
LHR,RUH,SV106,400,https://2lnr.com/routes/lhr-ruh,flight-route mismatch
LHR,RUH,SV108,400,https://2lnr.com/routes/lhr-ruh,flight-route mismatch
LHR,TFU,CA424,640,https://2lnr.com/routes/lhr-tfu,flight-route mismatch
LHR,TFU,CA424,640,https://2lnr.com/routes/lhr-tfu,flight-route mismatch
LHR,TPA,VS129,590,https://2lnr.com/routes/lhr-tpa,no independent flight-route evidence
LHR,TPA,VS129,590,https://2lnr.com/routes/lhr-tpa,no independent flight-route evidence
LHR,VIE,BA724,140,https://2lnr.com/routes/lhr-vie,flight-route mismatch
LHR,VIE,BA724,140,https://2lnr.com/routes/lhr-vie,flight-route mismatch
LHR,VIE,BA724,145,https://2lnr.com/routes/lhr-vie,flight-route mismatch
LHR,VIE,BA726,145,https://2lnr.com/routes/lhr-vie,flight-route mismatch
LHR,VIE,BA726,145,https://2lnr.com/routes/lhr-vie,flight-route mismatch
LHR,VIE,BA726,145,https://2lnr.com/routes/lhr-vie,flight-route mismatch
LHR,VIE,BA728,130,https://2lnr.com/routes/lhr-vie,flight-route mismatch
LHR,VIE,BA728,130,https://2lnr.com/routes/lhr-vie,flight-route mismatch
LHR,VIE,OS334,135,https://2lnr.com/routes/lhr-vie,no independent flight-route evidence
LHR,VIE,OS338,130,https://2lnr.com/routes/lhr-vie,flight-route mismatch
LHR,WAW,BA842,145,https://2lnr.com/routes/lhr-waw,flight-route mismatch
LHR,WAW,BA842,145,https://2lnr.com/routes/lhr-waw,flight-route mismatch
LHR,WAW,BA842,145,https://2lnr.com/routes/lhr-waw,flight-route mismatch
LHR,YHZ,AC2081,410,https://2lnr.com/routes/lhr-yhz,flight-route mismatch
LHR,YYZ,VS147,470,https://2lnr.com/routes/lhr-yyz,no independent flight-route evidence
LHR,ZRH,BA730,105,https://2lnr.com/routes/lhr-zrh,flight-route mismatch
LHR,ZRH,BA730,105,https://2lnr.com/routes/lhr-zrh,flight-route mismatch
LHR,ZRH,BA738,115,https://2lnr.com/routes/lhr-zrh,flight-route mismatch
LHR,ZRH,BA738,105,https://2lnr.com/routes/lhr-zrh,flight-route mismatch
LIM,AMS,KL744,740,https://2lnr.com/routes/lim-ams,flight-route mismatch
LIM,ASU,LA1321,215,https://2lnr.com/routes/lim-asu,flight-route mismatch
LIM,ASU,LA2962,215,https://2lnr.com/routes/lim-asu,no independent flight-route evidence
LIM,ATL,DL150,419,https://2lnr.com/routes/lim-atl,flight-route mismatch
LIM,ATL,LA2482,450,https://2lnr.com/routes/lim-atl,no independent flight-route evidence
LIM,BCN,IB2610,735,https://2lnr.com/routes/lim-bcn,no independent flight-route evidence
LIM,BOG,AV102,195,https://2lnr.com/routes/lim-bog,flight-route mismatch
LIM,BOG,AV48,195,https://2lnr.com/routes/lim-bog,flight-route mismatch
LIM,BOG,AV50,195,https://2lnr.com/routes/lim-bog,flight-route mismatch
LIM,BOG,AV50,195,https://2lnr.com/routes/lim-bog,flight-route mismatch
LIM,BOG,AV52,195,https://2lnr.com/routes/lim-bog,flight-route mismatch
LIM,BOG,AV52,195,https://2lnr.com/routes/lim-bog,flight-route mismatch
LIM,BOG,AV74,195,https://2lnr.com/routes/lim-bog,flight-route mismatch
LIM,BOG,LA2386,195,https://2lnr.com/routes/lim-bog,no independent flight-route evidence
LIM,BOG,LA4901,190,https://2lnr.com/routes/lim-bog,no independent flight-route evidence
LIM,BOG,LA4905,195,https://2lnr.com/routes/lim-bog,no independent flight-route evidence
LIM,BOG,LA4909,195,https://2lnr.com/routes/lim-bog,no independent flight-route evidence
LIM,BSB,LA2402,270,https://2lnr.com/routes/lim-bsb,no independent flight-route evidence
LIM,CCS,Q4713,270,https://2lnr.com/routes/lim-ccs,no independent flight-route evidence
LIM,CDG,AF501,755,https://2lnr.com/routes/lim-cdg,flight-route mismatch
LIM,CDG,AF501,755,https://2lnr.com/routes/lim-cdg,flight-route mismatch
LIM,CDG,AF505,745,https://2lnr.com/routes/lim-cdg,flight-route mismatch
LIM,CUN,LA2456,330,https://2lnr.com/routes/lim-cun,no independent flight-route evidence
LIM,CUN,LA2458,330,https://2lnr.com/routes/lim-cun,no independent flight-route evidence
LIM,EWR,UA887,485,https://2lnr.com/routes/lim-ewr,flight-route mismatch
LIM,EZE,LA2375,260,https://2lnr.com/routes/lim-eze,flight-route mismatch
LIM,EZE,LA2947,265,https://2lnr.com/routes/lim-eze,no independent flight-route evidence
LIM,GIG,LA2404,310,https://2lnr.com/routes/lim-gig,no independent flight-route evidence
LIM,GIG,LA2414,310,https://2lnr.com/routes/lim-gig,no independent flight-route evidence
LIM,GIG,LA2414,305,https://2lnr.com/routes/lim-gig,no independent flight-route evidence
LIM,GIG,LA2414,305,https://2lnr.com/routes/lim-gig,no independent flight-route evidence
LIM,GRU,H25566,290,https://2lnr.com/routes/lim-gru,no independent flight-route evidence
LIM,GRU,H25566,300,https://2lnr.com/routes/lim-gru,no independent flight-route evidence
LIM,GRU,LA2394,280,https://2lnr.com/routes/lim-gru,no independent flight-route evidence
LIM,GRU,LA2394,295,https://2lnr.com/routes/lim-gru,no independent flight-route evidence
LIM,GRU,LA2394,295,https://2lnr.com/routes/lim-gru,no independent flight-route evidence
LIM,GRU,LA2418,285,https://2lnr.com/routes/lim-gru,no independent flight-route evidence
LIM,GRU,LA2419,295,https://2lnr.com/routes/lim-gru,no independent flight-route evidence
LIM,GRU,LA2424,295,https://2lnr.com/routes/lim-gru,no independent flight-route evidence
LIM,GRU,LA2424,290,https://2lnr.com/routes/lim-gru,no independent flight-route evidence
LIM,GRU,LA2428,285,https://2lnr.com/routes/lim-gru,flight-route mismatch
LIM,GRU,LA2935,280,https://2lnr.com/routes/lim-gru,no independent flight-route evidence
LIM,GRU,LA8099,290,https://2lnr.com/routes/lim-gru,no independent flight-route evidence
LIM,GRU,LA8123,285,https://2lnr.com/routes/lim-gru,no independent flight-route evidence
LIM,GYE,LA1429,135,https://2lnr.com/routes/lim-gye,no independent flight-route evidence
LIM,GYE,LA1449,130,https://2lnr.com/routes/lim-gye,no independent flight-route evidence
LIM,IAH,UA855,405,https://2lnr.com/routes/lim-iah,flight-route mismatch
LIM,JFK,LA2468,485,https://2lnr.com/routes/lim-jfk,no independent flight-route evidence
LIM,JFK,LA538,485,https://2lnr.com/routes/lim-jfk,flight-route mismatch
LIM,JFK,LA538,480,https://2lnr.com/routes/lim-jfk,flight-route mismatch
LIM,LAX,LA2476,540,https://2lnr.com/routes/lim-lax,no independent flight-route evidence
LIM,LAX,LA2478,550,https://2lnr.com/routes/lim-lax,no independent flight-route evidence
LIM,LAX,LA534,530,https://2lnr.com/routes/lim-lax,flight-route mismatch
LIM,MAD,IB124,700,https://2lnr.com/routes/lim-mad,flight-route mismatch
LIM,MAD,IB124,700,https://2lnr.com/routes/lim-mad,flight-route mismatch
LIM,MAD,IB124,700,https://2lnr.com/routes/lim-mad,flight-route mismatch
LIM,MAD,IB126,680,https://2lnr.com/routes/lim-mad,flight-route mismatch
LIM,MAD,IB126,680,https://2lnr.com/routes/lim-mad,flight-route mismatch
LIM,MAD,LA2484,680,https://2lnr.com/routes/lim-mad,no independent flight-route evidence
LIM,MAD,LA2490,715,https://2lnr.com/routes/lim-mad,no independent flight-route evidence
LIM,MAD,PU302,715,https://2lnr.com/routes/lim-mad,flight-route mismatch
LIM,MAD,PU302,695,https://2lnr.com/routes/lim-mad,flight-route mismatch
LIM,MAD,UX176,710,https://2lnr.com/routes/lim-mad,flight-route mismatch
LIM,MEX,AM19,370,https://2lnr.com/routes/lim-mex,flight-route mismatch
LIM,MEX,LA2472,365,https://2lnr.com/routes/lim-mex,no independent flight-route evidence
LIM,MEX,Y43919,366,https://2lnr.com/routes/lim-mex,flight-route mismatch
LIM,MIA,AA1558,362,https://2lnr.com/routes/lim-mia,flight-route mismatch
LIM,MIA,AA1558,359,https://2lnr.com/routes/lim-mia,flight-route mismatch
LIM,MIA,AA918,353,https://2lnr.com/routes/lim-mia,flight-route mismatch
LIM,MIA,AA988,353,https://2lnr.com/routes/lim-mia,flight-route mismatch
LIM,MIA,AA988,351,https://2lnr.com/routes/lim-mia,flight-route mismatch
LIM,MIA,H25594,365,https://2lnr.com/routes/lim-mia,no independent flight-route evidence
LIM,MIA,LA2480,355,https://2lnr.com/routes/lim-mia,no independent flight-route evidence
LIM,MIA,LA2694,355,https://2lnr.com/routes/lim-mia,no independent flight-route evidence
LIM,MIA,LA2698,355,https://2lnr.com/routes/lim-mia,no independent flight-route evidence
LIM,MVD,LA2398,275,https://2lnr.com/routes/lim-mvd,flight-route mismatch
LIM,MVD,LA2398,275,https://2lnr.com/routes/lim-mvd,flight-route mismatch
LIM,MVD,LA2932,275,https://2lnr.com/routes/lim-mvd,no independent flight-route evidence
LIM,PTY,CM132,225,https://2lnr.com/routes/lim-pty,flight-route mismatch
LIM,PTY,CM264,217,https://2lnr.com/routes/lim-pty,flight-route mismatch
LIM,PTY,CM338,217,https://2lnr.com/routes/lim-pty,flight-route mismatch
LIM,PTY,CM400,225,https://2lnr.com/routes/lim-pty,flight-route mismatch
LIM,PTY,CM462,225,https://2lnr.com/routes/lim-pty,flight-route mismatch
LIM,PTY,CM658,225,https://2lnr.com/routes/lim-pty,flight-route mismatch
LIM,PTY,CM760,225,https://2lnr.com/routes/lim-pty,flight-route mismatch
LIM,PTY,CM840,217,https://2lnr.com/routes/lim-pty,flight-route mismatch
LIM,PTY,CM840,217,https://2lnr.com/routes/lim-pty,flight-route mismatch
LIM,PUJ,DM1740,319,https://2lnr.com/routes/lim-puj,flight-route mismatch
LIM,PUJ,DM4144,319,https://2lnr.com/routes/lim-puj,no independent flight-route evidence
LIM,PUJ,DM6771,319,https://2lnr.com/routes/lim-puj,flight-route mismatch
LIM,PUJ,DM6775,319,https://2lnr.com/routes/lim-puj,flight-route mismatch
LIM,PUJ,H25580,320,https://2lnr.com/routes/lim-puj,no independent flight-route evidence
LIM,PUJ,H25582,320,https://2lnr.com/routes/lim-puj,no independent flight-route evidence
LIM,PUJ,LA2450,300,https://2lnr.com/routes/lim-puj,no independent flight-route evidence
LIM,PUJ,LA2452,300,https://2lnr.com/routes/lim-puj,no independent flight-route evidence
LIM,PUJ,LA2452,300,https://2lnr.com/routes/lim-puj,no independent flight-route evidence
LIM,PUJ,LA2460,300,https://2lnr.com/routes/lim-puj,no independent flight-route evidence
LIM,PUJ,LA2470,300,https://2lnr.com/routes/lim-puj,no independent flight-route evidence
LIM,SAL,AV428,260,https://2lnr.com/routes/lim-sal,no independent flight-route evidence
LIM,SCL,H25621,216,https://2lnr.com/routes/lim-scl,no independent flight-route evidence
LIM,SCL,H25624,216,https://2lnr.com/routes/lim-scl,no independent flight-route evidence
LIM,SCL,H2809,216,https://2lnr.com/routes/lim-scl,flight-route mismatch
LIM,SCL,JA7731,218,https://2lnr.com/routes/lim-scl,no independent flight-route evidence
LIM,SCL,LA2371,215,https://2lnr.com/routes/lim-scl,flight-route mismatch
LIM,SCL,LA2697,205,https://2lnr.com/routes/lim-scl,no independent flight-route evidence
LIM,SCL,LA521,215,https://2lnr.com/routes/lim-scl,flight-route mismatch
LIM,SCL,LA523,215,https://2lnr.com/routes/lim-scl,flight-route mismatch
LIM,SCL,LA523,215,https://2lnr.com/routes/lim-scl,flight-route mismatch
LIM,SCL,LA525,215,https://2lnr.com/routes/lim-scl,flight-route mismatch
LIM,SCL,LA529,215,https://2lnr.com/routes/lim-scl,flight-route mismatch
LIM,SCL,LA529,155,https://2lnr.com/routes/lim-scl,flight-route mismatch
LIM,SCL,LA535,210,https://2lnr.com/routes/lim-scl,flight-route mismatch
LIM,SCL,LA539,150,https://2lnr.com/routes/lim-scl,flight-route mismatch
LIM,SCL,LA641,215,https://2lnr.com/routes/lim-scl,flight-route mismatch
LIM,SCL,LA651,150,https://2lnr.com/routes/lim-scl,flight-route mismatch
LIM,SJO,LA2408,235,https://2lnr.com/routes/lim-sjo,no independent flight-route evidence
LIM,SJO,LA2408,235,https://2lnr.com/routes/lim-sjo,no independent flight-route evidence
LIM,UIO,JA7742,143,https://2lnr.com/routes/lim-uio,no independent flight-route evidence
LIM,UIO,LA1424,145,https://2lnr.com/routes/lim-uio,no independent flight-route evidence
LIM,UIO,LA1436,142,https://2lnr.com/routes/lim-uio,no independent flight-route evidence
LIM,UIO,LA1436,145,https://2lnr.com/routes/lim-uio,no independent flight-route evidence
LIM,UIO,LA2388,140,https://2lnr.com/routes/lim-uio,no independent flight-route evidence
LIM,YUL,TS151,500,https://2lnr.com/routes/lim-yul,flight-route mismatch
LIM,YYZ,TS153,475,https://2lnr.com/routes/lim-yyz,flight-route mismatch
LIS,ARN,D84278,245,https://2lnr.com/routes/lis-arn,no independent flight-route evidence
LIS,ATH,A3721,235,https://2lnr.com/routes/lis-ath,flight-route mismatch
LIS,ATH,A3721,240,https://2lnr.com/routes/lis-ath,flight-route mismatch
LIS,ATH,A3723,235,https://2lnr.com/routes/lis-ath,flight-route mismatch
LIS,ATH,GQ923,235,https://2lnr.com/routes/lis-ath,no independent flight-route evidence
LIS,ATH,GQ923,240,https://2lnr.com/routes/lis-ath,no independent flight-route evidence
LIS,AUH,EY100,480,https://2lnr.com/routes/lis-auh,flight-route mismatch
LIS,AUH,EY100,455,https://2lnr.com/routes/lis-auh,flight-route mismatch
LIS,AUH,EY100,455,https://2lnr.com/routes/lis-auh,flight-route mismatch
LIS,BCN,FR3079,110,https://2lnr.com/routes/lis-bcn,no independent flight-route evidence
LIS,BCN,NI1030,115,https://2lnr.com/routes/lis-bcn,no independent flight-route evidence
LIS,BCN,U27214,110,https://2lnr.com/routes/lis-bcn,no independent flight-route evidence
LIS,BCN,U27655,110,https://2lnr.com/routes/lis-bcn,flight-route mismatch
LIS,BCN,U27657,105,https://2lnr.com/routes/lis-bcn,no independent flight-route evidence
LIS,BER,EW8603,210,https://2lnr.com/routes/lis-ber,no independent flight-route evidence
LIS,BER,FR1143,205,https://2lnr.com/routes/lis-ber,flight-route mismatch
LIS,BER,TP3332,205,https://2lnr.com/routes/lis-ber,no independent flight-route evidence
LIS,BER,TP3332,205,https://2lnr.com/routes/lis-ber,no independent flight-route evidence
LIS,BER,TP3332,210,https://2lnr.com/routes/lis-ber,no independent flight-route evidence
LIS,BER,TP3334,200,https://2lnr.com/routes/lis-ber,no independent flight-route evidence
LIS,BER,TP3334,200,https://2lnr.com/routes/lis-ber,no independent flight-route evidence
LIS,BER,TP3334,210,https://2lnr.com/routes/lis-ber,no independent flight-route evidence
LIS,BER,TP3334,210,https://2lnr.com/routes/lis-ber,no independent flight-route evidence
LIS,BER,TP530,210,https://2lnr.com/routes/lis-ber,flight-route mismatch
LIS,BER,TP530,205,https://2lnr.com/routes/lis-ber,flight-route mismatch
LIS,BER,TP530,210,https://2lnr.com/routes/lis-ber,flight-route mismatch
LIS,BER,TP532,210,https://2lnr.com/routes/lis-ber,flight-route mismatch
LIS,BER,TP532,215,https://2lnr.com/routes/lis-ber,flight-route mismatch
LIS,BER,TP534,210,https://2lnr.com/routes/lis-ber,flight-route mismatch
LIS,BER,TP534,210,https://2lnr.com/routes/lis-ber,flight-route mismatch
LIS,BER,TP534,210,https://2lnr.com/routes/lis-ber,flight-route mismatch
LIS,CPH,D83617,210,https://2lnr.com/routes/lis-cph,no independent flight-route evidence
LIS,CPH,D83617,210,https://2lnr.com/routes/lis-cph,no independent flight-route evidence
LIS,DUB,FR673,165,https://2lnr.com/routes/lis-dub,flight-route mismatch
LIS,EDI,U23322,195,https://2lnr.com/routes/lis-edi,flight-route mismatch
LIS,EDI,U23322,195,https://2lnr.com/routes/lis-edi,flight-route mismatch
LIS,FCO,FR8197,180,https://2lnr.com/routes/lis-fco,flight-route mismatch
LIS,FCO,FR9904,180,https://2lnr.com/routes/lis-fco,flight-route mismatch
LIS,FCO,W46220,180,https://2lnr.com/routes/lis-fco,no independent flight-route evidence
LIS,FCO,W46220,175,https://2lnr.com/routes/lis-fco,no independent flight-route evidence
LIS,FOR,LA8151,480,https://2lnr.com/routes/lis-for,no independent flight-route evidence
LIS,FOR,LA8151,505,https://2lnr.com/routes/lis-for,no independent flight-route evidence
LIS,GIG,TP67,845,https://2lnr.com/routes/lis-gig,nonadjacent airports in flight sequence
LIS,GRU,LA8145,605,https://2lnr.com/routes/lis-gru,no independent flight-route evidence
LIS,GRU,LA8147,590,https://2lnr.com/routes/lis-gru,no independent flight-route evidence
LIS,GRU,LA8147,620,https://2lnr.com/routes/lis-gru,no independent flight-route evidence
LIS,GRU,LA8147,595,https://2lnr.com/routes/lis-gru,no independent flight-route evidence
LIS,GRU,LA8147,615,https://2lnr.com/routes/lis-gru,no independent flight-route evidence
LIS,GRU,LA8147,605,https://2lnr.com/routes/lis-gru,no independent flight-route evidence
LIS,GRU,LA8149,605,https://2lnr.com/routes/lis-gru,no independent flight-route evidence
LIS,GRU,LA8149,610,https://2lnr.com/routes/lis-gru,no independent flight-route evidence
LIS,GVA,U21462,145,https://2lnr.com/routes/lis-gva,no independent flight-route evidence
LIS,GVA,U21464,145,https://2lnr.com/routes/lis-gva,no independent flight-route evidence
LIS,GVA,U27641,145,https://2lnr.com/routes/lis-gva,flight-route mismatch
LIS,GVA,U27641,150,https://2lnr.com/routes/lis-gva,flight-route mismatch
LIS,GVA,U27643,145,https://2lnr.com/routes/lis-gva,no independent flight-route evidence
LIS,GVA,U27643,150,https://2lnr.com/routes/lis-gva,no independent flight-route evidence
LIS,HEL,AY7074,275,https://2lnr.com/routes/lis-hel,flight-route mismatch
LIS,IST,TK1756,285,https://2lnr.com/routes/lis-ist,flight-route mismatch
LIS,IST,TK1760,275,https://2lnr.com/routes/lis-ist,flight-route mismatch
LIS,IST,TK1760,290,https://2lnr.com/routes/lis-ist,flight-route mismatch
LIS,IST,TK1760,285,https://2lnr.com/routes/lis-ist,flight-route mismatch
LIS,IST,TK1780,285,https://2lnr.com/routes/lis-ist,flight-route mismatch
LIS,IST,TK1780,285,https://2lnr.com/routes/lis-ist,flight-route mismatch
LIS,IST,TK1780,285,https://2lnr.com/routes/lis-ist,flight-route mismatch
LIS,KEF,OG695,270,https://2lnr.com/routes/lis-kef,no independent flight-route evidence
LIS,LGW,U28510,160,https://2lnr.com/routes/lis-lgw,flight-route mismatch
LIS,LGW,U28518,165,https://2lnr.com/routes/lis-lgw,flight-route mismatch
LIS,LGW,U28518,165,https://2lnr.com/routes/lis-lgw,flight-route mismatch
LIS,LGW,U28518,170,https://2lnr.com/routes/lis-lgw,flight-route mismatch
LIS,MAD,IB1144,85,https://2lnr.com/routes/lis-mad,no independent flight-route evidence
LIS,MAD,IB1146,85,https://2lnr.com/routes/lis-mad,flight-route mismatch
LIS,MAD,IB530,85,https://2lnr.com/routes/lis-mad,flight-route mismatch
LIS,MAD,IB532,85,https://2lnr.com/routes/lis-mad,flight-route mismatch
LIS,MAD,U27651,75,https://2lnr.com/routes/lis-mad,no independent flight-route evidence
LIS,MAN,U22210,175,https://2lnr.com/routes/lis-man,no independent flight-route evidence
LIS,MAN,U27703,170,https://2lnr.com/routes/lis-man,no independent flight-route evidence
LIS,MUC,LH1781,185,https://2lnr.com/routes/lis-muc,flight-route mismatch
LIS,MUC,LH1781,185,https://2lnr.com/routes/lis-muc,flight-route mismatch
LIS,MUC,LH1781,185,https://2lnr.com/routes/lis-muc,flight-route mismatch
LIS,MXP,U23872,155,https://2lnr.com/routes/lis-mxp,no independent flight-route evidence
LIS,MXP,U23872,155,https://2lnr.com/routes/lis-mxp,no independent flight-route evidence
LIS,MXP,U23874,160,https://2lnr.com/routes/lis-mxp,no independent flight-route evidence
LIS,MXP,U23874,155,https://2lnr.com/routes/lis-mxp,no independent flight-route evidence
LIS,MXP,U27669,155,https://2lnr.com/routes/lis-mxp,flight-route mismatch
LIS,MXP,U27673,155,https://2lnr.com/routes/lis-mxp,no independent flight-route evidence
LIS,MXP,U27673,160,https://2lnr.com/routes/lis-mxp,no independent flight-route evidence
LIS,NCE,NI486,150,https://2lnr.com/routes/lis-nce,no independent flight-route evidence
LIS,NCE,U27611,145,https://2lnr.com/routes/lis-nce,no independent flight-route evidence
LIS,OSL,DY1825,230,https://2lnr.com/routes/lis-osl,flight-route mismatch
LIS,OSL,DY1827,230,https://2lnr.com/routes/lis-osl,flight-route mismatch
LIS,PRG,U27681,205,https://2lnr.com/routes/lis-prg,flight-route mismatch
LIS,PRG,U27681,210,https://2lnr.com/routes/lis-prg,flight-route mismatch
LIS,RAK,U27685,95,https://2lnr.com/routes/lis-rak,no independent flight-route evidence
LIS,VIE,FR4166,205,https://2lnr.com/routes/lis-vie,flight-route mismatch
LIS,VIE,FR4166,210,https://2lnr.com/routes/lis-vie,flight-route mismatch
LIS,WAW,W61594,235,https://2lnr.com/routes/lis-waw,flight-route mismatch
LIS,ZRH,U27639,165,https://2lnr.com/routes/lis-zrh,no independent flight-route evidence
LIS,ZRH,U27639,170,https://2lnr.com/routes/lis-zrh,no independent flight-route evidence
LOS,ABJ,HF891,100,https://2lnr.com/routes/los-abj,no independent flight-route evidence
LOS,ABJ,P47736,110,https://2lnr.com/routes/los-abj,no independent flight-route evidence
LOS,ACC,AW213,60,https://2lnr.com/routes/los-acc,no independent flight-route evidence
LOS,ACC,AW215,60,https://2lnr.com/routes/los-acc,no independent flight-route evidence
LOS,ACC,AW217,60,https://2lnr.com/routes/los-acc,no independent flight-route evidence
LOS,ACC,AW223,60,https://2lnr.com/routes/los-acc,flight-route mismatch
LOS,ACC,P47538,65,https://2lnr.com/routes/los-acc,no independent flight-route evidence
LOS,ACC,TC235,80,https://2lnr.com/routes/los-acc,no independent flight-route evidence
LOS,ACC,UN588,60,https://2lnr.com/routes/los-acc,flight-route mismatch
LOS,EBB,UR903,270,https://2lnr.com/routes/los-ebb,no independent flight-route evidence
LOS,LHR,VS412,415,https://2lnr.com/routes/los-lhr,no independent flight-route evidence
LOS,LHR,VS412,420,https://2lnr.com/routes/los-lhr,no independent flight-route evidence
LOS,LHR,VS412,410,https://2lnr.com/routes/los-lhr,no independent flight-route evidence
LUN,ADD,ET862,240,https://2lnr.com/routes/lun-add,flight-route mismatch
LUN,ADD,ET873,250,https://2lnr.com/routes/lun-add,flight-route mismatch
LUN,ADD,ET873,250,https://2lnr.com/routes/lun-add,flight-route mismatch
LUN,ADD,ET890,265,https://2lnr.com/routes/lun-add,no independent flight-route evidence
LUN,ADD,ET890,265,https://2lnr.com/routes/lun-add,no independent flight-route evidence
LUN,ADD,ET890,265,https://2lnr.com/routes/lun-add,no independent flight-route evidence
LUN,DAR,TC212,140,https://2lnr.com/routes/lun-dar,flight-route mismatch
LUN,DAR,ZN524,150,https://2lnr.com/routes/lun-dar,flight-route mismatch
LUN,DOH,QR1452,420,https://2lnr.com/routes/lun-doh,no independent flight-route evidence
LUN,DOH,QR1456,420,https://2lnr.com/routes/lun-doh,flight-route mismatch
LUN,DOH,QR1456,430,https://2lnr.com/routes/lun-doh,flight-route mismatch
LUN,DXB,EK714,415,https://2lnr.com/routes/lun-dxb,flight-route mismatch
LUN,EBB,UR720,284,https://2lnr.com/routes/lun-ebb,flight-route mismatch
LUN,EBB,UR722,165,https://2lnr.com/routes/lun-ebb,flight-route mismatch
LUN,EBB,UR722,165,https://2lnr.com/routes/lun-ebb,flight-route mismatch
LUN,HRE,BP312,60,https://2lnr.com/routes/lun-hre,no independent flight-route evidence
LUN,HRE,BP321,60,https://2lnr.com/routes/lun-hre,no independent flight-route evidence
LUN,HRE,BP323,60,https://2lnr.com/routes/lun-hre,no independent flight-route evidence
LUN,HRE,EK713,65,https://2lnr.com/routes/lun-hre,flight-route mismatch
LUN,HRE,ET863,60,https://2lnr.com/routes/lun-hre,flight-route mismatch
LUN,HRE,KQ706,65,https://2lnr.com/routes/lun-hre,flight-route mismatch
LUN,HRE,KQ706,65,https://2lnr.com/routes/lun-hre,flight-route mismatch
LUN,HRE,QR1451,60,https://2lnr.com/routes/lun-hre,no independent flight-route evidence
LUN,HRE,QR1455,60,https://2lnr.com/routes/lun-hre,flight-route mismatch
LUN,HRE,UR720,60,https://2lnr.com/routes/lun-hre,flight-route mismatch
LUN,HRE,WB112,60,https://2lnr.com/routes/lun-hre,flight-route mismatch
LUN,HRE,WB112,60,https://2lnr.com/routes/lun-hre,flight-route mismatch
LUN,HRE,ZN303,70,https://2lnr.com/routes/lun-hre,no independent flight-route evidence
LUN,JNB,4Z161,125,https://2lnr.com/routes/lun-jnb,no independent flight-route evidence
LUN,JNB,4Z163,125,https://2lnr.com/routes/lun-jnb,flight-route mismatch
LUN,JNB,4Z163,120,https://2lnr.com/routes/lun-jnb,flight-route mismatch
LUN,JNB,4Z167,125,https://2lnr.com/routes/lun-jnb,no independent flight-route evidence
LUN,JNB,4Z169,125,https://2lnr.com/routes/lun-jnb,no independent flight-route evidence
LUN,JNB,P020,120,https://2lnr.com/routes/lun-jnb,flight-route mismatch
LUN,JNB,P024,120,https://2lnr.com/routes/lun-jnb,no independent flight-route evidence
LUN,JNB,P026,120,https://2lnr.com/routes/lun-jnb,no independent flight-route evidence
LUN,JNB,SA63,120,https://2lnr.com/routes/lun-jnb,flight-route mismatch
LUN,JNB,SA67,120,https://2lnr.com/routes/lun-jnb,flight-route mismatch
LUN,JNB,ZN305,125,https://2lnr.com/routes/lun-jnb,flight-route mismatch
LUN,JNB,ZN307,130,https://2lnr.com/routes/lun-jnb,no independent flight-route evidence
LUN,NBO,KQ704,170,https://2lnr.com/routes/lun-nbo,flight-route mismatch
LUN,NBO,KQ704,170,https://2lnr.com/routes/lun-nbo,flight-route mismatch
LUN,NBO,KQ727,170,https://2lnr.com/routes/lun-nbo,no independent flight-route evidence
MAA,BLR,6E6567,75,https://2lnr.com/routes/maa-blr,flight-route mismatch
MAA,BLR,IX1385,65,https://2lnr.com/routes/maa-blr,flight-route mismatch
MAA,BOM,6E5314,120,https://2lnr.com/routes/maa-bom,flight-route mismatch
MAA,BOM,6E6348,110,https://2lnr.com/routes/maa-bom,flight-route mismatch
MAA,CMB,6E1179,80,https://2lnr.com/routes/maa-cmb,no independent flight-route evidence
MAA,DAC,6E1113,155,https://2lnr.com/routes/maa-dac,flight-route mismatch
MAA,DAC,BG364,165,https://2lnr.com/routes/maa-dac,flight-route mismatch
MAA,DAC,BS206,160,https://2lnr.com/routes/maa-dac,flight-route mismatch
MAA,DEL,6E6002,165,https://2lnr.com/routes/maa-del,flight-route mismatch
MAA,DEL,6E948,180,https://2lnr.com/routes/maa-del,flight-route mismatch
MAA,DEL,6E951,165,https://2lnr.com/routes/maa-del,flight-route mismatch
MAA,HYD,IX1832,85,https://2lnr.com/routes/maa-hyd,flight-route mismatch
MAA,KWI,6E1241,310,https://2lnr.com/routes/maa-kwi,flight-route mismatch
MAA,KWI,KU342,330,https://2lnr.com/routes/maa-kwi,flight-route mismatch
MAA,KWI,KU344,330,https://2lnr.com/routes/maa-kwi,flight-route mismatch
MAD,ALG,IB1377,95,https://2lnr.com/routes/mad-alg,no independent flight-route evidence
MAD,AMS,IB1345,160,https://2lnr.com/routes/mad-ams,flight-route mismatch
MAD,ARN,IB827,235,https://2lnr.com/routes/mad-arn,no independent flight-route evidence
MAD,ATH,GQ921,205,https://2lnr.com/routes/mad-ath,no independent flight-route evidence
MAD,ATH,IB833,225,https://2lnr.com/routes/mad-ath,no independent flight-route evidence
MAD,ATH,IB841,225,https://2lnr.com/routes/mad-ath,flight-route mismatch
MAD,ATH,IB841,225,https://2lnr.com/routes/mad-ath,flight-route mismatch
MAD,AUH,EY102,440,https://2lnr.com/routes/mad-auh,flight-route mismatch
MAD,AUH,EY102,415,https://2lnr.com/routes/mad-auh,flight-route mismatch
MAD,AUH,EY102,415,https://2lnr.com/routes/mad-auh,flight-route mismatch
MAD,BCN,DT3002,80,https://2lnr.com/routes/mad-bcn,no independent flight-route evidence
MAD,BCN,IB403,80,https://2lnr.com/routes/mad-bcn,flight-route mismatch
MAD,BCN,IB405,80,https://2lnr.com/routes/mad-bcn,flight-route mismatch
MAD,BCN,IB407,80,https://2lnr.com/routes/mad-bcn,flight-route mismatch
MAD,BCN,IB409,80,https://2lnr.com/routes/mad-bcn,flight-route mismatch
MAD,BCN,IB411,80,https://2lnr.com/routes/mad-bcn,flight-route mismatch
MAD,BCN,IB413,80,https://2lnr.com/routes/mad-bcn,no independent flight-route evidence
MAD,BCN,IB417,85,https://2lnr.com/routes/mad-bcn,flight-route mismatch
MAD,BCN,IB417,85,https://2lnr.com/routes/mad-bcn,flight-route mismatch
MAD,BCN,IB419,85,https://2lnr.com/routes/mad-bcn,flight-route mismatch
MAD,BCN,IB419,75,https://2lnr.com/routes/mad-bcn,flight-route mismatch
MAD,BCN,IB423,75,https://2lnr.com/routes/mad-bcn,flight-route mismatch
MAD,BCN,IB425,80,https://2lnr.com/routes/mad-bcn,flight-route mismatch
MAD,BER,IB781,185,https://2lnr.com/routes/mad-ber,no independent flight-route evidence
MAD,BER,IB781,185,https://2lnr.com/routes/mad-ber,no independent flight-route evidence
MAD,BER,IB785,190,https://2lnr.com/routes/mad-ber,no independent flight-route evidence
MAD,BER,IB785,185,https://2lnr.com/routes/mad-ber,no independent flight-route evidence
MAD,BER,IB785,185,https://2lnr.com/routes/mad-ber,no independent flight-route evidence
MAD,BER,IB787,180,https://2lnr.com/routes/mad-ber,flight-route mismatch
MAD,BKK,E9845,740,https://2lnr.com/routes/mad-bkk,no independent flight-route evidence
MAD,BOS,IB345,500,https://2lnr.com/routes/mad-bos,no independent flight-route evidence
MAD,BOS,IB345,500,https://2lnr.com/routes/mad-bos,no independent flight-route evidence
MAD,BRU,IB1299,140,https://2lnr.com/routes/mad-bru,no independent flight-route evidence
MAD,BRU,IB601,145,https://2lnr.com/routes/mad-bru,no independent flight-route evidence
MAD,BRU,IB601,145,https://2lnr.com/routes/mad-bru,no independent flight-route evidence
MAD,BRU,IB601,145,https://2lnr.com/routes/mad-bru,no independent flight-route evidence
MAD,BUD,FR5713,185,https://2lnr.com/routes/mad-bud,flight-route mismatch
MAD,BUD,FR5713,185,https://2lnr.com/routes/mad-bud,flight-route mismatch
MAD,BUD,IB871,190,https://2lnr.com/routes/mad-bud,flight-route mismatch
MAD,BUD,W62372,180,https://2lnr.com/routes/mad-bud,no independent flight-route evidence
MAD,BUD,W62372,190,https://2lnr.com/routes/mad-bud,no independent flight-route evidence
MAD,BUD,W62372,175,https://2lnr.com/routes/mad-bud,no independent flight-route evidence
MAD,BUD,W62392,190,https://2lnr.com/routes/mad-bud,flight-route mismatch
MAD,CAI,IB1903,290,https://2lnr.com/routes/mad-cai,no independent flight-route evidence
MAD,CCS,Q42921,575,https://2lnr.com/routes/mad-ccs,no independent flight-route evidence
MAD,CCS,UX71,555,https://2lnr.com/routes/mad-ccs,flight-route mismatch
MAD,CDG,AF1101,125,https://2lnr.com/routes/mad-cdg,no independent flight-route evidence
MAD,CDG,AF1101,125,https://2lnr.com/routes/mad-cdg,no independent flight-route evidence
MAD,CDG,AF1101,125,https://2lnr.com/routes/mad-cdg,no independent flight-route evidence
MAD,CDG,IB589,130,https://2lnr.com/routes/mad-cdg,flight-route mismatch
MAD,CDG,IB589,130,https://2lnr.com/routes/mad-cdg,flight-route mismatch
MAD,CPH,IB817,195,https://2lnr.com/routes/mad-cph,flight-route mismatch
MAD,CPH,IB863,200,https://2lnr.com/routes/mad-cph,no independent flight-route evidence
MAD,CPH,IB875,200,https://2lnr.com/routes/mad-cph,no independent flight-route evidence
MAD,DUB,FR11,160,https://2lnr.com/routes/mad-dub,flight-route mismatch
MAD,DUB,FR494,160,https://2lnr.com/routes/mad-dub,no independent flight-route evidence
MAD,DUB,FR7157,160,https://2lnr.com/routes/mad-dub,no independent flight-route evidence
MAD,DUB,FR7241,160,https://2lnr.com/routes/mad-dub,flight-route mismatch
MAD,DUB,IB1881,155,https://2lnr.com/routes/mad-dub,no independent flight-route evidence
MAD,DUB,IB1881,155,https://2lnr.com/routes/mad-dub,no independent flight-route evidence
MAD,DUS,EW9511,155,https://2lnr.com/routes/mad-dus,no independent flight-route evidence
MAD,DUS,EW9511,155,https://2lnr.com/routes/mad-dus,no independent flight-route evidence
MAD,DUS,EW9511,155,https://2lnr.com/routes/mad-dus,no independent flight-route evidence
MAD,DUS,IB1319,150,https://2lnr.com/routes/mad-dus,no independent flight-route evidence
MAD,DUS,IB1319,150,https://2lnr.com/routes/mad-dus,no independent flight-route evidence
MAD,DUS,IB1323,150,https://2lnr.com/routes/mad-dus,no independent flight-route evidence
MAD,DUS,IB1325,150,https://2lnr.com/routes/mad-dus,no independent flight-route evidence
MAD,DUS,IB751,150,https://2lnr.com/routes/mad-dus,no independent flight-route evidence
MAD,DUS,IB753,150,https://2lnr.com/routes/mad-dus,no independent flight-route evidence
MAD,DUS,IB755,150,https://2lnr.com/routes/mad-dus,flight-route mismatch
MAD,DUS,IB755,150,https://2lnr.com/routes/mad-dus,flight-route mismatch
MAD,EDI,IB709,170,https://2lnr.com/routes/mad-edi,no independent flight-route evidence
MAD,EDI,U23210,175,https://2lnr.com/routes/mad-edi,no independent flight-route evidence
MAD,EDI,U23210,175,https://2lnr.com/routes/mad-edi,no independent flight-route evidence
MAD,EWR,IB327,515,https://2lnr.com/routes/mad-ewr,flight-route mismatch
MAD,FCO,FR2436,145,https://2lnr.com/routes/mad-fco,flight-route mismatch
MAD,FCO,IB649,150,https://2lnr.com/routes/mad-fco,no independent flight-route evidence
MAD,FCO,IB649,150,https://2lnr.com/routes/mad-fco,no independent flight-route evidence
MAD,FCO,IB651,145,https://2lnr.com/routes/mad-fco,flight-route mismatch
MAD,FCO,IB651,145,https://2lnr.com/routes/mad-fco,flight-route mismatch
MAD,FCO,IB653,150,https://2lnr.com/routes/mad-fco,no independent flight-route evidence
MAD,FCO,IB653,150,https://2lnr.com/routes/mad-fco,no independent flight-route evidence
MAD,FCO,IB655,150,https://2lnr.com/routes/mad-fco,flight-route mismatch
MAD,FCO,W46012,150,https://2lnr.com/routes/mad-fco,no independent flight-route evidence
MAD,FCO,W46012,130,https://2lnr.com/routes/mad-fco,no independent flight-route evidence
MAD,FCO,W46014,150,https://2lnr.com/routes/mad-fco,no independent flight-route evidence
MAD,FRA,IB1327,165,https://2lnr.com/routes/mad-fra,no independent flight-route evidence
MAD,FRA,IB1331,165,https://2lnr.com/routes/mad-fra,flight-route mismatch
MAD,FRA,IB1333,165,https://2lnr.com/routes/mad-fra,no independent flight-route evidence
MAD,GRU,LA8075,635,https://2lnr.com/routes/mad-gru,no independent flight-route evidence
MAD,GRU,LA8075,635,https://2lnr.com/routes/mad-gru,no independent flight-route evidence
MAD,GUA,IB223,675,https://2lnr.com/routes/mad-gua,no independent flight-route evidence
MAD,GVA,IB1275,120,https://2lnr.com/routes/mad-gva,no independent flight-route evidence
MAD,GVA,IB1279,120,https://2lnr.com/routes/mad-gva,no independent flight-route evidence
MAD,GVA,IB1281,115,https://2lnr.com/routes/mad-gva,no independent flight-route evidence
MAD,GVA,IB1281,115,https://2lnr.com/routes/mad-gva,no independent flight-route evidence
MAD,GVA,IB615,120,https://2lnr.com/routes/mad-gva,no independent flight-route evidence
MAD,GVA,IB625,115,https://2lnr.com/routes/mad-gva,no independent flight-route evidence
MAD,GVA,U21312,120,https://2lnr.com/routes/mad-gva,no independent flight-route evidence
MAD,GVA,UX1663,115,https://2lnr.com/routes/mad-gva,no independent flight-route evidence
MAD,GVA,UX1665,115,https://2lnr.com/routes/mad-gva,no independent flight-route evidence
MAD,HAM,IB771,180,https://2lnr.com/routes/mad-ham,flight-route mismatch
MAD,HAM,IB773,180,https://2lnr.com/routes/mad-ham,flight-route mismatch
MAD,HAM,IB775,175,https://2lnr.com/routes/mad-ham,no independent flight-route evidence
MAD,HAM,IB777,175,https://2lnr.com/routes/mad-ham,no independent flight-route evidence
MAD,IST,TK1358,260,https://2lnr.com/routes/mad-ist,flight-route mismatch
MAD,IST,TK1358,255,https://2lnr.com/routes/mad-ist,flight-route mismatch
MAD,IST,TK1360,260,https://2lnr.com/routes/mad-ist,no independent flight-route evidence
MAD,IST,TK1360,260,https://2lnr.com/routes/mad-ist,no independent flight-route evidence
MAD,IST,TK1858,255,https://2lnr.com/routes/mad-ist,flight-route mismatch
MAD,IST,TK1858,255,https://2lnr.com/routes/mad-ist,flight-route mismatch
MAD,IST,TK1858,255,https://2lnr.com/routes/mad-ist,flight-route mismatch
MAD,IST,TK1858,255,https://2lnr.com/routes/mad-ist,flight-route mismatch
MAD,JED,SV222,375,https://2lnr.com/routes/mad-jed,nonadjacent airports in flight sequence
MAD,JFK,IB323,515,https://2lnr.com/routes/mad-jfk,flight-route mismatch
MAD,KEF,IB1925,265,https://2lnr.com/routes/mad-kef,no independent flight-route evidence
MAD,KWI,KU134,400,https://2lnr.com/routes/mad-kwi,flight-route mismatch
MAD,KWI,KU135,400,https://2lnr.com/routes/mad-kwi,flight-route mismatch
MAD,LAD,DT659,390,https://2lnr.com/routes/mad-lad,no independent flight-route evidence
MAD,LGW,IB1861,140,https://2lnr.com/routes/mad-lgw,no independent flight-route evidence
MAD,LGW,IB1863,140,https://2lnr.com/routes/mad-lgw,no independent flight-route evidence
MAD,LGW,U28018,145,https://2lnr.com/routes/mad-lgw,flight-route mismatch
MAD,LGW,U28018,140,https://2lnr.com/routes/mad-lgw,flight-route mismatch
MAD,LGW,U28020,140,https://2lnr.com/routes/mad-lgw,flight-route mismatch
MAD,LGW,U28020,150,https://2lnr.com/routes/mad-lgw,flight-route mismatch
MAD,LGW,U28020,145,https://2lnr.com/routes/mad-lgw,flight-route mismatch
MAD,LGW,U28020,145,https://2lnr.com/routes/mad-lgw,flight-route mismatch
MAD,LHR,IB715,145,https://2lnr.com/routes/mad-lhr,flight-route mismatch
MAD,LHR,IB717,150,https://2lnr.com/routes/mad-lhr,no independent flight-route evidence
MAD,LHR,IB723,145,https://2lnr.com/routes/mad-lhr,no independent flight-route evidence
MAD,LHR,IB725,145,https://2lnr.com/routes/mad-lhr,flight-route mismatch
MAD,LIM,IB123,746,https://2lnr.com/routes/mad-lim,flight-route mismatch
MAD,LIM,IB123,746,https://2lnr.com/routes/mad-lim,flight-route mismatch
MAD,LIM,IB123,746,https://2lnr.com/routes/mad-lim,flight-route mismatch
MAD,LIM,IB125,720,https://2lnr.com/routes/mad-lim,flight-route mismatch
MAD,LIM,IB125,720,https://2lnr.com/routes/mad-lim,flight-route mismatch
MAD,LIM,LA2485,705,https://2lnr.com/routes/mad-lim,no independent flight-route evidence
MAD,LIM,LA2491,730,https://2lnr.com/routes/mad-lim,no independent flight-route evidence
MAD,LIM,PU301,730,https://2lnr.com/routes/mad-lim,flight-route mismatch
MAD,LIM,UX175,700,https://2lnr.com/routes/mad-lim,flight-route mismatch
MAD,LIS,IB1143,85,https://2lnr.com/routes/mad-lis,no independent flight-route evidence
MAD,LIS,IB1145,85,https://2lnr.com/routes/mad-lis,flight-route mismatch
MAD,LIS,IB529,90,https://2lnr.com/routes/mad-lis,no independent flight-route evidence
MAD,LIS,IB535,85,https://2lnr.com/routes/mad-lis,flight-route mismatch
MAD,LIS,U27652,85,https://2lnr.com/routes/mad-lis,no independent flight-route evidence
MAD,LIS,U27690,85,https://2lnr.com/routes/mad-lis,no independent flight-route evidence
MAD,MAN,IB1891,150,https://2lnr.com/routes/mad-man,no independent flight-route evidence
MAD,MAN,U22050,150,https://2lnr.com/routes/mad-man,flight-route mismatch
MAD,MUC,IB1309,155,https://2lnr.com/routes/mad-muc,no independent flight-route evidence
MAD,MUC,IB1315,155,https://2lnr.com/routes/mad-muc,flight-route mismatch
MAD,MUC,VL1803,155,https://2lnr.com/routes/mad-muc,no independent flight-route evidence
MAD,MUC,VL1807,150,https://2lnr.com/routes/mad-muc,no independent flight-route evidence
MAD,MUC,VL1807,150,https://2lnr.com/routes/mad-muc,no independent flight-route evidence
MAD,MXP,FR7912,130,https://2lnr.com/routes/mad-mxp,no independent flight-route evidence
MAD,MXP,FR7912,130,https://2lnr.com/routes/mad-mxp,no independent flight-route evidence
MAD,MXP,UX1063,125,https://2lnr.com/routes/mad-mxp,no independent flight-route evidence
MAD,MXP,W46312,135,https://2lnr.com/routes/mad-mxp,no independent flight-route evidence
MAD,NCE,IB1209,115,https://2lnr.com/routes/mad-nce,no independent flight-route evidence
MAD,NCE,IB1211,115,https://2lnr.com/routes/mad-nce,flight-route mismatch
MAD,NCE,IB1213,115,https://2lnr.com/routes/mad-nce,no independent flight-route evidence
MAD,NCE,IB1217,115,https://2lnr.com/routes/mad-nce,no independent flight-route evidence
MAD,NCE,U21714,115,https://2lnr.com/routes/mad-nce,no independent flight-route evidence
MAD,OPO,FR572,80,https://2lnr.com/routes/mad-opo,no independent flight-route evidence
MAD,OPO,IB1149,80,https://2lnr.com/routes/mad-opo,no independent flight-route evidence
MAD,OPO,IB1151,80,https://2lnr.com/routes/mad-opo,no independent flight-route evidence
MAD,OPO,IB1153,80,https://2lnr.com/routes/mad-opo,no independent flight-route evidence
MAD,OPO,IB543,80,https://2lnr.com/routes/mad-opo,no independent flight-route evidence
MAD,OPO,UX1141,75,https://2lnr.com/routes/mad-opo,no independent flight-route evidence
MAD,OPO,UX1141,75,https://2lnr.com/routes/mad-opo,no independent flight-route evidence
MAD,PRG,IB809,175,https://2lnr.com/routes/mad-prg,flight-route mismatch
MAD,PRG,IB809,175,https://2lnr.com/routes/mad-prg,flight-route mismatch
MAD,PRG,IB811,175,https://2lnr.com/routes/mad-prg,flight-route mismatch
MAD,RAK,FR6721,125,https://2lnr.com/routes/mad-rak,flight-route mismatch
MAD,RAK,FR6721,65,https://2lnr.com/routes/mad-rak,flight-route mismatch
MAD,RAK,FR9430,65,https://2lnr.com/routes/mad-rak,no independent flight-route evidence
MAD,RAK,IB1851,120,https://2lnr.com/routes/mad-rak,flight-route mismatch
MAD,RAK,IB1851,120,https://2lnr.com/routes/mad-rak,flight-route mismatch
MAD,RAK,IB1853,120,https://2lnr.com/routes/mad-rak,no independent flight-route evidence
MAD,RAK,IB1853,65,https://2lnr.com/routes/mad-rak,no independent flight-route evidence
MAD,RAK,IB1853,125,https://2lnr.com/routes/mad-rak,no independent flight-route evidence
MAD,SAL,E9865,680,https://2lnr.com/routes/mad-sal,no independent flight-route evidence
MAD,SJO,E9857,650,https://2lnr.com/routes/mad-sjo,no independent flight-route evidence
MAD,SJO,E9857,650,https://2lnr.com/routes/mad-sjo,no independent flight-route evidence
MAD,TFU,3U3804,715,https://2lnr.com/routes/mad-tfu,flight-route mismatch
MAD,TFU,3U3804,725,https://2lnr.com/routes/mad-tfu,flight-route mismatch
MAD,TFU,3U3804,725,https://2lnr.com/routes/mad-tfu,flight-route mismatch
MAD,VIE,FR690,180,https://2lnr.com/routes/mad-vie,flight-route mismatch
MAD,VIE,FR690,180,https://2lnr.com/routes/mad-vie,flight-route mismatch
MAD,VIE,IB791,180,https://2lnr.com/routes/mad-vie,flight-route mismatch
MAD,VIE,IB793,180,https://2lnr.com/routes/mad-vie,no independent flight-route evidence
MAD,VIE,IB795,180,https://2lnr.com/routes/mad-vie,no independent flight-route evidence
MAD,VIE,IB795,180,https://2lnr.com/routes/mad-vie,no independent flight-route evidence
MAD,VIE,IB797,180,https://2lnr.com/routes/mad-vie,flight-route mismatch
MAD,VIE,IB797,180,https://2lnr.com/routes/mad-vie,flight-route mismatch
MAD,YYZ,IB367,540,https://2lnr.com/routes/mad-yyz,flight-route mismatch
MAD,ZRH,IB1283,140,https://2lnr.com/routes/mad-zrh,no independent flight-route evidence
MAD,ZRH,IB627,145,https://2lnr.com/routes/mad-zrh,no independent flight-route evidence
MAD,ZRH,IB627,140,https://2lnr.com/routes/mad-zrh,no independent flight-route evidence
MAD,ZRH,IB629,140,https://2lnr.com/routes/mad-zrh,no independent flight-route evidence
MAD,ZRH,IB629,140,https://2lnr.com/routes/mad-zrh,no independent flight-route evidence
MAD,ZRH,IB631,140,https://2lnr.com/routes/mad-zrh,flight-route mismatch
MAN,AMS,KL1030,80,https://2lnr.com/routes/man-ams,flight-route mismatch
MAN,AMS,KL1030,80,https://2lnr.com/routes/man-ams,flight-route mismatch
MAN,AMS,KL1030,80,https://2lnr.com/routes/man-ams,flight-route mismatch
MAN,AMS,U22161,85,https://2lnr.com/routes/man-ams,flight-route mismatch
MAN,AMS,U22165,80,https://2lnr.com/routes/man-ams,no independent flight-route evidence
MAN,AMS,U22167,80,https://2lnr.com/routes/man-ams,flight-route mismatch
MAN,ATH,LS1709,235,https://2lnr.com/routes/man-ath,no independent flight-route evidence
MAN,ATH,U22059,240,https://2lnr.com/routes/man-ath,flight-route mismatch
MAN,AUH,EY78,425,https://2lnr.com/routes/man-auh,flight-route mismatch
MAN,AUH,EY78,425,https://2lnr.com/routes/man-auh,flight-route mismatch
MAN,BCN,FR5271,140,https://2lnr.com/routes/man-bcn,flight-route mismatch
MAN,BCN,FR6596,140,https://2lnr.com/routes/man-bcn,no independent flight-route evidence
MAN,BCN,U22001,145,https://2lnr.com/routes/man-bcn,no independent flight-route evidence
MAN,BCN,U22001,140,https://2lnr.com/routes/man-bcn,no independent flight-route evidence
MAN,BCN,VY8747,145,https://2lnr.com/routes/man-bcn,flight-route mismatch
MAN,BCN,VY8747,145,https://2lnr.com/routes/man-bcn,flight-route mismatch
MAN,BCN,VY8747,145,https://2lnr.com/routes/man-bcn,flight-route mismatch
MAN,BER,FR1145,115,https://2lnr.com/routes/man-ber,flight-route mismatch
MAN,BER,FR1145,115,https://2lnr.com/routes/man-ber,flight-route mismatch
MAN,BER,FR1145,115,https://2lnr.com/routes/man-ber,flight-route mismatch
MAN,BER,FR1155,115,https://2lnr.com/routes/man-ber,flight-route mismatch
MAN,BER,RK1145,115,https://2lnr.com/routes/man-ber,flight-route mismatch
MAN,BER,U22201,115,https://2lnr.com/routes/man-ber,flight-route mismatch
MAN,BER,U25312,115,https://2lnr.com/routes/man-ber,flight-route mismatch
MAN,CDG,AF1269,105,https://2lnr.com/routes/man-cdg,no independent flight-route evidence
MAN,CDG,U22105,95,https://2lnr.com/routes/man-cdg,flight-route mismatch
MAN,CDG,U22107,95,https://2lnr.com/routes/man-cdg,flight-route mismatch
MAN,CDG,U22109,95,https://2lnr.com/routes/man-cdg,flight-route mismatch
MAN,CDG,U22113,95,https://2lnr.com/routes/man-cdg,no independent flight-route evidence
MAN,CDG,U22117,100,https://2lnr.com/routes/man-cdg,flight-route mismatch
MAN,CDG,U22117,95,https://2lnr.com/routes/man-cdg,flight-route mismatch
MAN,CDG,U24646,95,https://2lnr.com/routes/man-cdg,flight-route mismatch
MAN,CDG,U24646,95,https://2lnr.com/routes/man-cdg,flight-route mismatch
MAN,CPH,FR6967,115,https://2lnr.com/routes/man-cph,no independent flight-route evidence
MAN,CPH,FR6967,115,https://2lnr.com/routes/man-cph,no independent flight-route evidence
MAN,CPH,U22237,115,https://2lnr.com/routes/man-cph,flight-route mismatch
MAN,DUB,EI3321,70,https://2lnr.com/routes/man-dub,no independent flight-route evidence
MAN,DUB,EI3323,70,https://2lnr.com/routes/man-dub,no independent flight-route evidence
MAN,DUB,EI3325,75,https://2lnr.com/routes/man-dub,no independent flight-route evidence
MAN,DUB,EI3327,70,https://2lnr.com/routes/man-dub,no independent flight-route evidence
MAN,DUB,EI3329,70,https://2lnr.com/routes/man-dub,no independent flight-route evidence
MAN,DUB,FR1900,60,https://2lnr.com/routes/man-dub,flight-route mismatch
MAN,DUS,EW9343,85,https://2lnr.com/routes/man-dus,no independent flight-route evidence
MAN,DUS,EW9343,85,https://2lnr.com/routes/man-dus,no independent flight-route evidence
MAN,FCO,LS987,175,https://2lnr.com/routes/man-fco,no independent flight-route evidence
MAN,FCO,U22123,175,https://2lnr.com/routes/man-fco,flight-route mismatch
MAN,FCO,U22123,175,https://2lnr.com/routes/man-fco,flight-route mismatch
MAN,GVA,U21592,115,https://2lnr.com/routes/man-gva,flight-route mismatch
MAN,GVA,U22183,115,https://2lnr.com/routes/man-gva,flight-route mismatch
MAN,GVA,U22185,110,https://2lnr.com/routes/man-gva,no independent flight-route evidence
MAN,GVA,U22187,110,https://2lnr.com/routes/man-gva,flight-route mismatch
MAN,GVA,U22187,115,https://2lnr.com/routes/man-gva,flight-route mismatch
MAN,HAM,U22195,100,https://2lnr.com/routes/man-ham,no independent flight-route evidence
MAN,HAM,U22195,95,https://2lnr.com/routes/man-ham,no independent flight-route evidence
MAN,HEL,AY1362,165,https://2lnr.com/routes/man-hel,no independent flight-route evidence
MAN,HEL,AY1362,165,https://2lnr.com/routes/man-hel,no independent flight-route evidence
MAN,IST,TK1916,240,https://2lnr.com/routes/man-ist,flight-route mismatch
MAN,IST,TK1916,240,https://2lnr.com/routes/man-ist,flight-route mismatch
MAN,IST,TK1916,240,https://2lnr.com/routes/man-ist,flight-route mismatch
MAN,IST,TK1992,245,https://2lnr.com/routes/man-ist,flight-route mismatch
MAN,IST,TK1994,250,https://2lnr.com/routes/man-ist,flight-route mismatch
MAN,IST,TK1994,250,https://2lnr.com/routes/man-ist,flight-route mismatch
MAN,KEF,LS1723,175,https://2lnr.com/routes/man-kef,no independent flight-route evidence
MAN,KWI,KU114,400,https://2lnr.com/routes/man-kwi,flight-route mismatch
MAN,LHR,BA1359,70,https://2lnr.com/routes/man-lhr,no independent flight-route evidence
MAN,LHR,BA1359,75,https://2lnr.com/routes/man-lhr,no independent flight-route evidence
MAN,LHR,BA1359,75,https://2lnr.com/routes/man-lhr,no independent flight-route evidence
MAN,LHR,BA1359,75,https://2lnr.com/routes/man-lhr,no independent flight-route evidence
MAN,LHR,BA1361,70,https://2lnr.com/routes/man-lhr,flight-route mismatch
MAN,LHR,BA1361,70,https://2lnr.com/routes/man-lhr,flight-route mismatch
MAN,LHR,BA1363,65,https://2lnr.com/routes/man-lhr,flight-route mismatch
MAN,LHR,BA1365,70,https://2lnr.com/routes/man-lhr,flight-route mismatch
MAN,LHR,BA1369,65,https://2lnr.com/routes/man-lhr,flight-route mismatch
MAN,LHR,BA1369,65,https://2lnr.com/routes/man-lhr,flight-route mismatch
MAN,LHR,BA1379,75,https://2lnr.com/routes/man-lhr,no independent flight-route evidence
MAN,LHR,BA1379,75,https://2lnr.com/routes/man-lhr,no independent flight-route evidence
MAN,LIS,U22209,175,https://2lnr.com/routes/man-lis,no independent flight-route evidence
MAN,LIS,U22209,185,https://2lnr.com/routes/man-lis,no independent flight-route evidence
MAN,LIS,U27704,175,https://2lnr.com/routes/man-lis,no independent flight-route evidence
MAN,LIS,U27704,180,https://2lnr.com/routes/man-lis,no independent flight-route evidence
MAN,MAD,IB1892,155,https://2lnr.com/routes/man-mad,no independent flight-route evidence
MAN,MAD,U22049,160,https://2lnr.com/routes/man-mad,flight-route mismatch
MAN,MXP,FR6820,135,https://2lnr.com/routes/man-mxp,flight-route mismatch
MAN,MXP,U22041,135,https://2lnr.com/routes/man-mxp,flight-route mismatch
MAN,MXP,U22069,135,https://2lnr.com/routes/man-mxp,flight-route mismatch
MAN,NCE,U21774,140,https://2lnr.com/routes/man-nce,no independent flight-route evidence
MAN,NCE,U21774,145,https://2lnr.com/routes/man-nce,no independent flight-route evidence
MAN,NCE,U22103,135,https://2lnr.com/routes/man-nce,flight-route mismatch
MAN,NCE,U22103,145,https://2lnr.com/routes/man-nce,flight-route mismatch
MAN,OPO,FR1175,150,https://2lnr.com/routes/man-opo,flight-route mismatch
MAN,OPO,FR1175,150,https://2lnr.com/routes/man-opo,flight-route mismatch
MAN,OPO,U22211,155,https://2lnr.com/routes/man-opo,no independent flight-route evidence
MAN,OPO,U26884,150,https://2lnr.com/routes/man-opo,flight-route mismatch
MAN,OSL,U22297,120,https://2lnr.com/routes/man-osl,flight-route mismatch
MAN,PRG,FR6838,125,https://2lnr.com/routes/man-prg,no independent flight-route evidence
MAN,PRG,U22229,125,https://2lnr.com/routes/man-prg,flight-route mismatch
MAN,PRG,U22229,130,https://2lnr.com/routes/man-prg,flight-route mismatch
MAN,RAK,RK6480,165,https://2lnr.com/routes/man-rak,no independent flight-route evidence
MAN,RAK,U22265,165,https://2lnr.com/routes/man-rak,flight-route mismatch
MAN,RAK,U22265,230,https://2lnr.com/routes/man-rak,flight-route mismatch
MAN,RAK,U22265,165,https://2lnr.com/routes/man-rak,flight-route mismatch
MAN,RAK,U22265,170,https://2lnr.com/routes/man-rak,flight-route mismatch
MAN,VIE,FR693,145,https://2lnr.com/routes/man-vie,no independent flight-route evidence
MAN,VIE,FR693,145,https://2lnr.com/routes/man-vie,no independent flight-route evidence
MAN,ZRH,U22193,115,https://2lnr.com/routes/man-zrh,flight-route mismatch
MCO,BOG,LA4407,245,https://2lnr.com/routes/mco-bog,no independent flight-route evidence
MCO,BOG,LA4409,245,https://2lnr.com/routes/mco-bog,no independent flight-route evidence
MCO,BOS,AA442,185,https://2lnr.com/routes/mco-bos,flight-route mismatch
MCO,CLT,AA1592,110,https://2lnr.com/routes/mco-clt,flight-route mismatch
MCO,CLT,AA1896,105,https://2lnr.com/routes/mco-clt,flight-route mismatch
MCO,CLT,AA2117,109,https://2lnr.com/routes/mco-clt,flight-route mismatch
MCO,CLT,AA3293,114,https://2lnr.com/routes/mco-clt,flight-route mismatch
MCO,DEN,UA393,241,https://2lnr.com/routes/mco-den,flight-route mismatch
MCO,DFW,AA1692,188,https://2lnr.com/routes/mco-dfw,flight-route mismatch
MCO,DFW,AA1937,176,https://2lnr.com/routes/mco-dfw,flight-route mismatch
MCO,DFW,AA2108,190,https://2lnr.com/routes/mco-dfw,flight-route mismatch
MCO,DFW,AA2750,182,https://2lnr.com/routes/mco-dfw,flight-route mismatch
MCO,DFW,AA3085,182,https://2lnr.com/routes/mco-dfw,flight-route mismatch
MCO,DTW,DL1149,164,https://2lnr.com/routes/mco-dtw,flight-route mismatch
MCO,DTW,DL1274,169,https://2lnr.com/routes/mco-dtw,flight-route mismatch
MCO,DTW,DL1776,168,https://2lnr.com/routes/mco-dtw,flight-route mismatch
MCO,DTW,DL1852,159,https://2lnr.com/routes/mco-dtw,flight-route mismatch
MCO,DTW,DL1852,163,https://2lnr.com/routes/mco-dtw,flight-route mismatch
MCO,DTW,DL2742,166,https://2lnr.com/routes/mco-dtw,flight-route mismatch
MCO,EWR,UA1330,161,https://2lnr.com/routes/mco-ewr,flight-route mismatch
MCO,EWR,UA2662,165,https://2lnr.com/routes/mco-ewr,flight-route mismatch
MCO,FOR,G37625,460,https://2lnr.com/routes/mco-for,flight-route mismatch
MCO,GRU,LA8127,510,https://2lnr.com/routes/mco-gru,no independent flight-route evidence
MCO,GRU,LA8187,515,https://2lnr.com/routes/mco-gru,no independent flight-route evidence
MCO,GRU,LA8187,495,https://2lnr.com/routes/mco-gru,no independent flight-route evidence
MCO,GRU,LA8187,505,https://2lnr.com/routes/mco-gru,no independent flight-route evidence
MCO,GRU,LA8187,520,https://2lnr.com/routes/mco-gru,no independent flight-route evidence
MCO,IAD,UA390,129,https://2lnr.com/routes/mco-iad,flight-route mismatch
MCO,IAH,UA554,155,https://2lnr.com/routes/mco-iah,flight-route mismatch
MCO,JFK,DL1685,186,https://2lnr.com/routes/mco-jfk,flight-route mismatch
MCO,JFK,DL1685,167,https://2lnr.com/routes/mco-jfk,flight-route mismatch
MCO,JFK,DL1685,163,https://2lnr.com/routes/mco-jfk,flight-route mismatch
MCO,JFK,DL1849,164,https://2lnr.com/routes/mco-jfk,flight-route mismatch
MCO,JFK,DL2019,173,https://2lnr.com/routes/mco-jfk,flight-route mismatch
MCO,LAX,AA1496,323,https://2lnr.com/routes/mco-lax,flight-route mismatch
MCO,LAX,AA291,326,https://2lnr.com/routes/mco-lax,flight-route mismatch
MCO,LAX,DL1140,316,https://2lnr.com/routes/mco-lax,flight-route mismatch
MCO,LAX,DL644,315,https://2lnr.com/routes/mco-lax,flight-route mismatch
MCO,MAD,IB340,530,https://2lnr.com/routes/mco-mad,flight-route mismatch
MCO,MAD,IB340,530,https://2lnr.com/routes/mco-mad,flight-route mismatch
MCO,MIA,AA1652,73,https://2lnr.com/routes/mco-mia,flight-route mismatch
MCO,MIA,AA1693,74,https://2lnr.com/routes/mco-mia,flight-route mismatch
MCO,MIA,AA2109,76,https://2lnr.com/routes/mco-mia,flight-route mismatch
MCO,MSP,DL1654,219,https://2lnr.com/routes/mco-msp,flight-route mismatch
MCO,MSP,DL1768,219,https://2lnr.com/routes/mco-msp,flight-route mismatch
MCO,ORD,AA1645,193,https://2lnr.com/routes/mco-ord,flight-route mismatch
MCO,ORD,AA1661,196,https://2lnr.com/routes/mco-ord,flight-route mismatch
MCO,ORD,F91349,188,https://2lnr.com/routes/mco-ord,no independent flight-route evidence
MCO,ORD,UA1621,193,https://2lnr.com/routes/mco-ord,flight-route mismatch
MCO,ORD,UA1993,190,https://2lnr.com/routes/mco-ord,flight-route mismatch
MCO,ORD,UA1993,191,https://2lnr.com/routes/mco-ord,flight-route mismatch
MCO,ORD,UA2683,186,https://2lnr.com/routes/mco-ord,flight-route mismatch
MCO,PHL,AA1646,157,https://2lnr.com/routes/mco-phl,flight-route mismatch
MCO,PHL,AA620,156,https://2lnr.com/routes/mco-phl,flight-route mismatch
MCO,PHL,AA621,157,https://2lnr.com/routes/mco-phl,flight-route mismatch
MCO,PHX,AA1663,286,https://2lnr.com/routes/mco-phx,flight-route mismatch
MCO,PHX,AA2727,297,https://2lnr.com/routes/mco-phx,flight-route mismatch
MCO,PHX,AA2955,272,https://2lnr.com/routes/mco-phx,flight-route mismatch
MCO,SAL,AV423,180,https://2lnr.com/routes/mco-sal,no independent flight-route evidence
MCO,SAL,AV423,180,https://2lnr.com/routes/mco-sal,no independent flight-route evidence
MCO,SAN,AS707,316,https://2lnr.com/routes/mco-san,flight-route mismatch
MCO,SEA,AS1318,380,https://2lnr.com/routes/mco-sea,flight-route mismatch
MCO,SEA,AS1318,380,https://2lnr.com/routes/mco-sea,flight-route mismatch
MCO,SEA,AS461,381,https://2lnr.com/routes/mco-sea,flight-route mismatch
MCO,SEA,AS461,381,https://2lnr.com/routes/mco-sea,flight-route mismatch
MCO,SFO,AS369,354,https://2lnr.com/routes/mco-sfo,flight-route mismatch
MCO,SFO,UA324,351,https://2lnr.com/routes/mco-sfo,flight-route mismatch
MCO,SLC,DL1357,292,https://2lnr.com/routes/mco-slc,flight-route mismatch
MCO,SLC,DL1691,289,https://2lnr.com/routes/mco-slc,flight-route mismatch
MCO,SLC,DL1691,291,https://2lnr.com/routes/mco-slc,flight-route mismatch
MCO,SLC,DL1691,302,https://2lnr.com/routes/mco-slc,flight-route mismatch
MCO,SLC,DL2032,300,https://2lnr.com/routes/mco-slc,flight-route mismatch
MCO,YUL,AC1635,188,https://2lnr.com/routes/mco-yul,flight-route mismatch
MCO,YUL,AC1637,190,https://2lnr.com/routes/mco-yul,flight-route mismatch
MCO,YUL,AC1639,182,https://2lnr.com/routes/mco-yul,flight-route mismatch
MCO,YUL,AC1639,182,https://2lnr.com/routes/mco-yul,flight-route mismatch
MCO,YUL,AC1641,188,https://2lnr.com/routes/mco-yul,no independent flight-route evidence
MCO,YYZ,AC1675,166,https://2lnr.com/routes/mco-yyz,flight-route mismatch
MCO,YYZ,AC1675,166,https://2lnr.com/routes/mco-yyz,flight-route mismatch
MCO,YYZ,AC1675,166,https://2lnr.com/routes/mco-yyz,flight-route mismatch
MCO,YYZ,AC1677,166,https://2lnr.com/routes/mco-yyz,no independent flight-route evidence
MCO,YYZ,AC1677,166,https://2lnr.com/routes/mco-yyz,no independent flight-route evidence
MCT,CMB,OV439,245,https://2lnr.com/routes/mct-cmb,no independent flight-route evidence
MCT,CMB,OV439,245,https://2lnr.com/routes/mct-cmb,no independent flight-route evidence
MCT,DAC,BG722,300,https://2lnr.com/routes/mct-dac,flight-route mismatch
MCT,DAC,BG722,290,https://2lnr.com/routes/mct-dac,flight-route mismatch
MCT,DAC,BS322,290,https://2lnr.com/routes/mct-dac,flight-route mismatch
MCT,DAC,OV493,270,https://2lnr.com/routes/mct-dac,flight-route mismatch
MCT,DAC,OV497,270,https://2lnr.com/routes/mct-dac,flight-route mismatch
MCT,DAC,OV497,275,https://2lnr.com/routes/mct-dac,flight-route mismatch
MCT,DAC,WY317,285,https://2lnr.com/routes/mct-dac,flight-route mismatch
MCT,DAC,WY317,285,https://2lnr.com/routes/mct-dac,flight-route mismatch
MCT,DOH,QR1125,95,https://2lnr.com/routes/mct-doh,no independent flight-route evidence
MCT,DOH,QR1149,95,https://2lnr.com/routes/mct-doh,no independent flight-route evidence
MCT,DOH,QR1149,95,https://2lnr.com/routes/mct-doh,no independent flight-route evidence
MCT,DOH,QR1149,95,https://2lnr.com/routes/mct-doh,no independent flight-route evidence
MCT,DXB,FZ44,65,https://2lnr.com/routes/mct-dxb,no independent flight-route evidence
MCT,DXB,FZ46,75,https://2lnr.com/routes/mct-dxb,no independent flight-route evidence
MCT,DXB,FZ50,70,https://2lnr.com/routes/mct-dxb,no independent flight-route evidence
MCT,DXB,FZ50,65,https://2lnr.com/routes/mct-dxb,no independent flight-route evidence
MCT,KGL,OV371,335,https://2lnr.com/routes/mct-kgl,no independent flight-route evidence
MCT,KGL,OV371,335,https://2lnr.com/routes/mct-kgl,no independent flight-route evidence
MCT,KWI,OV1258,145,https://2lnr.com/routes/mct-kwi,no independent flight-route evidence
MCT,KWI,OV227,145,https://2lnr.com/routes/mct-kwi,flight-route mismatch
MCT,KWI,OV227,145,https://2lnr.com/routes/mct-kwi,flight-route mismatch
MCT,KWI,OV227,145,https://2lnr.com/routes/mct-kwi,flight-route mismatch
MCT,KWI,WY643,130,https://2lnr.com/routes/mct-kwi,flight-route mismatch
MCT,KWI,WY643,150,https://2lnr.com/routes/mct-kwi,flight-route mismatch
MCT,KWI,WY645,150,https://2lnr.com/routes/mct-kwi,flight-route mismatch
MCT,KWI,WY645,130,https://2lnr.com/routes/mct-kwi,flight-route mismatch
MCT,KWI,WY647,125,https://2lnr.com/routes/mct-kwi,flight-route mismatch
MCT,KWI,WY647,125,https://2lnr.com/routes/mct-kwi,flight-route mismatch
MCT,NBO,OV367,285,https://2lnr.com/routes/mct-nbo,no independent flight-route evidence
MEL,CMB,JQ5,620,https://2lnr.com/routes/mel-cmb,flight-route mismatch
MEL,CMB,UL609,645,https://2lnr.com/routes/mel-cmb,no independent flight-route evidence
MEL,DOH,QR989,845,https://2lnr.com/routes/mel-doh,flight-route mismatch
MEL,PEK,CA566,740,https://2lnr.com/routes/mel-pek,flight-route mismatch
MEL,SYD,QF1260,100,https://2lnr.com/routes/mel-syd,flight-route mismatch
MEL,TFU,3U3886,660,https://2lnr.com/routes/mel-tfu,flight-route mismatch
MEX,EWR,UA718,298,https://2lnr.com/routes/mex-ewr,flight-route mismatch
MEX,GRU,LA8113,555,https://2lnr.com/routes/mex-gru,no independent flight-route evidence
MEX,LIM,AM46,365,https://2lnr.com/routes/mex-lim,flight-route mismatch
MEX,LIM,LA2471,355,https://2lnr.com/routes/mex-lim,no independent flight-route evidence
MEX,LIM,Y43918,361,https://2lnr.com/routes/mex-lim,flight-route mismatch
MEX,SAL,AV431,130,https://2lnr.com/routes/mex-sal,no independent flight-route evidence
MEX,SAL,AV431,130,https://2lnr.com/routes/mex-sal,no independent flight-route evidence
MEX,SJO,AV633,180,https://2lnr.com/routes/mex-sjo,no independent flight-route evidence
MEX,SJU,AM786,295,https://2lnr.com/routes/mex-sju,flight-route mismatch
MEX,YUL,AC2094,325,https://2lnr.com/routes/mex-yul,flight-route mismatch
MEX,YUL,AC996,320,https://2lnr.com/routes/mex-yul,flight-route mismatch
MEX,YVR,AC2097,345,https://2lnr.com/routes/mex-yvr,flight-route mismatch
MEX,YYZ,AC1886,285,https://2lnr.com/routes/mex-yyz,flight-route mismatch
MEX,YYZ,AC1888,285,https://2lnr.com/routes/mex-yyz,flight-route mismatch
MIA,BOG,LA4401,220,https://2lnr.com/routes/mia-bog,no independent flight-route evidence
MIA,BOG,LA4403,220,https://2lnr.com/routes/mia-bog,no independent flight-route evidence
MIA,BOS,AA1147,203,https://2lnr.com/routes/mia-bos,flight-route mismatch
MIA,BOS,AA1886,211,https://2lnr.com/routes/mia-bos,flight-route mismatch
MIA,BOS,AA1886,208,https://2lnr.com/routes/mia-bos,flight-route mismatch
MIA,BOS,AA2064,207,https://2lnr.com/routes/mia-bos,flight-route mismatch
MIA,BOS,AA2143,205,https://2lnr.com/routes/mia-bos,flight-route mismatch
MIA,BOS,AA2143,205,https://2lnr.com/routes/mia-bos,flight-route mismatch
MIA,BOS,AA2411,207,https://2lnr.com/routes/mia-bos,flight-route mismatch
MIA,BOS,AA3247,208,https://2lnr.com/routes/mia-bos,flight-route mismatch
MIA,BOS,AA4599,211,https://2lnr.com/routes/mia-bos,flight-route mismatch
MIA,BOS,DL1753,206,https://2lnr.com/routes/mia-bos,flight-route mismatch
MIA,BOS,DL1965,204,https://2lnr.com/routes/mia-bos,flight-route mismatch
MIA,CCS,AA3759,206,https://2lnr.com/routes/mia-ccs,flight-route mismatch
MIA,CCS,AA3759,204,https://2lnr.com/routes/mia-ccs,flight-route mismatch
MIA,CLT,AA1337,129,https://2lnr.com/routes/mia-clt,flight-route mismatch
MIA,CLT,AA3135,128,https://2lnr.com/routes/mia-clt,flight-route mismatch
MIA,CLT,AA969,125,https://2lnr.com/routes/mia-clt,flight-route mismatch
MIA,CMN,AT205,495,https://2lnr.com/routes/mia-cmn,flight-route mismatch
MIA,CMN,AT205,435,https://2lnr.com/routes/mia-cmn,flight-route mismatch
MIA,DEN,AA1310,260,https://2lnr.com/routes/mia-den,flight-route mismatch
MIA,DEN,AA1310,262,https://2lnr.com/routes/mia-den,flight-route mismatch
MIA,DEN,UA2045,268,https://2lnr.com/routes/mia-den,flight-route mismatch
MIA,DFW,AA1134,200,https://2lnr.com/routes/mia-dfw,flight-route mismatch
MIA,DFW,AA1454,204,https://2lnr.com/routes/mia-dfw,flight-route mismatch
MIA,DFW,AA1788,197,https://2lnr.com/routes/mia-dfw,flight-route mismatch
MIA,DFW,AA1894,202,https://2lnr.com/routes/mia-dfw,flight-route mismatch
MIA,DFW,AA2503,197,https://2lnr.com/routes/mia-dfw,flight-route mismatch
MIA,DTW,DL1733,191,https://2lnr.com/routes/mia-dtw,flight-route mismatch
MIA,EWR,AA1446,193,https://2lnr.com/routes/mia-ewr,flight-route mismatch
MIA,EWR,UA2158,175,https://2lnr.com/routes/mia-ewr,flight-route mismatch
MIA,FOR,LA8189,410,https://2lnr.com/routes/mia-for,no independent flight-route evidence
MIA,GRU,LA8191,500,https://2lnr.com/routes/mia-gru,no independent flight-route evidence
MIA,GRU,LA8191,505,https://2lnr.com/routes/mia-gru,no independent flight-route evidence
MIA,GRU,LA8195,490,https://2lnr.com/routes/mia-gru,no independent flight-route evidence
MIA,GRU,LA8199,505,https://2lnr.com/routes/mia-gru,no independent flight-route evidence
MIA,GUA,AA2395,165,https://2lnr.com/routes/mia-gua,flight-route mismatch
MIA,GYE,AV7377,275,https://2lnr.com/routes/mia-gye,no independent flight-route evidence
MIA,GYE,AV7379,275,https://2lnr.com/routes/mia-gye,no independent flight-route evidence
MIA,IAH,AA2541,171,https://2lnr.com/routes/mia-iah,flight-route mismatch
MIA,IAH,AA3100,179,https://2lnr.com/routes/mia-iah,flight-route mismatch
MIA,IAH,AA3100,176,https://2lnr.com/routes/mia-iah,flight-route mismatch
MIA,IAH,AA3100,169,https://2lnr.com/routes/mia-iah,flight-route mismatch
MIA,IAH,AA3358,167,https://2lnr.com/routes/mia-iah,flight-route mismatch
MIA,IAH,UA2417,172,https://2lnr.com/routes/mia-iah,flight-route mismatch
MIA,IST,TK158,680,https://2lnr.com/routes/mia-ist,flight-route mismatch
MIA,IST,TK78,695,https://2lnr.com/routes/mia-ist,flight-route mismatch
MIA,JFK,AA1586,185,https://2lnr.com/routes/mia-jfk,flight-route mismatch
MIA,JFK,DL1438,197,https://2lnr.com/routes/mia-jfk,flight-route mismatch
MIA,JFK,DL1528,183,https://2lnr.com/routes/mia-jfk,flight-route mismatch
MIA,JFK,DL1810,182,https://2lnr.com/routes/mia-jfk,flight-route mismatch
MIA,JFK,DL1811,185,https://2lnr.com/routes/mia-jfk,flight-route mismatch
MIA,LAS,AA1622,331,https://2lnr.com/routes/mia-las,flight-route mismatch
MIA,LAS,AA2941,331,https://2lnr.com/routes/mia-las,flight-route mismatch
MIA,LAS,AA3318,326,https://2lnr.com/routes/mia-las,flight-route mismatch
MIA,LAX,AA1115,337,https://2lnr.com/routes/mia-lax,flight-route mismatch
MIA,LAX,AA1644,337,https://2lnr.com/routes/mia-lax,flight-route mismatch
MIA,LAX,AA2311,346,https://2lnr.com/routes/mia-lax,flight-route mismatch
MIA,LAX,AA2913,337,https://2lnr.com/routes/mia-lax,flight-route mismatch
MIA,LAX,AA3239,331,https://2lnr.com/routes/mia-lax,flight-route mismatch
MIA,LAX,DL811,348,https://2lnr.com/routes/mia-lax,flight-route mismatch
MIA,LIM,AA1307,337,https://2lnr.com/routes/mia-lim,flight-route mismatch
MIA,LIM,AA1307,343,https://2lnr.com/routes/mia-lim,flight-route mismatch
MIA,LIM,AA385,337,https://2lnr.com/routes/mia-lim,flight-route mismatch
MIA,LIM,AA385,344,https://2lnr.com/routes/mia-lim,flight-route mismatch
MIA,LIM,AA917,341,https://2lnr.com/routes/mia-lim,flight-route mismatch
MIA,LIM,AA917,345,https://2lnr.com/routes/mia-lim,flight-route mismatch
MIA,LIM,H25595,345,https://2lnr.com/routes/mia-lim,no independent flight-route evidence
MIA,LIM,LA2481,345,https://2lnr.com/routes/mia-lim,no independent flight-route evidence
MIA,LIM,LA2693,345,https://2lnr.com/routes/mia-lim,no independent flight-route evidence
MIA,LIM,LA2695,350,https://2lnr.com/routes/mia-lim,no independent flight-route evidence
MIA,LIM,LA2699,345,https://2lnr.com/routes/mia-lim,no independent flight-route evidence
MIA,MCO,AA1642,74,https://2lnr.com/routes/mia-mco,flight-route mismatch
MIA,MCO,AA1652,70,https://2lnr.com/routes/mia-mco,flight-route mismatch
MIA,MCO,AA1652,70,https://2lnr.com/routes/mia-mco,flight-route mismatch
MIA,MCO,AA2109,69,https://2lnr.com/routes/mia-mco,flight-route mismatch
MIA,MCO,AA3265,72,https://2lnr.com/routes/mia-mco,flight-route mismatch
MIA,MCO,AA3265,70,https://2lnr.com/routes/mia-mco,flight-route mismatch
MIA,MCO,AA649,69,https://2lnr.com/routes/mia-mco,flight-route mismatch
MIA,MEX,AA843,210,https://2lnr.com/routes/mia-mex,flight-route mismatch
MIA,ORD,AA1431,213,https://2lnr.com/routes/mia-ord,flight-route mismatch
MIA,ORD,AA2491,212,https://2lnr.com/routes/mia-ord,flight-route mismatch
MIA,PHL,AA2409,172,https://2lnr.com/routes/mia-phl,flight-route mismatch
MIA,PHL,AA2594,172,https://2lnr.com/routes/mia-phl,flight-route mismatch
MIA,PHL,AA2853,172,https://2lnr.com/routes/mia-phl,flight-route mismatch
MIA,PHL,AA2936,175,https://2lnr.com/routes/mia-phl,flight-route mismatch
MIA,PHX,AA2427,295,https://2lnr.com/routes/mia-phx,flight-route mismatch
MIA,PHX,AA3224,295,https://2lnr.com/routes/mia-phx,flight-route mismatch
MIA,PUJ,DM1715,156,https://2lnr.com/routes/mia-puj,no independent flight-route evidence
MIA,PUJ,DM4096,156,https://2lnr.com/routes/mia-puj,no independent flight-route evidence
MIA,SAL,AA345,170,https://2lnr.com/routes/mia-sal,flight-route mismatch
MIA,SAL,AA927,168,https://2lnr.com/routes/mia-sal,flight-route mismatch
MIA,SAL,AA927,165,https://2lnr.com/routes/mia-sal,flight-route mismatch
MIA,SAL,AV311,160,https://2lnr.com/routes/mia-sal,no independent flight-route evidence
MIA,SAL,AV311,160,https://2lnr.com/routes/mia-sal,no independent flight-route evidence
MIA,SAN,AA1748,326,https://2lnr.com/routes/mia-san,flight-route mismatch
MIA,SAN,AA1792,333,https://2lnr.com/routes/mia-san,flight-route mismatch
MIA,SAN,AA1802,328,https://2lnr.com/routes/mia-san,flight-route mismatch
MIA,SCL,LA543,765,https://2lnr.com/routes/mia-scl,nonadjacent airports in flight sequence
MIA,SEA,DL564,413,https://2lnr.com/routes/mia-sea,flight-route mismatch
MIA,SFO,AA1639,372,https://2lnr.com/routes/mia-sfo,flight-route mismatch
MIA,SFO,AA1842,372,https://2lnr.com/routes/mia-sfo,flight-route mismatch
MIA,SFO,AA1842,379,https://2lnr.com/routes/mia-sfo,flight-route mismatch
MIA,SFO,AA1934,379,https://2lnr.com/routes/mia-sfo,flight-route mismatch
MIA,SFO,AA2335,378,https://2lnr.com/routes/mia-sfo,flight-route mismatch
MIA,SJO,AA2451,180,https://2lnr.com/routes/mia-sjo,flight-route mismatch
MIA,SJO,AA2643,182,https://2lnr.com/routes/mia-sjo,flight-route mismatch
MIA,SJO,AA597,182,https://2lnr.com/routes/mia-sjo,flight-route mismatch
MIA,SJO,AV605,170,https://2lnr.com/routes/mia-sjo,no independent flight-route evidence
MIA,SJU,AA1852,155,https://2lnr.com/routes/mia-sju,flight-route mismatch
MIA,SJU,AA1976,165,https://2lnr.com/routes/mia-sju,flight-route mismatch
MIA,SJU,AA3011,160,https://2lnr.com/routes/mia-sju,flight-route mismatch
MIA,SJU,AA3011,162,https://2lnr.com/routes/mia-sju,flight-route mismatch
MIA,SJU,AA457,158,https://2lnr.com/routes/mia-sju,flight-route mismatch
MIA,SLC,DL2021,313,https://2lnr.com/routes/mia-slc,flight-route mismatch
MIA,TLV,LY122,720,https://2lnr.com/routes/mia-tlv,no independent flight-route evidence
MIA,TPA,AA2001,64,https://2lnr.com/routes/mia-tpa,flight-route mismatch
MIA,TPA,AA2033,65,https://2lnr.com/routes/mia-tpa,flight-route mismatch
MIA,TPA,AA2041,63,https://2lnr.com/routes/mia-tpa,flight-route mismatch
MIA,TPA,AA2041,64,https://2lnr.com/routes/mia-tpa,flight-route mismatch
MIA,TPA,AA2798,63,https://2lnr.com/routes/mia-tpa,flight-route mismatch
MIA,TPA,AA3573,70,https://2lnr.com/routes/mia-tpa,flight-route mismatch
MIA,TPA,AA4093,68,https://2lnr.com/routes/mia-tpa,flight-route mismatch
MIA,TPA,AA4122,68,https://2lnr.com/routes/mia-tpa,no independent flight-route evidence
MIA,TPA,AA4225,67,https://2lnr.com/routes/mia-tpa,flight-route mismatch
MIA,TPA,AA4228,65,https://2lnr.com/routes/mia-tpa,no independent flight-route evidence
MIA,UIO,LA1457,260,https://2lnr.com/routes/mia-uio,no independent flight-route evidence
MIA,YUL,AC1651,213,https://2lnr.com/routes/mia-yul,flight-route mismatch
MIA,YUL,AC1651,210,https://2lnr.com/routes/mia-yul,flight-route mismatch
MIA,YVR,AC1755,400,https://2lnr.com/routes/mia-yvr,flight-route mismatch
MIA,YYZ,AC1645,189,https://2lnr.com/routes/mia-yyz,no independent flight-route evidence
MIA,YYZ,AC1645,195,https://2lnr.com/routes/mia-yyz,no independent flight-route evidence
MIA,YYZ,AC1645,189,https://2lnr.com/routes/mia-yyz,no independent flight-route evidence
MIA,YYZ,AC1645,189,https://2lnr.com/routes/mia-yyz,no independent flight-route evidence
MIA,YYZ,AC1645,189,https://2lnr.com/routes/mia-yyz,no independent flight-route evidence
MIA,YYZ,AC1645,195,https://2lnr.com/routes/mia-yyz,no independent flight-route evidence
MIA,YYZ,AC1649,191,https://2lnr.com/routes/mia-yyz,no independent flight-route evidence
MLE,DAC,BS338,250,https://2lnr.com/routes/mle-dac,flight-route mismatch
MLE,JED,SV873,350,https://2lnr.com/routes/mle-jed,flight-route mismatch
MLE,JED,SV875,350,https://2lnr.com/routes/mle-jed,flight-route mismatch
MLE,RUH,XY246,360,https://2lnr.com/routes/mle-ruh,no independent flight-route evidence
MLE,TFU,3U3924,360,https://2lnr.com/routes/mle-tfu,flight-route mismatch
MLE,VIE,OS22,580,https://2lnr.com/routes/mle-vie,flight-route mismatch
MNL,CEB,PR2835,85,https://2lnr.com/routes/mnl-ceb,no independent flight-route evidence
MNL,CEB,PR2845,85,https://2lnr.com/routes/mnl-ceb,no independent flight-route evidence
MNL,CEB,PR2849,80,https://2lnr.com/routes/mnl-ceb,no independent flight-route evidence
MNL,CEB,PR2853,80,https://2lnr.com/routes/mnl-ceb,no independent flight-route evidence
MNL,CEB,PR2859,80,https://2lnr.com/routes/mnl-ceb,no independent flight-route evidence
MNL,CEB,PR2861,85,https://2lnr.com/routes/mnl-ceb,no independent flight-route evidence
MNL,CEB,PR2863,90,https://2lnr.com/routes/mnl-ceb,no independent flight-route evidence
MNL,CEB,PR2867,80,https://2lnr.com/routes/mnl-ceb,no independent flight-route evidence
MNL,CEB,PR2869,85,https://2lnr.com/routes/mnl-ceb,no independent flight-route evidence
MNL,DXB,EK2521,520,https://2lnr.com/routes/mnl-dxb,no independent flight-route evidence
MNL,DXB,EK2525,520,https://2lnr.com/routes/mnl-dxb,no independent flight-route evidence
MNL,KWI,KU418,590,https://2lnr.com/routes/mnl-kwi,flight-route mismatch
MNL,SIN,TR587,225,https://2lnr.com/routes/mnl-sin,flight-route mismatch
MNL,TFU,CA480,240,https://2lnr.com/routes/mnl-tfu,flight-route mismatch
MRU,FRA,4Y157,855,https://2lnr.com/routes/mru-fra,nonadjacent airports in flight sequence
MRU,IST,TK1177,575,https://2lnr.com/routes/mru-ist,no independent flight-route evidence
MRU,IST,TK1177,565,https://2lnr.com/routes/mru-ist,no independent flight-route evidence
MRU,IST,TK161,570,https://2lnr.com/routes/mru-ist,flight-route mismatch
MRU,JNB,FA831,270,https://2lnr.com/routes/mru-jnb,no independent flight-route evidence
MRU,MAA,MK746,360,https://2lnr.com/routes/mru-maa,flight-route mismatch
MRU,MAD,E9838,715,https://2lnr.com/routes/mru-mad,no independent flight-route evidence
MSP,ATL,DL1028,156,https://2lnr.com/routes/msp-atl,flight-route mismatch
MSP,ATL,DL1028,154,https://2lnr.com/routes/msp-atl,flight-route mismatch
MSP,ATL,DL8771,146,https://2lnr.com/routes/msp-atl,flight-route mismatch
MSP,CLT,AA2140,157,https://2lnr.com/routes/msp-clt,flight-route mismatch
MSP,CLT,AA2140,160,https://2lnr.com/routes/msp-clt,flight-route mismatch
MSP,CLT,AA2140,158,https://2lnr.com/routes/msp-clt,flight-route mismatch
MSP,CLT,DL2820,149,https://2lnr.com/routes/msp-clt,flight-route mismatch
MSP,CUN,DL648,230,https://2lnr.com/routes/msp-cun,flight-route mismatch
MSP,DEN,DL2877,134,https://2lnr.com/routes/msp-den,flight-route mismatch
MSP,DTW,DL8805,104,https://2lnr.com/routes/msp-dtw,flight-route mismatch
MSP,EWR,UA2232,159,https://2lnr.com/routes/msp-ewr,flight-route mismatch
MSP,EWR,UA2232,158,https://2lnr.com/routes/msp-ewr,flight-route mismatch
MSP,FLL,DL1675,219,https://2lnr.com/routes/msp-fll,flight-route mismatch
MSP,FLL,DL1675,217,https://2lnr.com/routes/msp-fll,flight-route mismatch
MSP,FRA,4Y53,520,https://2lnr.com/routes/msp-fra,no independent flight-route evidence
MSP,FRA,4Y53,520,https://2lnr.com/routes/msp-fra,no independent flight-route evidence
MSP,HNL,DL372,520,https://2lnr.com/routes/msp-hnl,flight-route mismatch
MSP,IAD,DL3699,151,https://2lnr.com/routes/msp-iad,no independent flight-route evidence
MSP,IAD,DL3699,156,https://2lnr.com/routes/msp-iad,no independent flight-route evidence
MSP,IAD,DL3699,154,https://2lnr.com/routes/msp-iad,no independent flight-route evidence
MSP,IAD,DL3783,160,https://2lnr.com/routes/msp-iad,no independent flight-route evidence
MSP,IAD,DL3783,154,https://2lnr.com/routes/msp-iad,no independent flight-route evidence
MSP,IAD,DL3783,156,https://2lnr.com/routes/msp-iad,no independent flight-route evidence
MSP,IAD,DL4129,153,https://2lnr.com/routes/msp-iad,no independent flight-route evidence
MSP,IAD,DL4129,151,https://2lnr.com/routes/msp-iad,no independent flight-route evidence
MSP,IAH,UA4049,181,https://2lnr.com/routes/msp-iah,no independent flight-route evidence
MSP,IAH,UA5312,181,https://2lnr.com/routes/msp-iah,flight-route mismatch
MSP,LAS,DL2249,210,https://2lnr.com/routes/msp-las,flight-route mismatch
MSP,LAX,DL1649,235,https://2lnr.com/routes/msp-lax,flight-route mismatch
MSP,LAX,DL733,235,https://2lnr.com/routes/msp-lax,flight-route mismatch
MSP,MCO,DL2280,208,https://2lnr.com/routes/msp-mco,flight-route mismatch
MSP,MCO,DL2593,200,https://2lnr.com/routes/msp-mco,flight-route mismatch
MSP,MCO,DL2593,199,https://2lnr.com/routes/msp-mco,flight-route mismatch
MSP,MCO,DL2848,195,https://2lnr.com/routes/msp-mco,flight-route mismatch
MSP,ORD,AA2211,104,https://2lnr.com/routes/msp-ord,flight-route mismatch
MSP,ORD,AA3131,103,https://2lnr.com/routes/msp-ord,flight-route mismatch
MSP,ORD,AA3133,103,https://2lnr.com/routes/msp-ord,flight-route mismatch
MSP,ORD,AA3551,105,https://2lnr.com/routes/msp-ord,flight-route mismatch
MSP,ORD,AA3551,105,https://2lnr.com/routes/msp-ord,flight-route mismatch
MSP,ORD,AA3552,100,https://2lnr.com/routes/msp-ord,flight-route mismatch
MSP,ORD,AA4001,105,https://2lnr.com/routes/msp-ord,flight-route mismatch
MSP,ORD,AA4162,104,https://2lnr.com/routes/msp-ord,flight-route mismatch
MSP,ORD,AA4228,115,https://2lnr.com/routes/msp-ord,no independent flight-route evidence
MSP,ORD,UA2000,104,https://2lnr.com/routes/msp-ord,flight-route mismatch
MSP,ORD,UA424,106,https://2lnr.com/routes/msp-ord,flight-route mismatch
MSP,PDX,AS332,231,https://2lnr.com/routes/msp-pdx,flight-route mismatch
MSP,PDX,AS332,231,https://2lnr.com/routes/msp-pdx,flight-route mismatch
MSP,PDX,AS332,231,https://2lnr.com/routes/msp-pdx,flight-route mismatch
MSP,PDX,DL1661,217,https://2lnr.com/routes/msp-pdx,flight-route mismatch
MSP,PHL,AA1452,161,https://2lnr.com/routes/msp-phl,flight-route mismatch
MSP,PHL,AA5347,160,https://2lnr.com/routes/msp-phl,flight-route mismatch
MSP,PHL,AA5347,159,https://2lnr.com/routes/msp-phl,flight-route mismatch
MSP,PHL,AA5347,152,https://2lnr.com/routes/msp-phl,flight-route mismatch
MSP,PHL,AA5455,157,https://2lnr.com/routes/msp-phl,no independent flight-route evidence
MSP,PHL,AA595,154,https://2lnr.com/routes/msp-phl,flight-route mismatch
MSP,PHX,DL1448,211,https://2lnr.com/routes/msp-phx,flight-route mismatch
MSP,SAN,DL1683,240,https://2lnr.com/routes/msp-san,flight-route mismatch
MSP,SAN,DL1683,232,https://2lnr.com/routes/msp-san,flight-route mismatch
MSP,SAN,DL2061,233,https://2lnr.com/routes/msp-san,flight-route mismatch
MSP,SAN,SY1639,228,https://2lnr.com/routes/msp-san,no independent flight-route evidence
MSP,SFO,UA4801,265,https://2lnr.com/routes/msp-sfo,flight-route mismatch
MSP,SFO,UA4801,260,https://2lnr.com/routes/msp-sfo,flight-route mismatch
MSP,SLC,DL8801,177,https://2lnr.com/routes/msp-slc,flight-route mismatch
MSP,YUL,AC8850,152,https://2lnr.com/routes/msp-yul,flight-route mismatch
MSP,YUL,DL5489,159,https://2lnr.com/routes/msp-yul,no independent flight-route evidence
MSP,YUL,DL5489,159,https://2lnr.com/routes/msp-yul,no independent flight-route evidence
MSP,YUL,DL5489,157,https://2lnr.com/routes/msp-yul,no independent flight-route evidence
MSP,YYZ,AC8716,122,https://2lnr.com/routes/msp-yyz,flight-route mismatch
MSP,YYZ,AC8720,122,https://2lnr.com/routes/msp-yyz,flight-route mismatch
MSP,YYZ,DL3866,134,https://2lnr.com/routes/msp-yyz,no independent flight-route evidence
MSP,YYZ,DL3868,133,https://2lnr.com/routes/msp-yyz,no independent flight-route evidence
MSP,YYZ,DL4080,134,https://2lnr.com/routes/msp-yyz,no independent flight-route evidence
MUC,AMS,KL1848,90,https://2lnr.com/routes/muc-ams,flight-route mismatch
MUC,AMS,KL1848,90,https://2lnr.com/routes/muc-ams,flight-route mismatch
MUC,AMS,VL2308,95,https://2lnr.com/routes/muc-ams,no independent flight-route evidence
MUC,ATH,GQ871,155,https://2lnr.com/routes/muc-ath,no independent flight-route evidence
MUC,AUH,EY126,405,https://2lnr.com/routes/muc-auh,no independent flight-route evidence
MUC,AUH,EY126,350,https://2lnr.com/routes/muc-auh,no independent flight-route evidence
MUC,AUH,EY130,370,https://2lnr.com/routes/muc-auh,flight-route mismatch
MUC,BCN,VL1808,130,https://2lnr.com/routes/muc-bcn,no independent flight-route evidence
MUC,BCN,VL1808,130,https://2lnr.com/routes/muc-bcn,no independent flight-route evidence
MUC,BCN,VL1810,130,https://2lnr.com/routes/muc-bcn,no independent flight-route evidence
MUC,BER,LH1926,65,https://2lnr.com/routes/muc-ber,flight-route mismatch
MUC,BER,LH1928,65,https://2lnr.com/routes/muc-ber,flight-route mismatch
MUC,BER,LH1928,65,https://2lnr.com/routes/muc-ber,flight-route mismatch
MUC,BER,LH1930,65,https://2lnr.com/routes/muc-ber,flight-route mismatch
MUC,BER,LH1934,65,https://2lnr.com/routes/muc-ber,flight-route mismatch
MUC,BER,LH1940,65,https://2lnr.com/routes/muc-ber,flight-route mismatch
MUC,BER,LH1942,65,https://2lnr.com/routes/muc-ber,flight-route mismatch
MUC,BER,LH1946,65,https://2lnr.com/routes/muc-ber,flight-route mismatch
MUC,BER,LH1946,65,https://2lnr.com/routes/muc-ber,flight-route mismatch
MUC,BER,LH1952,65,https://2lnr.com/routes/muc-ber,flight-route mismatch
MUC,BER,LH1952,65,https://2lnr.com/routes/muc-ber,flight-route mismatch
MUC,BER,LH1960,65,https://2lnr.com/routes/muc-ber,flight-route mismatch
MUC,BER,LH1962,65,https://2lnr.com/routes/muc-ber,flight-route mismatch
MUC,BER,LH2606,65,https://2lnr.com/routes/muc-ber,flight-route mismatch
MUC,BER,VL1930,65,https://2lnr.com/routes/muc-ber,no independent flight-route evidence
MUC,BER,VL1938,65,https://2lnr.com/routes/muc-ber,no independent flight-route evidence
MUC,BER,VL1938,65,https://2lnr.com/routes/muc-ber,no independent flight-route evidence
MUC,BER,VL1944,65,https://2lnr.com/routes/muc-ber,flight-route mismatch
MUC,BRU,SN2644,80,https://2lnr.com/routes/muc-bru,no independent flight-route evidence
MUC,BRU,SN2644,80,https://2lnr.com/routes/muc-bru,no independent flight-route evidence
MUC,BRU,SN2646,80,https://2lnr.com/routes/muc-bru,no independent flight-route evidence
MUC,BRU,SN2646,80,https://2lnr.com/routes/muc-bru,no independent flight-route evidence
MUC,BRU,SN2650,80,https://2lnr.com/routes/muc-bru,no independent flight-route evidence
MUC,BRU,SN2652,80,https://2lnr.com/routes/muc-bru,no independent flight-route evidence
MUC,BRU,SN2652,80,https://2lnr.com/routes/muc-bru,no independent flight-route evidence
MUC,BRU,SN2652,85,https://2lnr.com/routes/muc-bru,no independent flight-route evidence
MUC,BRU,SN2652,85,https://2lnr.com/routes/muc-bru,no independent flight-route evidence
MUC,BUD,VL1684,75,https://2lnr.com/routes/muc-bud,no independent flight-route evidence
MUC,CDG,VL2226,95,https://2lnr.com/routes/muc-cdg,no independent flight-route evidence
MUC,CDG,VL2230,95,https://2lnr.com/routes/muc-cdg,no independent flight-route evidence
MUC,CDG,VL2230,95,https://2lnr.com/routes/muc-cdg,no independent flight-route evidence
MUC,CPH,VL2442,95,https://2lnr.com/routes/muc-cph,no independent flight-route evidence
MUC,CPH,VL2442,95,https://2lnr.com/routes/muc-cph,no independent flight-route evidence
MUC,CPH,VL2448,95,https://2lnr.com/routes/muc-cph,no independent flight-route evidence
MUC,CPH,VL2448,95,https://2lnr.com/routes/muc-cph,no independent flight-route evidence
MUC,DUS,EW9089,70,https://2lnr.com/routes/muc-dus,no independent flight-route evidence
MUC,DUS,EW9089,70,https://2lnr.com/routes/muc-dus,no independent flight-route evidence
MUC,DUS,LH2034,70,https://2lnr.com/routes/muc-dus,flight-route mismatch
MUC,DUS,VL2004,70,https://2lnr.com/routes/muc-dus,no independent flight-route evidence
MUC,DUS,VL2004,70,https://2lnr.com/routes/muc-dus,no independent flight-route evidence
MUC,DUS,VL2006,70,https://2lnr.com/routes/muc-dus,no independent flight-route evidence
MUC,DUS,VL2022,70,https://2lnr.com/routes/muc-dus,no independent flight-route evidence
MUC,EDI,U23264,140,https://2lnr.com/routes/muc-edi,flight-route mismatch
MUC,EDI,U23264,140,https://2lnr.com/routes/muc-edi,flight-route mismatch
MUC,FCO,LH1866,95,https://2lnr.com/routes/muc-fco,flight-route mismatch
MUC,FCO,LH1872,95,https://2lnr.com/routes/muc-fco,flight-route mismatch
MUC,FCO,U22997,100,https://2lnr.com/routes/muc-fco,no independent flight-route evidence
MUC,FCO,U22999,100,https://2lnr.com/routes/muc-fco,flight-route mismatch
MUC,FCO,VL1870,95,https://2lnr.com/routes/muc-fco,no independent flight-route evidence
MUC,FCO,VL1870,95,https://2lnr.com/routes/muc-fco,no independent flight-route evidence
MUC,FCO,VL1874,95,https://2lnr.com/routes/muc-fco,no independent flight-route evidence
MUC,FRA,LH127,60,https://2lnr.com/routes/muc-fra,flight-route mismatch
MUC,HAM,LH2054,75,https://2lnr.com/routes/muc-ham,flight-route mismatch
MUC,HAM,LH2056,75,https://2lnr.com/routes/muc-ham,flight-route mismatch
MUC,HAM,VL2070,75,https://2lnr.com/routes/muc-ham,no independent flight-route evidence
MUC,HEL,AY1402,145,https://2lnr.com/routes/muc-hel,no independent flight-route evidence
MUC,HEL,AY1402,145,https://2lnr.com/routes/muc-hel,no independent flight-route evidence
MUC,HEL,AY1402,145,https://2lnr.com/routes/muc-hel,no independent flight-route evidence
MUC,HEL,AY1406,150,https://2lnr.com/routes/muc-hel,no independent flight-route evidence
MUC,HEL,AY1406,150,https://2lnr.com/routes/muc-hel,no independent flight-route evidence
MUC,HEL,AY1406,150,https://2lnr.com/routes/muc-hel,no independent flight-route evidence
MUC,HEL,AY1406,150,https://2lnr.com/routes/muc-hel,no independent flight-route evidence
MUC,HEL,VL2460,150,https://2lnr.com/routes/muc-hel,no independent flight-route evidence
MUC,IST,TK1636,160,https://2lnr.com/routes/muc-ist,flight-route mismatch
MUC,IST,TK1636,165,https://2lnr.com/routes/muc-ist,flight-route mismatch
MUC,IST,TK1636,165,https://2lnr.com/routes/muc-ist,flight-route mismatch
MUC,IST,TK1638,165,https://2lnr.com/routes/muc-ist,flight-route mismatch
MUC,IST,TK1638,165,https://2lnr.com/routes/muc-ist,flight-route mismatch
MUC,IST,TK1638,165,https://2lnr.com/routes/muc-ist,flight-route mismatch
MUC,IST,TK1642,165,https://2lnr.com/routes/muc-ist,flight-route mismatch
MUC,IST,TK1642,165,https://2lnr.com/routes/muc-ist,flight-route mismatch
MUC,IST,TK1642,170,https://2lnr.com/routes/muc-ist,flight-route mismatch
MUC,IST,TK1642,165,https://2lnr.com/routes/muc-ist,flight-route mismatch
MUC,IST,TK1642,170,https://2lnr.com/routes/muc-ist,flight-route mismatch
MUC,KEF,4Y1330,240,https://2lnr.com/routes/muc-kef,no independent flight-route evidence
MUC,KWI,KU171,330,https://2lnr.com/routes/muc-kwi,flight-route mismatch
MUC,LGW,U28638,120,https://2lnr.com/routes/muc-lgw,flight-route mismatch
MUC,LGW,U28638,130,https://2lnr.com/routes/muc-lgw,flight-route mismatch
MUC,LGW,U28638,120,https://2lnr.com/routes/muc-lgw,flight-route mismatch
MUC,LGW,U28638,120,https://2lnr.com/routes/muc-lgw,flight-route mismatch
MUC,LGW,U28638,125,https://2lnr.com/routes/muc-lgw,flight-route mismatch
MUC,LGW,U28640,125,https://2lnr.com/routes/muc-lgw,no independent flight-route evidence
MUC,LGW,U28640,120,https://2lnr.com/routes/muc-lgw,no independent flight-route evidence
MUC,LGW,U28642,125,https://2lnr.com/routes/muc-lgw,flight-route mismatch
MUC,LGW,U28642,125,https://2lnr.com/routes/muc-lgw,flight-route mismatch
MUC,LHR,BA927,130,https://2lnr.com/routes/muc-lhr,flight-route mismatch
MUC,LHR,BA927,130,https://2lnr.com/routes/muc-lhr,flight-route mismatch
MUC,LHR,BA937,115,https://2lnr.com/routes/muc-lhr,flight-route mismatch
MUC,LHR,BA939,115,https://2lnr.com/routes/muc-lhr,flight-route mismatch
MUC,LHR,BA939,115,https://2lnr.com/routes/muc-lhr,flight-route mismatch
MUC,LHR,BA941,130,https://2lnr.com/routes/muc-lhr,flight-route mismatch
MUC,LHR,BA941,130,https://2lnr.com/routes/muc-lhr,flight-route mismatch
MUC,LHR,BA941,130,https://2lnr.com/routes/muc-lhr,flight-route mismatch
MUC,LHR,LH2486,125,https://2lnr.com/routes/muc-lhr,no independent flight-route evidence
MUC,LIS,LH1778,205,https://2lnr.com/routes/muc-lis,flight-route mismatch
MUC,MAD,IB1310,170,https://2lnr.com/routes/muc-mad,no independent flight-route evidence
MUC,MAD,IB1316,170,https://2lnr.com/routes/muc-mad,flight-route mismatch
MUC,MAD,VL1802,165,https://2lnr.com/routes/muc-mad,no independent flight-route evidence
MUC,MAD,VL1806,165,https://2lnr.com/routes/muc-mad,no independent flight-route evidence
MUC,MAD,VL1806,165,https://2lnr.com/routes/muc-mad,no independent flight-route evidence
MUC,MAN,U22198,135,https://2lnr.com/routes/muc-man,flight-route mismatch
MUC,MAN,U22198,130,https://2lnr.com/routes/muc-man,flight-route mismatch
MUC,MXP,EN8274,70,https://2lnr.com/routes/muc-mxp,no independent flight-route evidence
MUC,MXP,EN8280,70,https://2lnr.com/routes/muc-mxp,no independent flight-route evidence
MUC,MXP,U23946,75,https://2lnr.com/routes/muc-mxp,no independent flight-route evidence
MUC,MXP,U23946,70,https://2lnr.com/routes/muc-mxp,no independent flight-route evidence
MUC,OPO,LH1782,180,https://2lnr.com/routes/muc-opo,flight-route mismatch
MUC,OPO,LH1782,180,https://2lnr.com/routes/muc-opo,flight-route mismatch
MUC,OPO,LH1788,180,https://2lnr.com/routes/muc-opo,flight-route mismatch
MUC,OPO,LH1788,180,https://2lnr.com/routes/muc-opo,flight-route mismatch
MUC,OPO,LH1788,180,https://2lnr.com/routes/muc-opo,flight-route mismatch
MUC,OSL,LH2424,135,https://2lnr.com/routes/muc-osl,no independent flight-route evidence
MUC,RAK,4Y212,175,https://2lnr.com/routes/muc-rak,flight-route mismatch
MUC,RAK,4Y212,170,https://2lnr.com/routes/muc-rak,flight-route mismatch
MUC,RAK,4Y212,180,https://2lnr.com/routes/muc-rak,flight-route mismatch
MUC,VIE,OS188,65,https://2lnr.com/routes/muc-vie,flight-route mismatch
MUC,ZRH,LX1103,60,https://2lnr.com/routes/muc-zrh,no independent flight-route evidence
MUC,ZRH,LX1107,60,https://2lnr.com/routes/muc-zrh,no independent flight-route evidence
MVD,ASU,ZP846,110,https://2lnr.com/routes/mvd-asu,no independent flight-route evidence
MVD,ASU,ZP846,110,https://2lnr.com/routes/mvd-asu,no independent flight-route evidence
MVD,ASU,ZP849,110,https://2lnr.com/routes/mvd-asu,no independent flight-route evidence
MVD,FOR,G37209,305,https://2lnr.com/routes/mvd-for,flight-route mismatch
MVD,GIG,H21815,160,https://2lnr.com/routes/mvd-gig,no independent flight-route evidence
MVD,GIG,H21815,160,https://2lnr.com/routes/mvd-gig,no independent flight-route evidence
MVD,GRU,LA8111,160,https://2lnr.com/routes/mvd-gru,no independent flight-route evidence
MVD,GRU,LA8117,160,https://2lnr.com/routes/mvd-gru,no independent flight-route evidence
MVD,GRU,LA8119,145,https://2lnr.com/routes/mvd-gru,no independent flight-route evidence
MVD,GRU,LA8119,160,https://2lnr.com/routes/mvd-gru,no independent flight-route evidence
MVD,LIM,LA2399,300,https://2lnr.com/routes/mvd-lim,flight-route mismatch
MVD,LIM,LA2399,300,https://2lnr.com/routes/mvd-lim,flight-route mismatch
MVD,LIM,LA2933,300,https://2lnr.com/routes/mvd-lim,no independent flight-route evidence
MXP,AMS,U23851,120,https://2lnr.com/routes/mxp-ams,flight-route mismatch
MXP,AMS,U23851,115,https://2lnr.com/routes/mxp-ams,flight-route mismatch
MXP,AMS,U23851,120,https://2lnr.com/routes/mxp-ams,flight-route mismatch
MXP,AMS,U23853,120,https://2lnr.com/routes/mxp-ams,flight-route mismatch
MXP,AMS,U23855,115,https://2lnr.com/routes/mxp-ams,no independent flight-route evidence
MXP,AMS,U23855,115,https://2lnr.com/routes/mxp-ams,no independent flight-route evidence
MXP,AMS,U23857,115,https://2lnr.com/routes/mxp-ams,flight-route mismatch
MXP,AMS,U23859,115,https://2lnr.com/routes/mxp-ams,no independent flight-route evidence
MXP,AMS,U23859,115,https://2lnr.com/routes/mxp-ams,no independent flight-route evidence
MXP,AMS,U23859,115,https://2lnr.com/routes/mxp-ams,no independent flight-route evidence
MXP,AMS,U27814,115,https://2lnr.com/routes/mxp-ams,no independent flight-route evidence
MXP,AMS,U27814,120,https://2lnr.com/routes/mxp-ams,no independent flight-route evidence
MXP,ATH,GQ831,145,https://2lnr.com/routes/mxp-ath,no independent flight-route evidence
MXP,ATH,U23651,150,https://2lnr.com/routes/mxp-ath,no independent flight-route evidence
MXP,ATH,U23651,150,https://2lnr.com/routes/mxp-ath,no independent flight-route evidence
MXP,ATH,U23651,150,https://2lnr.com/routes/mxp-ath,no independent flight-route evidence
MXP,ATH,U23653,150,https://2lnr.com/routes/mxp-ath,flight-route mismatch
MXP,ATH,U23653,150,https://2lnr.com/routes/mxp-ath,flight-route mismatch
MXP,ATH,U23655,145,https://2lnr.com/routes/mxp-ath,no independent flight-route evidence
MXP,ATH,U23655,150,https://2lnr.com/routes/mxp-ath,no independent flight-route evidence
MXP,BCN,FR7540,100,https://2lnr.com/routes/mxp-bcn,no independent flight-route evidence
MXP,BCN,U23753,95,https://2lnr.com/routes/mxp-bcn,flight-route mismatch
MXP,BCN,U23777,95,https://2lnr.com/routes/mxp-bcn,flight-route mismatch
MXP,BCN,U23779,100,https://2lnr.com/routes/mxp-bcn,no independent flight-route evidence
MXP,BCN,U27152,95,https://2lnr.com/routes/mxp-bcn,flight-route mismatch
MXP,BCN,U27154,100,https://2lnr.com/routes/mxp-bcn,flight-route mismatch
MXP,BCN,VY6343,105,https://2lnr.com/routes/mxp-bcn,flight-route mismatch
MXP,BCN,VY6343,105,https://2lnr.com/routes/mxp-bcn,flight-route mismatch
MXP,BER,FR9,105,https://2lnr.com/routes/mxp-ber,no independent flight-route evidence
MXP,BER,U23947,105,https://2lnr.com/routes/mxp-ber,no independent flight-route evidence
MXP,BER,U25088,105,https://2lnr.com/routes/mxp-ber,flight-route mismatch
MXP,BOS,DL277,533,https://2lnr.com/routes/mxp-bos,flight-route mismatch
MXP,BUD,W42338,100,https://2lnr.com/routes/mxp-bud,no independent flight-route evidence
MXP,CAI,NE301,215,https://2lnr.com/routes/mxp-cai,flight-route mismatch
MXP,CAI,NE301,215,https://2lnr.com/routes/mxp-cai,flight-route mismatch
MXP,CAI,NO1424,230,https://2lnr.com/routes/mxp-cai,no independent flight-route evidence
MXP,CDG,AF1131,100,https://2lnr.com/routes/mxp-cdg,no independent flight-route evidence
MXP,CDG,AF1131,100,https://2lnr.com/routes/mxp-cdg,no independent flight-route evidence
MXP,CDG,AF1731,90,https://2lnr.com/routes/mxp-cdg,no independent flight-route evidence
MXP,CDG,AF1731,90,https://2lnr.com/routes/mxp-cdg,no independent flight-route evidence
MXP,CDG,AF1831,95,https://2lnr.com/routes/mxp-cdg,no independent flight-route evidence
MXP,CDG,AF1831,95,https://2lnr.com/routes/mxp-cdg,no independent flight-route evidence
MXP,CDG,AF1831,95,https://2lnr.com/routes/mxp-cdg,no independent flight-route evidence
MXP,CDG,U23805,95,https://2lnr.com/routes/mxp-cdg,flight-route mismatch
MXP,CDG,U23805,95,https://2lnr.com/routes/mxp-cdg,flight-route mismatch
MXP,CDG,U23807,95,https://2lnr.com/routes/mxp-cdg,no independent flight-route evidence
MXP,CDG,U23809,95,https://2lnr.com/routes/mxp-cdg,flight-route mismatch
MXP,CDG,U23811,95,https://2lnr.com/routes/mxp-cdg,no independent flight-route evidence
MXP,CDG,U23813,95,https://2lnr.com/routes/mxp-cdg,no independent flight-route evidence
MXP,CDG,U23817,95,https://2lnr.com/routes/mxp-cdg,flight-route mismatch
MXP,CDG,U24540,95,https://2lnr.com/routes/mxp-cdg,flight-route mismatch
MXP,CDG,U24542,95,https://2lnr.com/routes/mxp-cdg,flight-route mismatch
MXP,CDG,U24542,95,https://2lnr.com/routes/mxp-cdg,flight-route mismatch
MXP,CDG,U24544,95,https://2lnr.com/routes/mxp-cdg,flight-route mismatch
MXP,CDG,U24546,95,https://2lnr.com/routes/mxp-cdg,flight-route mismatch
MXP,CDG,U24548,95,https://2lnr.com/routes/mxp-cdg,flight-route mismatch
MXP,DUB,FR1455,155,https://2lnr.com/routes/mxp-dub,flight-route mismatch
MXP,DUB,FR1455,155,https://2lnr.com/routes/mxp-dub,flight-route mismatch
MXP,DUB,FR7800,155,https://2lnr.com/routes/mxp-dub,flight-route mismatch
MXP,DUB,FR7800,155,https://2lnr.com/routes/mxp-dub,flight-route mismatch
MXP,DUB,FR9086,155,https://2lnr.com/routes/mxp-dub,flight-route mismatch
MXP,DUS,U23941,95,https://2lnr.com/routes/mxp-dus,no independent flight-route evidence
MXP,DUS,U23941,95,https://2lnr.com/routes/mxp-dus,no independent flight-route evidence
MXP,DUS,U23943,100,https://2lnr.com/routes/mxp-dus,no independent flight-route evidence
MXP,DUS,U23943,95,https://2lnr.com/routes/mxp-dus,no independent flight-route evidence
MXP,DUS,U23943,95,https://2lnr.com/routes/mxp-dus,no independent flight-route evidence
MXP,EDI,FR7053,155,https://2lnr.com/routes/mxp-edi,no independent flight-route evidence
MXP,EDI,FR7053,155,https://2lnr.com/routes/mxp-edi,no independent flight-route evidence
MXP,EVN,W46455,250,https://2lnr.com/routes/mxp-evn,no independent flight-route evidence
MXP,FRA,DE4358,70,https://2lnr.com/routes/mxp-fra,no independent flight-route evidence
MXP,FRA,EN8817,80,https://2lnr.com/routes/mxp-fra,no independent flight-route evidence
MXP,FRA,EN8817,80,https://2lnr.com/routes/mxp-fra,no independent flight-route evidence
MXP,GRU,LA8073,720,https://2lnr.com/routes/mxp-gru,no independent flight-route evidence
MXP,HAM,U23949,105,https://2lnr.com/routes/mxp-ham,no independent flight-route evidence
MXP,HAM,U23949,105,https://2lnr.com/routes/mxp-ham,no independent flight-route evidence
MXP,HAM,U23985,105,https://2lnr.com/routes/mxp-ham,flight-route mismatch
MXP,HEL,AY1752,185,https://2lnr.com/routes/mxp-hel,flight-route mismatch
MXP,HEL,AY1756,180,https://2lnr.com/routes/mxp-hel,no independent flight-route evidence
MXP,HEL,AY1756,180,https://2lnr.com/routes/mxp-hel,no independent flight-route evidence
MXP,HEL,AY1756,180,https://2lnr.com/routes/mxp-hel,no independent flight-route evidence
MXP,IST,TK1874,175,https://2lnr.com/routes/mxp-ist,flight-route mismatch
MXP,IST,TK1876,175,https://2lnr.com/routes/mxp-ist,flight-route mismatch
MXP,IST,TK1878,180,https://2lnr.com/routes/mxp-ist,flight-route mismatch
MXP,KEF,U23969,265,https://2lnr.com/routes/mxp-kef,no independent flight-route evidence
MXP,KEF,U23975,265,https://2lnr.com/routes/mxp-kef,flight-route mismatch
MXP,KEF,W46453,260,https://2lnr.com/routes/mxp-kef,no independent flight-route evidence
MXP,KEF,W46453,265,https://2lnr.com/routes/mxp-kef,no independent flight-route evidence
MXP,KWI,KU164,340,https://2lnr.com/routes/mxp-kwi,flight-route mismatch
MXP,LGW,U28143,120,https://2lnr.com/routes/mxp-lgw,no independent flight-route evidence
MXP,LGW,U28148,120,https://2lnr.com/routes/mxp-lgw,no independent flight-route evidence
MXP,LGW,U28148,120,https://2lnr.com/routes/mxp-lgw,no independent flight-route evidence
MXP,LGW,U28150,120,https://2lnr.com/routes/mxp-lgw,no independent flight-route evidence
MXP,LGW,U28280,120,https://2lnr.com/routes/mxp-lgw,flight-route mismatch
MXP,LGW,U28304,120,https://2lnr.com/routes/mxp-lgw,no independent flight-route evidence
MXP,LGW,U28306,120,https://2lnr.com/routes/mxp-lgw,no independent flight-route evidence
MXP,LGW,U28306,120,https://2lnr.com/routes/mxp-lgw,no independent flight-route evidence
MXP,LGW,U28310,120,https://2lnr.com/routes/mxp-lgw,no independent flight-route evidence
MXP,LGW,U28310,120,https://2lnr.com/routes/mxp-lgw,no independent flight-route evidence
MXP,LGW,U28310,125,https://2lnr.com/routes/mxp-lgw,no independent flight-route evidence
MXP,LGW,U28310,120,https://2lnr.com/routes/mxp-lgw,no independent flight-route evidence
MXP,LGW,U28312,120,https://2lnr.com/routes/mxp-lgw,no independent flight-route evidence
MXP,LGW,U28312,115,https://2lnr.com/routes/mxp-lgw,no independent flight-route evidence
MXP,LGW,U28314,120,https://2lnr.com/routes/mxp-lgw,flight-route mismatch
MXP,LGW,U28353,120,https://2lnr.com/routes/mxp-lgw,flight-route mismatch
MXP,LHR,BA589,120,https://2lnr.com/routes/mxp-lhr,flight-route mismatch
MXP,LHR,BA589,125,https://2lnr.com/routes/mxp-lhr,flight-route mismatch
MXP,LIS,U23871,180,https://2lnr.com/routes/mxp-lis,no independent flight-route evidence
MXP,LIS,U23871,180,https://2lnr.com/routes/mxp-lis,no independent flight-route evidence
MXP,LIS,U23873,180,https://2lnr.com/routes/mxp-lis,no independent flight-route evidence
MXP,LIS,U27670,180,https://2lnr.com/routes/mxp-lis,flight-route mismatch
MXP,LIS,U27674,180,https://2lnr.com/routes/mxp-lis,flight-route mismatch
MXP,MAD,W46311,150,https://2lnr.com/routes/mxp-mad,no independent flight-route evidence
MXP,MAD,W46313,145,https://2lnr.com/routes/mxp-mad,no independent flight-route evidence
MXP,MAD,W46313,150,https://2lnr.com/routes/mxp-mad,no independent flight-route evidence
MXP,MAN,FR6821,130,https://2lnr.com/routes/mxp-man,no independent flight-route evidence
MXP,MAN,U22042,130,https://2lnr.com/routes/mxp-man,flight-route mismatch
MXP,MLE,NO510,560,https://2lnr.com/routes/mxp-mle,flight-route mismatch
MXP,MUC,EN8275,70,https://2lnr.com/routes/mxp-muc,no independent flight-route evidence
MXP,MUC,EN8281,70,https://2lnr.com/routes/mxp-muc,no independent flight-route evidence
MXP,MUC,U23945,70,https://2lnr.com/routes/mxp-muc,flight-route mismatch
MXP,MUC,U23945,70,https://2lnr.com/routes/mxp-muc,flight-route mismatch
MXP,OPO,FR8952,160,https://2lnr.com/routes/mxp-opo,flight-route mismatch
MXP,OPO,FR8952,160,https://2lnr.com/routes/mxp-opo,flight-route mismatch
MXP,OPO,U26886,160,https://2lnr.com/routes/mxp-opo,flight-route mismatch
MXP,OPO,W46335,170,https://2lnr.com/routes/mxp-opo,no independent flight-route evidence
MXP,PRG,U23901,90,https://2lnr.com/routes/mxp-prg,no independent flight-route evidence
MXP,PRG,U23901,90,https://2lnr.com/routes/mxp-prg,no independent flight-route evidence
MXP,PRG,U23903,90,https://2lnr.com/routes/mxp-prg,flight-route mismatch
MXP,PRG,U23903,90,https://2lnr.com/routes/mxp-prg,flight-route mismatch
MXP,PRG,U23903,90,https://2lnr.com/routes/mxp-prg,flight-route mismatch
MXP,PRG,U23905,90,https://2lnr.com/routes/mxp-prg,flight-route mismatch
MXP,PRG,U23905,90,https://2lnr.com/routes/mxp-prg,flight-route mismatch
MXP,PRG,U23907,90,https://2lnr.com/routes/mxp-prg,flight-route mismatch
MXP,PRG,U23907,90,https://2lnr.com/routes/mxp-prg,flight-route mismatch
MXP,PRG,U23913,90,https://2lnr.com/routes/mxp-prg,no independent flight-route evidence
MXP,RAK,FR8894,145,https://2lnr.com/routes/mxp-rak,flight-route mismatch
MXP,RAK,U23927,145,https://2lnr.com/routes/mxp-rak,no independent flight-route evidence
MXP,RAK,U23927,205,https://2lnr.com/routes/mxp-rak,no independent flight-route evidence
MXP,RAK,U23929,145,https://2lnr.com/routes/mxp-rak,flight-route mismatch
MXP,RAK,U23929,145,https://2lnr.com/routes/mxp-rak,flight-route mismatch
MXP,RAK,U23929,205,https://2lnr.com/routes/mxp-rak,flight-route mismatch
MXP,RAK,U26014,205,https://2lnr.com/routes/mxp-rak,flight-route mismatch
MXP,RAK,U26016,145,https://2lnr.com/routes/mxp-rak,no independent flight-route evidence
MXP,RAK,W46489,210,https://2lnr.com/routes/mxp-rak,no independent flight-route evidence
MXP,RAK,W46489,150,https://2lnr.com/routes/mxp-rak,no independent flight-route evidence
MXP,TBS,U23997,255,https://2lnr.com/routes/mxp-tbs,no independent flight-route evidence
MXP,TBS,U23997,260,https://2lnr.com/routes/mxp-tbs,no independent flight-route evidence
MXP,TFU,CA446,645,https://2lnr.com/routes/mxp-tfu,flight-route mismatch
MXP,TLV,IZ1338,225,https://2lnr.com/routes/mxp-tlv,no independent flight-route evidence
MXP,TLV,NO1382,225,https://2lnr.com/routes/mxp-tlv,no independent flight-route evidence
MXP,TLV,W46403,235,https://2lnr.com/routes/mxp-tlv,no independent flight-route evidence
MXP,TLV,W46405,235,https://2lnr.com/routes/mxp-tlv,no independent flight-route evidence
MXP,TLV,W46405,230,https://2lnr.com/routes/mxp-tlv,no independent flight-route evidence
MXP,VIE,FR215,90,https://2lnr.com/routes/mxp-vie,flight-route mismatch
MXP,WAW,W46387,130,https://2lnr.com/routes/mxp-waw,no independent flight-route evidence
MXP,WAW,W46387,125,https://2lnr.com/routes/mxp-waw,no independent flight-route evidence
MXP,WAW,W46387,120,https://2lnr.com/routes/mxp-waw,no independent flight-route evidence
MXP,WAW,W66389,125,https://2lnr.com/routes/mxp-waw,no independent flight-route evidence
MXP,WAW,W66389,105,https://2lnr.com/routes/mxp-waw,no independent flight-route evidence
MXP,WAW,W66389,130,https://2lnr.com/routes/mxp-waw,no independent flight-route evidence
NAN,BNE,VA180,260,https://2lnr.com/routes/nan-bne,flight-route mismatch
NAN,NOU,FJ291,180,https://2lnr.com/routes/nan-nou,no independent flight-route evidence
NAN,POM,PX87,300,https://2lnr.com/routes/nan-pom,no independent flight-route evidence
NBO,AUH,EY768,310,https://2lnr.com/routes/nbo-auh,no independent flight-route evidence
NBO,BRU,SN482,540,https://2lnr.com/routes/nbo-bru,no independent flight-route evidence
NBO,BRU,SN487,540,https://2lnr.com/routes/nbo-bru,no independent flight-route evidence
NBO,BRU,SN491,540,https://2lnr.com/routes/nbo-bru,no independent flight-route evidence
NBO,CAI,MS1850,305,https://2lnr.com/routes/nbo-cai,no independent flight-route evidence
NBO,CAI,MS1850,305,https://2lnr.com/routes/nbo-cai,no independent flight-route evidence
NBO,EBB,JM8522,90,https://2lnr.com/routes/nbo-ebb,no independent flight-route evidence
NBO,EBB,W22117,90,https://2lnr.com/routes/nbo-ebb,no independent flight-route evidence
NBO,HRE,KQ704,180,https://2lnr.com/routes/nbo-hre,flight-route mismatch
NBO,HRE,KQ704,180,https://2lnr.com/routes/nbo-hre,flight-route mismatch
NBO,HRE,KQ708,180,https://2lnr.com/routes/nbo-hre,flight-route mismatch
NBO,IST,TK608,395,https://2lnr.com/routes/nbo-ist,flight-route mismatch
NBO,LUN,KQ706,170,https://2lnr.com/routes/nbo-lun,flight-route mismatch
NBO,LUN,KQ706,170,https://2lnr.com/routes/nbo-lun,flight-route mismatch
NBO,LUN,KQ726,170,https://2lnr.com/routes/nbo-lun,no independent flight-route evidence
NBO,MCT,OV368,300,https://2lnr.com/routes/nbo-mct,no independent flight-route evidence
NCE,AMS,U21757,125,https://2lnr.com/routes/nce-ams,no independent flight-route evidence
NCE,AMS,U27954,125,https://2lnr.com/routes/nce-ams,no independent flight-route evidence
NCE,AMS,U27954,125,https://2lnr.com/routes/nce-ams,no independent flight-route evidence
NCE,AMS,U27954,120,https://2lnr.com/routes/nce-ams,no independent flight-route evidence
NCE,ARN,D84324,175,https://2lnr.com/routes/nce-arn,no independent flight-route evidence
NCE,ATH,U21737,145,https://2lnr.com/routes/nce-ath,no independent flight-route evidence
NCE,BER,EW8427,115,https://2lnr.com/routes/nce-ber,no independent flight-route evidence
NCE,BER,EW8427,115,https://2lnr.com/routes/nce-ber,no independent flight-route evidence
NCE,BER,U21765,120,https://2lnr.com/routes/nce-ber,no independent flight-route evidence
NCE,BER,U25144,120,https://2lnr.com/routes/nce-ber,no independent flight-route evidence
NCE,BER,U25144,120,https://2lnr.com/routes/nce-ber,no independent flight-route evidence
NCE,BER,U25144,125,https://2lnr.com/routes/nce-ber,no independent flight-route evidence
NCE,BER,U25144,120,https://2lnr.com/routes/nce-ber,no independent flight-route evidence
NCE,BER,U25146,125,https://2lnr.com/routes/nce-ber,no independent flight-route evidence
NCE,BER,U25146,120,https://2lnr.com/routes/nce-ber,no independent flight-route evidence
NCE,BOS,DL277,527,https://2lnr.com/routes/nce-bos,flight-route mismatch
NCE,BRU,U21747,100,https://2lnr.com/routes/nce-bru,no independent flight-route evidence
NCE,BRU,U21747,110,https://2lnr.com/routes/nce-bru,no independent flight-route evidence
NCE,BUD,W62264,110,https://2lnr.com/routes/nce-bud,flight-route mismatch
NCE,CDG,AF7301,95,https://2lnr.com/routes/nce-cdg,no independent flight-route evidence
NCE,CDG,AF7301,95,https://2lnr.com/routes/nce-cdg,no independent flight-route evidence
NCE,CDG,AF7303,95,https://2lnr.com/routes/nce-cdg,no independent flight-route evidence
NCE,CDG,AF7303,95,https://2lnr.com/routes/nce-cdg,no independent flight-route evidence
NCE,CDG,AF7303,95,https://2lnr.com/routes/nce-cdg,no independent flight-route evidence
NCE,CDG,AF7305,95,https://2lnr.com/routes/nce-cdg,flight-route mismatch
NCE,CDG,AF7305,95,https://2lnr.com/routes/nce-cdg,flight-route mismatch
NCE,CDG,AF7307,95,https://2lnr.com/routes/nce-cdg,flight-route mismatch
NCE,CDG,AF7317,95,https://2lnr.com/routes/nce-cdg,no independent flight-route evidence
NCE,CDG,AF7319,95,https://2lnr.com/routes/nce-cdg,no independent flight-route evidence
NCE,CDG,AF7319,95,https://2lnr.com/routes/nce-cdg,no independent flight-route evidence
NCE,CDG,AF7321,95,https://2lnr.com/routes/nce-cdg,flight-route mismatch
NCE,CDG,AF7321,95,https://2lnr.com/routes/nce-cdg,flight-route mismatch
NCE,CDG,AF7329,95,https://2lnr.com/routes/nce-cdg,flight-route mismatch
NCE,CDG,U24526,100,https://2lnr.com/routes/nce-cdg,flight-route mismatch
NCE,CDG,U24528,100,https://2lnr.com/routes/nce-cdg,flight-route mismatch
NCE,CDG,U24530,100,https://2lnr.com/routes/nce-cdg,flight-route mismatch
NCE,CDG,U24532,100,https://2lnr.com/routes/nce-cdg,flight-route mismatch
NCE,CDG,U24532,100,https://2lnr.com/routes/nce-cdg,flight-route mismatch
NCE,CDG,U24538,100,https://2lnr.com/routes/nce-cdg,flight-route mismatch
NCE,CPH,D83651,135,https://2lnr.com/routes/nce-cph,no independent flight-route evidence
NCE,DUS,EW9423,105,https://2lnr.com/routes/nce-dus,no independent flight-route evidence
NCE,DUS,EW9423,105,https://2lnr.com/routes/nce-dus,no independent flight-route evidence
NCE,EDI,U23246,165,https://2lnr.com/routes/nce-edi,flight-route mismatch
NCE,EDI,U23246,160,https://2lnr.com/routes/nce-edi,flight-route mismatch
NCE,EDI,U23246,165,https://2lnr.com/routes/nce-edi,flight-route mismatch
NCE,EDI,U23254,165,https://2lnr.com/routes/nce-edi,flight-route mismatch
NCE,EDI,U23254,160,https://2lnr.com/routes/nce-edi,flight-route mismatch
NCE,FCO,U21683,75,https://2lnr.com/routes/nce-fco,no independent flight-route evidence
NCE,FCO,U21685,75,https://2lnr.com/routes/nce-fco,no independent flight-route evidence
NCE,FCO,U22979,70,https://2lnr.com/routes/nce-fco,flight-route mismatch
NCE,FCO,U22979,75,https://2lnr.com/routes/nce-fco,flight-route mismatch
NCE,FCO,W46132,80,https://2lnr.com/routes/nce-fco,no independent flight-route evidence
NCE,GVA,U21386,60,https://2lnr.com/routes/nce-gva,no independent flight-route evidence
NCE,GVA,U21394,60,https://2lnr.com/routes/nce-gva,flight-route mismatch
NCE,GVA,U21396,60,https://2lnr.com/routes/nce-gva,flight-route mismatch
NCE,GVA,U21398,60,https://2lnr.com/routes/nce-gva,flight-route mismatch
NCE,GVA,U21400,60,https://2lnr.com/routes/nce-gva,no independent flight-route evidence
NCE,GVA,U21400,65,https://2lnr.com/routes/nce-gva,no independent flight-route evidence
NCE,GVA,U21402,60,https://2lnr.com/routes/nce-gva,flight-route mismatch
NCE,GVA,U21402,65,https://2lnr.com/routes/nce-gva,flight-route mismatch
NCE,GVA,U21404,60,https://2lnr.com/routes/nce-gva,flight-route mismatch
NCE,GVA,U27576,60,https://2lnr.com/routes/nce-gva,no independent flight-route evidence
NCE,HEL,AY1602,195,https://2lnr.com/routes/nce-hel,flight-route mismatch
NCE,IST,TK1816,175,https://2lnr.com/routes/nce-ist,flight-route mismatch
NCE,LGW,BA2575,135,https://2lnr.com/routes/nce-lgw,flight-route mismatch
NCE,LGW,BA2575,130,https://2lnr.com/routes/nce-lgw,flight-route mismatch
NCE,LGW,BA2577,125,https://2lnr.com/routes/nce-lgw,flight-route mismatch
NCE,LGW,BA2577,115,https://2lnr.com/routes/nce-lgw,flight-route mismatch
NCE,LGW,BA2577,120,https://2lnr.com/routes/nce-lgw,flight-route mismatch
NCE,LGW,BA2577,135,https://2lnr.com/routes/nce-lgw,flight-route mismatch
NCE,LGW,U28418,125,https://2lnr.com/routes/nce-lgw,flight-route mismatch
NCE,LGW,U28418,125,https://2lnr.com/routes/nce-lgw,flight-route mismatch
NCE,LGW,U28418,125,https://2lnr.com/routes/nce-lgw,flight-route mismatch
NCE,LGW,U28420,120,https://2lnr.com/routes/nce-lgw,no independent flight-route evidence
NCE,LGW,U28420,125,https://2lnr.com/routes/nce-lgw,no independent flight-route evidence
NCE,LGW,U28420,125,https://2lnr.com/routes/nce-lgw,no independent flight-route evidence
NCE,LGW,U28422,125,https://2lnr.com/routes/nce-lgw,flight-route mismatch
NCE,LGW,U28424,125,https://2lnr.com/routes/nce-lgw,flight-route mismatch
NCE,LGW,U28424,125,https://2lnr.com/routes/nce-lgw,flight-route mismatch
NCE,LGW,U28426,125,https://2lnr.com/routes/nce-lgw,flight-route mismatch
NCE,LGW,U28426,125,https://2lnr.com/routes/nce-lgw,flight-route mismatch
NCE,LGW,U28428,125,https://2lnr.com/routes/nce-lgw,no independent flight-route evidence
NCE,LGW,U28428,120,https://2lnr.com/routes/nce-lgw,no independent flight-route evidence
NCE,LGW,U28428,120,https://2lnr.com/routes/nce-lgw,no independent flight-route evidence
NCE,LGW,U28428,125,https://2lnr.com/routes/nce-lgw,no independent flight-route evidence
NCE,LGW,U28428,130,https://2lnr.com/routes/nce-lgw,no independent flight-route evidence
NCE,LGW,U28450,130,https://2lnr.com/routes/nce-lgw,flight-route mismatch
NCE,LGW,U28728,125,https://2lnr.com/routes/nce-lgw,no independent flight-route evidence
NCE,LGW,U28728,120,https://2lnr.com/routes/nce-lgw,no independent flight-route evidence
NCE,LIS,U27612,160,https://2lnr.com/routes/nce-lis,no independent flight-route evidence
NCE,LIS,U27612,155,https://2lnr.com/routes/nce-lis,no independent flight-route evidence
NCE,MAD,IB1210,120,https://2lnr.com/routes/nce-mad,no independent flight-route evidence
NCE,MAD,IB1212,120,https://2lnr.com/routes/nce-mad,no independent flight-route evidence
NCE,MAD,IB1214,120,https://2lnr.com/routes/nce-mad,no independent flight-route evidence
NCE,MAD,IB1218,125,https://2lnr.com/routes/nce-mad,no independent flight-route evidence
NCE,MAN,U21773,135,https://2lnr.com/routes/nce-man,no independent flight-route evidence
NCE,MAN,U22104,135,https://2lnr.com/routes/nce-man,flight-route mismatch
NCE,MAN,U22104,140,https://2lnr.com/routes/nce-man,flight-route mismatch
NCE,OPO,U21743,145,https://2lnr.com/routes/nce-opo,no independent flight-route evidence
NCE,OPO,U26806,145,https://2lnr.com/routes/nce-opo,no independent flight-route evidence
NCE,PRG,QS1031,105,https://2lnr.com/routes/nce-prg,flight-route mismatch
NCE,PRG,QS1031,105,https://2lnr.com/routes/nce-prg,flight-route mismatch
NCE,PRG,QS1031,105,https://2lnr.com/routes/nce-prg,flight-route mismatch
NCE,PRG,U21785,100,https://2lnr.com/routes/nce-prg,no independent flight-route evidence
NCE,RAK,U21749,130,https://2lnr.com/routes/nce-rak,flight-route mismatch
NCE,RAK,U21749,185,https://2lnr.com/routes/nce-rak,flight-route mismatch
NCE,RAK,U21749,125,https://2lnr.com/routes/nce-rak,flight-route mismatch
NCE,RAK,U26030,125,https://2lnr.com/routes/nce-rak,flight-route mismatch
NCE,TUN,TU251,95,https://2lnr.com/routes/nce-tun,flight-route mismatch
NCE,VIE,OS374,100,https://2lnr.com/routes/nce-vie,flight-route mismatch
NCE,WAW,W61350,140,https://2lnr.com/routes/nce-waw,flight-route mismatch
NGO,FUK,OC55,95,https://2lnr.com/routes/ngo-fuk,no independent flight-route evidence
NGO,PEK,CA612,180,https://2lnr.com/routes/ngo-pek,flight-route mismatch
NKG,CKG,PN6428,130,https://2lnr.com/routes/nkg-ckg,flight-route mismatch
NKG,DLC,HO2167,100,https://2lnr.com/routes/nkg-dlc,no independent flight-route evidence
NKG,DLC,HO2167,100,https://2lnr.com/routes/nkg-dlc,no independent flight-route evidence
NKG,HAN,MF8713,175,https://2lnr.com/routes/nkg-han,flight-route mismatch
NKG,HAN,MF8713,180,https://2lnr.com/routes/nkg-han,flight-route mismatch
NKG,SIN,MF8685,305,https://2lnr.com/routes/nkg-sin,flight-route mismatch
NKG,TFU,3U6912,150,https://2lnr.com/routes/nkg-tfu,flight-route mismatch
NKG,TFU,3U6914,155,https://2lnr.com/routes/nkg-tfu,flight-route mismatch
NKG,TFU,3U6916,160,https://2lnr.com/routes/nkg-tfu,flight-route mismatch
NKG,TFU,CA2618,160,https://2lnr.com/routes/nkg-tfu,flight-route mismatch
NKG,TFU,HO1695,155,https://2lnr.com/routes/nkg-tfu,flight-route mismatch
NKG,TFU,HO1695,155,https://2lnr.com/routes/nkg-tfu,flight-route mismatch
NKG,TFU,HO1721,160,https://2lnr.com/routes/nkg-tfu,flight-route mismatch
NKG,TFU,HO1753,165,https://2lnr.com/routes/nkg-tfu,flight-route mismatch
NKG,TFU,MU2805,175,https://2lnr.com/routes/nkg-tfu,flight-route mismatch
NKG,TFU,MU2815,170,https://2lnr.com/routes/nkg-tfu,flight-route mismatch
NKG,TFU,MU2865,150,https://2lnr.com/routes/nkg-tfu,flight-route mismatch
NKG,TFU,MU2997,140,https://2lnr.com/routes/nkg-tfu,flight-route mismatch
NKG,TFU,MU9822,155,https://2lnr.com/routes/nkg-tfu,flight-route mismatch
NKG,TFU,ZH9561,155,https://2lnr.com/routes/nkg-tfu,flight-route mismatch
NKG,TFU,ZH9563,155,https://2lnr.com/routes/nkg-tfu,flight-route mismatch
NKG,TFU,ZH9565,150,https://2lnr.com/routes/nkg-tfu,flight-route mismatch
NOU,NAN,FJ290,180,https://2lnr.com/routes/nou-nan,no independent flight-route evidence
NRT,DAC,BG377,420,https://2lnr.com/routes/nrt-dac,flight-route mismatch
NRT,ICN,MM651,175,https://2lnr.com/routes/nrt-icn,no independent flight-route evidence
NRT,PUS,BX1135,120,https://2lnr.com/routes/nrt-pus,no independent flight-route evidence
NRT,SEA,AS124,530,https://2lnr.com/routes/nrt-sea,flight-route mismatch
NRT,TFU,3U3962,320,https://2lnr.com/routes/nrt-tfu,flight-route mismatch
NRT,TFU,3U3962,320,https://2lnr.com/routes/nrt-tfu,flight-route mismatch
NRT,TLV,LY76,765,https://2lnr.com/routes/nrt-tlv,flight-route mismatch
NRT,UBN,M0902,330,https://2lnr.com/routes/nrt-ubn,flight-route mismatch
NRT,UBN,M0902,335,https://2lnr.com/routes/nrt-ubn,flight-route mismatch
NRT,UBN,OM502,335,https://2lnr.com/routes/nrt-ubn,flight-route mismatch
NRT,UBN,OM502,335,https://2lnr.com/routes/nrt-ubn,flight-route mismatch
NRT,UBN,UA7,325,https://2lnr.com/routes/nrt-ubn,flight-route mismatch
OKA,ICN,ZE634,155,https://2lnr.com/routes/oka-icn,no independent flight-route evidence
OKA,ICN,ZE634,145,https://2lnr.com/routes/oka-icn,no independent flight-route evidence
OKA,TPE,MM6927,95,https://2lnr.com/routes/oka-tpe,no independent flight-route evidence
OKA,TPE,SL383,90,https://2lnr.com/routes/oka-tpe,no independent flight-route evidence
OPO,ARN,FR317,235,https://2lnr.com/routes/opo-arn,flight-route mismatch
OPO,ATH,A3725,225,https://2lnr.com/routes/opo-ath,no independent flight-route evidence
OPO,BCN,FR4546,105,https://2lnr.com/routes/opo-bcn,no independent flight-route evidence
OPO,BCN,VY8483,105,https://2lnr.com/routes/opo-bcn,flight-route mismatch
OPO,BCN,VY8483,110,https://2lnr.com/routes/opo-bcn,flight-route mismatch
OPO,BER,EW8601,190,https://2lnr.com/routes/opo-ber,flight-route mismatch
OPO,BER,FR2945,185,https://2lnr.com/routes/opo-ber,no independent flight-route evidence
OPO,BER,FR2945,185,https://2lnr.com/routes/opo-ber,no independent flight-route evidence
OPO,BER,U25332,190,https://2lnr.com/routes/opo-ber,flight-route mismatch
OPO,BUD,FR4244,200,https://2lnr.com/routes/opo-bud,no independent flight-route evidence
OPO,CDG,AF1429,135,https://2lnr.com/routes/opo-cdg,no independent flight-route evidence
OPO,CDG,AF1517,135,https://2lnr.com/routes/opo-cdg,flight-route mismatch
OPO,DUB,FR7073,145,https://2lnr.com/routes/opo-dub,no independent flight-route evidence
OPO,DUB,FR7073,145,https://2lnr.com/routes/opo-dub,no independent flight-route evidence
OPO,EDI,FR5680,165,https://2lnr.com/routes/opo-edi,no independent flight-route evidence
OPO,EDI,FR9467,165,https://2lnr.com/routes/opo-edi,flight-route mismatch
OPO,EDI,FR9467,165,https://2lnr.com/routes/opo-edi,flight-route mismatch
OPO,FCO,FR6008,175,https://2lnr.com/routes/opo-fco,flight-route mismatch
OPO,FCO,W46048,165,https://2lnr.com/routes/opo-fco,no independent flight-route evidence
OPO,FCO,W46048,175,https://2lnr.com/routes/opo-fco,no independent flight-route evidence
OPO,FCO,W46048,185,https://2lnr.com/routes/opo-fco,no independent flight-route evidence
OPO,FCO,W46048,190,https://2lnr.com/routes/opo-fco,no independent flight-route evidence
OPO,GVA,LX2079,130,https://2lnr.com/routes/opo-gva,no independent flight-route evidence
OPO,GVA,U21454,135,https://2lnr.com/routes/opo-gva,no independent flight-route evidence
OPO,GVA,U21456,135,https://2lnr.com/routes/opo-gva,no independent flight-route evidence
OPO,GVA,U21458,130,https://2lnr.com/routes/opo-gva,no independent flight-route evidence
OPO,GVA,U26819,135,https://2lnr.com/routes/opo-gva,flight-route mismatch
OPO,GVA,U26821,125,https://2lnr.com/routes/opo-gva,flight-route mismatch
OPO,GVA,U26821,135,https://2lnr.com/routes/opo-gva,flight-route mismatch
OPO,GVA,U26823,130,https://2lnr.com/routes/opo-gva,flight-route mismatch
OPO,GVA,U26829,135,https://2lnr.com/routes/opo-gva,no independent flight-route evidence
OPO,IST,TK1450,275,https://2lnr.com/routes/opo-ist,flight-route mismatch
OPO,IST,TK1450,280,https://2lnr.com/routes/opo-ist,flight-route mismatch
OPO,IST,TK1450,280,https://2lnr.com/routes/opo-ist,flight-route mismatch
OPO,IST,TK1450,280,https://2lnr.com/routes/opo-ist,flight-route mismatch
OPO,IST,TK1452,270,https://2lnr.com/routes/opo-ist,flight-route mismatch
OPO,IST,TK1452,270,https://2lnr.com/routes/opo-ist,flight-route mismatch
OPO,IST,TK1452,270,https://2lnr.com/routes/opo-ist,flight-route mismatch
OPO,IST,TK1452,275,https://2lnr.com/routes/opo-ist,flight-route mismatch
OPO,KEF,OG555,245,https://2lnr.com/routes/opo-kef,no independent flight-route evidence
OPO,LGW,BA2667,145,https://2lnr.com/routes/opo-lgw,flight-route mismatch
OPO,LGW,BA2667,150,https://2lnr.com/routes/opo-lgw,flight-route mismatch
OPO,LGW,BA2669,130,https://2lnr.com/routes/opo-lgw,flight-route mismatch
OPO,LGW,BA2669,135,https://2lnr.com/routes/opo-lgw,flight-route mismatch
OPO,LGW,BA2669,125,https://2lnr.com/routes/opo-lgw,flight-route mismatch
OPO,LGW,BA2669,135,https://2lnr.com/routes/opo-lgw,flight-route mismatch
OPO,LGW,U28524,145,https://2lnr.com/routes/opo-lgw,no independent flight-route evidence
OPO,LGW,U28524,140,https://2lnr.com/routes/opo-lgw,no independent flight-route evidence
OPO,LGW,U28524,145,https://2lnr.com/routes/opo-lgw,no independent flight-route evidence
OPO,LGW,U28524,135,https://2lnr.com/routes/opo-lgw,no independent flight-route evidence
OPO,LGW,U28578,135,https://2lnr.com/routes/opo-lgw,flight-route mismatch
OPO,MAD,FR573,75,https://2lnr.com/routes/opo-mad,no independent flight-route evidence
OPO,MAD,IB1150,80,https://2lnr.com/routes/opo-mad,no independent flight-route evidence
OPO,MAD,IB1152,80,https://2lnr.com/routes/opo-mad,no independent flight-route evidence
OPO,MAD,IB1154,80,https://2lnr.com/routes/opo-mad,no independent flight-route evidence
OPO,MAD,IB544,80,https://2lnr.com/routes/opo-mad,flight-route mismatch
OPO,MAN,FR1174,150,https://2lnr.com/routes/opo-man,flight-route mismatch
OPO,MAN,FR1174,150,https://2lnr.com/routes/opo-man,flight-route mismatch
OPO,MAN,LS982,150,https://2lnr.com/routes/opo-man,no independent flight-route evidence
OPO,MAN,U22212,145,https://2lnr.com/routes/opo-man,flight-route mismatch
OPO,MAN,U26883,145,https://2lnr.com/routes/opo-man,flight-route mismatch
OPO,MUC,LH1783,170,https://2lnr.com/routes/opo-muc,flight-route mismatch
OPO,MUC,LH1783,170,https://2lnr.com/routes/opo-muc,flight-route mismatch
OPO,MUC,LH1789,170,https://2lnr.com/routes/opo-muc,flight-route mismatch
OPO,MXP,FR8953,145,https://2lnr.com/routes/opo-mxp,flight-route mismatch
OPO,MXP,U26885,145,https://2lnr.com/routes/opo-mxp,flight-route mismatch
OPO,MXP,W46336,150,https://2lnr.com/routes/opo-mxp,no independent flight-route evidence
OPO,MXP,W46336,155,https://2lnr.com/routes/opo-mxp,no independent flight-route evidence
OPO,NCE,U21744,130,https://2lnr.com/routes/opo-nce,no independent flight-route evidence
OPO,NCE,U21744,125,https://2lnr.com/routes/opo-nce,no independent flight-route evidence
OPO,NCE,U26805,130,https://2lnr.com/routes/opo-nce,flight-route mismatch
OPO,PRG,U26857,195,https://2lnr.com/routes/opo-prg,no independent flight-route evidence
OPO,VIE,FR752,190,https://2lnr.com/routes/opo-vie,flight-route mismatch
OPO,WAW,FR7766,230,https://2lnr.com/routes/opo-waw,flight-route mismatch
OPO,WAW,W61596,220,https://2lnr.com/routes/opo-waw,flight-route mismatch
OPO,ZRH,LX2061,150,https://2lnr.com/routes/opo-zrh,no independent flight-route evidence
OPO,ZRH,LX2061,150,https://2lnr.com/routes/opo-zrh,no independent flight-route evidence
OPO,ZRH,LX2061,150,https://2lnr.com/routes/opo-zrh,no independent flight-route evidence
OPO,ZRH,LX2065,150,https://2lnr.com/routes/opo-zrh,no independent flight-route evidence
OPO,ZRH,LX2065,150,https://2lnr.com/routes/opo-zrh,no independent flight-route evidence
OPO,ZRH,U26825,155,https://2lnr.com/routes/opo-zrh,flight-route mismatch
OPO,ZRH,U26827,145,https://2lnr.com/routes/opo-zrh,flight-route mismatch
OPO,ZRH,U26827,155,https://2lnr.com/routes/opo-zrh,flight-route mismatch
OPO,ZRH,U26827,150,https://2lnr.com/routes/opo-zrh,flight-route mismatch
ORD,ANC,UA461,412,https://2lnr.com/routes/ord-anc,flight-route mismatch
ORD,ATL,UA2779,126,https://2lnr.com/routes/ord-atl,flight-route mismatch
ORD,ATL,UA530,131,https://2lnr.com/routes/ord-atl,flight-route mismatch
ORD,ATL,UA530,132,https://2lnr.com/routes/ord-atl,flight-route mismatch
ORD,AUH,EY10,815,https://2lnr.com/routes/ord-auh,flight-route mismatch
ORD,AUH,EY10,810,https://2lnr.com/routes/ord-auh,flight-route mismatch
ORD,BOS,AA2532,161,https://2lnr.com/routes/ord-bos,flight-route mismatch
ORD,BOS,AA2950,157,https://2lnr.com/routes/ord-bos,flight-route mismatch
ORD,BOS,UA487,167,https://2lnr.com/routes/ord-bos,flight-route mismatch
ORD,BOS,UA659,151,https://2lnr.com/routes/ord-bos,flight-route mismatch
ORD,CLT,AA1187,125,https://2lnr.com/routes/ord-clt,flight-route mismatch
ORD,CLT,AA2534,129,https://2lnr.com/routes/ord-clt,flight-route mismatch
ORD,CLT,AA662,129,https://2lnr.com/routes/ord-clt,flight-route mismatch
ORD,CLT,UA3426,138,https://2lnr.com/routes/ord-clt,flight-route mismatch
ORD,CLT,UA3450,145,https://2lnr.com/routes/ord-clt,flight-route mismatch
ORD,CLT,UA3518,143,https://2lnr.com/routes/ord-clt,flight-route mismatch
ORD,CLT,UA5644,145,https://2lnr.com/routes/ord-clt,flight-route mismatch
ORD,DEN,AA3964,172,https://2lnr.com/routes/ord-den,flight-route mismatch
ORD,DEN,UA2857,170,https://2lnr.com/routes/ord-den,flight-route mismatch
ORD,DEN,UA318,172,https://2lnr.com/routes/ord-den,flight-route mismatch
ORD,DEN,UA767,174,https://2lnr.com/routes/ord-den,flight-route mismatch
ORD,DFW,AA3794,164,https://2lnr.com/routes/ord-dfw,flight-route mismatch
ORD,DFW,UA1673,158,https://2lnr.com/routes/ord-dfw,flight-route mismatch
ORD,DFW,UA309,162,https://2lnr.com/routes/ord-dfw,flight-route mismatch
ORD,DTW,AA3947,96,https://2lnr.com/routes/ord-dtw,flight-route mismatch
ORD,DTW,AA3977,97,https://2lnr.com/routes/ord-dtw,flight-route mismatch
ORD,DTW,AA3980,93,https://2lnr.com/routes/ord-dtw,flight-route mismatch
ORD,DTW,AA4012,95,https://2lnr.com/routes/ord-dtw,flight-route mismatch
ORD,DTW,AA4885,103,https://2lnr.com/routes/ord-dtw,no independent flight-route evidence
ORD,DTW,AA6255,97,https://2lnr.com/routes/ord-dtw,no independent flight-route evidence
ORD,DTW,DL3819,92,https://2lnr.com/routes/ord-dtw,no independent flight-route evidence
ORD,DTW,DL3958,93,https://2lnr.com/routes/ord-dtw,no independent flight-route evidence
ORD,DTW,UA2632,90,https://2lnr.com/routes/ord-dtw,flight-route mismatch
ORD,DTW,UA3632,94,https://2lnr.com/routes/ord-dtw,no independent flight-route evidence
ORD,DTW,UA3706,93,https://2lnr.com/routes/ord-dtw,no independent flight-route evidence
ORD,DTW,UA5756,94,https://2lnr.com/routes/ord-dtw,flight-route mismatch
ORD,DTW,UA5882,96,https://2lnr.com/routes/ord-dtw,flight-route mismatch
ORD,DTW,UA5882,98,https://2lnr.com/routes/ord-dtw,flight-route mismatch
ORD,DTW,UA642,90,https://2lnr.com/routes/ord-dtw,flight-route mismatch
ORD,DTW,UA768,90,https://2lnr.com/routes/ord-dtw,flight-route mismatch
ORD,EWR,AA3170,143,https://2lnr.com/routes/ord-ewr,flight-route mismatch
ORD,EWR,UA2466,143,https://2lnr.com/routes/ord-ewr,flight-route mismatch
ORD,EWR,UA249,150,https://2lnr.com/routes/ord-ewr,flight-route mismatch
ORD,EWR,UA2759,132,https://2lnr.com/routes/ord-ewr,flight-route mismatch
ORD,EWR,UA2759,133,https://2lnr.com/routes/ord-ewr,flight-route mismatch
ORD,EWR,UA2790,149,https://2lnr.com/routes/ord-ewr,flight-route mismatch
ORD,FLL,AA1461,189,https://2lnr.com/routes/ord-fll,flight-route mismatch
ORD,FLL,AA2020,190,https://2lnr.com/routes/ord-fll,flight-route mismatch
ORD,FLL,UA463,192,https://2lnr.com/routes/ord-fll,flight-route mismatch
ORD,IAD,UA304,125,https://2lnr.com/routes/ord-iad,flight-route mismatch
ORD,IAH,UA2228,169,https://2lnr.com/routes/ord-iah,flight-route mismatch
ORD,IAH,UA2767,176,https://2lnr.com/routes/ord-iah,flight-route mismatch
ORD,IAH,UA2788,171,https://2lnr.com/routes/ord-iah,flight-route mismatch
ORD,IST,TK186,620,https://2lnr.com/routes/ord-ist,no independent flight-route evidence
ORD,JFK,AA1315,154,https://2lnr.com/routes/ord-jfk,flight-route mismatch
ORD,JFK,AA4495,158,https://2lnr.com/routes/ord-jfk,no independent flight-route evidence
ORD,JFK,AA4590,154,https://2lnr.com/routes/ord-jfk,flight-route mismatch
ORD,JFK,AA819,145,https://2lnr.com/routes/ord-jfk,flight-route mismatch
ORD,JFK,B61006,141,https://2lnr.com/routes/ord-jfk,flight-route mismatch
ORD,JFK,DL4920,163,https://2lnr.com/routes/ord-jfk,no independent flight-route evidence
ORD,JFK,DL4929,144,https://2lnr.com/routes/ord-jfk,no independent flight-route evidence
ORD,JFK,DL4933,144,https://2lnr.com/routes/ord-jfk,no independent flight-route evidence
ORD,JFK,DL5035,150,https://2lnr.com/routes/ord-jfk,no independent flight-route evidence
ORD,JFK,DL5035,151,https://2lnr.com/routes/ord-jfk,no independent flight-route evidence
ORD,JFK,DL5662,141,https://2lnr.com/routes/ord-jfk,no independent flight-route evidence
ORD,JFK,DL5666,137,https://2lnr.com/routes/ord-jfk,no independent flight-route evidence
ORD,JFK,DL5799,144,https://2lnr.com/routes/ord-jfk,no independent flight-route evidence
ORD,LAS,AA1353,256,https://2lnr.com/routes/ord-las,flight-route mismatch
ORD,LAS,AA1564,251,https://2lnr.com/routes/ord-las,flight-route mismatch
ORD,LAS,AA1592,251,https://2lnr.com/routes/ord-las,flight-route mismatch
ORD,LAS,UA365,248,https://2lnr.com/routes/ord-las,flight-route mismatch
ORD,LAX,UA2170,276,https://2lnr.com/routes/ord-lax,flight-route mismatch
ORD,MCO,AA1233,170,https://2lnr.com/routes/ord-mco,flight-route mismatch
ORD,MCO,AA1645,167,https://2lnr.com/routes/ord-mco,flight-route mismatch
ORD,MCO,AA1661,170,https://2lnr.com/routes/ord-mco,flight-route mismatch
ORD,MCO,AA1782,172,https://2lnr.com/routes/ord-mco,flight-route mismatch
ORD,MCO,UA2294,172,https://2lnr.com/routes/ord-mco,flight-route mismatch
ORD,MCO,UA2620,169,https://2lnr.com/routes/ord-mco,flight-route mismatch
ORD,MCO,UA2654,178,https://2lnr.com/routes/ord-mco,flight-route mismatch
ORD,MCO,UA617,177,https://2lnr.com/routes/ord-mco,flight-route mismatch
ORD,MCO,UA617,176,https://2lnr.com/routes/ord-mco,flight-route mismatch
ORD,MIA,AA1252,195,https://2lnr.com/routes/ord-mia,flight-route mismatch
ORD,MIA,AA2553,196,https://2lnr.com/routes/ord-mia,flight-route mismatch
ORD,MIA,AA378,196,https://2lnr.com/routes/ord-mia,flight-route mismatch
ORD,MIA,AA791,198,https://2lnr.com/routes/ord-mia,flight-route mismatch
ORD,MSP,AA3551,113,https://2lnr.com/routes/ord-msp,flight-route mismatch
ORD,MSP,AA4162,113,https://2lnr.com/routes/ord-msp,flight-route mismatch
ORD,MSP,AA4228,113,https://2lnr.com/routes/ord-msp,no independent flight-route evidence
ORD,MSP,UA2865,95,https://2lnr.com/routes/ord-msp,flight-route mismatch
ORD,PDX,AA2515,277,https://2lnr.com/routes/ord-pdx,flight-route mismatch
ORD,PDX,AA3329,282,https://2lnr.com/routes/ord-pdx,flight-route mismatch
ORD,PDX,AA966,282,https://2lnr.com/routes/ord-pdx,flight-route mismatch
ORD,PDX,UA751,278,https://2lnr.com/routes/ord-pdx,flight-route mismatch
ORD,PHL,AA3177,132,https://2lnr.com/routes/ord-phl,flight-route mismatch
ORD,PHL,UA2825,144,https://2lnr.com/routes/ord-phl,flight-route mismatch
ORD,PHX,AA2965,244,https://2lnr.com/routes/ord-phx,flight-route mismatch
ORD,PHX,AA435,239,https://2lnr.com/routes/ord-phx,flight-route mismatch
ORD,PHX,AA866,233,https://2lnr.com/routes/ord-phx,flight-route mismatch
ORD,PHX,UA2795,234,https://2lnr.com/routes/ord-phx,flight-route mismatch
ORD,PUJ,AA2841,270,https://2lnr.com/routes/ord-puj,flight-route mismatch
ORD,PUJ,DM5481,285,https://2lnr.com/routes/ord-puj,no independent flight-route evidence
ORD,SAN,AA1785,273,https://2lnr.com/routes/ord-san,flight-route mismatch
ORD,SAN,AA3134,261,https://2lnr.com/routes/ord-san,flight-route mismatch
ORD,SAN,AA3134,270,https://2lnr.com/routes/ord-san,flight-route mismatch
ORD,SAN,AS1478,278,https://2lnr.com/routes/ord-san,flight-route mismatch
ORD,SAN,UA1564,265,https://2lnr.com/routes/ord-san,flight-route mismatch
ORD,SAN,UA559,259,https://2lnr.com/routes/ord-san,flight-route mismatch
ORD,SFO,AA1948,298,https://2lnr.com/routes/ord-sfo,flight-route mismatch
ORD,SFO,AA1954,301,https://2lnr.com/routes/ord-sfo,flight-route mismatch
ORD,SFO,AA2253,296,https://2lnr.com/routes/ord-sfo,flight-route mismatch
ORD,SFO,UA1577,288,https://2lnr.com/routes/ord-sfo,flight-route mismatch
ORD,SFO,UA2437,289,https://2lnr.com/routes/ord-sfo,flight-route mismatch
ORD,SJU,AA1865,280,https://2lnr.com/routes/ord-sju,flight-route mismatch
ORD,SLC,AA1991,223,https://2lnr.com/routes/ord-slc,flight-route mismatch
ORD,SLC,DL1940,217,https://2lnr.com/routes/ord-slc,flight-route mismatch
ORD,SLC,DL2247,218,https://2lnr.com/routes/ord-slc,flight-route mismatch
ORD,TPA,AA2052,169,https://2lnr.com/routes/ord-tpa,flight-route mismatch
ORD,YHZ,UA3615,205,https://2lnr.com/routes/ord-yhz,no independent flight-route evidence
ORD,YOW,UA3509,141,https://2lnr.com/routes/ord-yow,flight-route mismatch
ORD,YOW,UA3661,139,https://2lnr.com/routes/ord-yow,no independent flight-route evidence
ORD,YUL,AA3600,151,https://2lnr.com/routes/ord-yul,flight-route mismatch
ORD,YUL,AA3600,147,https://2lnr.com/routes/ord-yul,flight-route mismatch
ORD,YUL,AA3602,149,https://2lnr.com/routes/ord-yul,flight-route mismatch
ORD,YUL,AA3602,143,https://2lnr.com/routes/ord-yul,flight-route mismatch
ORD,YUL,AC8484,141,https://2lnr.com/routes/ord-yul,flight-route mismatch
ORD,YUL,UA3536,149,https://2lnr.com/routes/ord-yul,flight-route mismatch
ORD,YUL,UA3542,150,https://2lnr.com/routes/ord-yul,flight-route mismatch
ORD,YVR,AC1615,275,https://2lnr.com/routes/ord-yvr,no independent flight-route evidence
ORD,YYZ,AA3456,116,https://2lnr.com/routes/ord-yyz,flight-route mismatch
ORD,YYZ,AA3606,110,https://2lnr.com/routes/ord-yyz,flight-route mismatch
ORD,YYZ,AA3606,108,https://2lnr.com/routes/ord-yyz,flight-route mismatch
ORD,YYZ,AA3608,110,https://2lnr.com/routes/ord-yyz,flight-route mismatch
ORD,YYZ,AA3610,113,https://2lnr.com/routes/ord-yyz,flight-route mismatch
ORD,YYZ,AA4770,110,https://2lnr.com/routes/ord-yyz,no independent flight-route evidence
ORD,YYZ,AA6488,116,https://2lnr.com/routes/ord-yyz,no independent flight-route evidence
ORD,YYZ,AA6488,113,https://2lnr.com/routes/ord-yyz,no independent flight-route evidence
ORD,YYZ,AC8912,103,https://2lnr.com/routes/ord-yyz,flight-route mismatch
ORD,YYZ,UA3531,124,https://2lnr.com/routes/ord-yyz,flight-route mismatch
ORD,YYZ,UA3601,119,https://2lnr.com/routes/ord-yyz,flight-route mismatch
ORD,YYZ,UA485,107,https://2lnr.com/routes/ord-yyz,flight-route mismatch
ORD,YYZ,UA5740,119,https://2lnr.com/routes/ord-yyz,flight-route mismatch
ORD,YYZ,UA5918,124,https://2lnr.com/routes/ord-yyz,flight-route mismatch
OSL,ARN,D84104,60,https://2lnr.com/routes/osl-arn,no independent flight-route evidence
OSL,BCN,DY1742,200,https://2lnr.com/routes/osl-bcn,no independent flight-route evidence
OSL,BER,DY1102,95,https://2lnr.com/routes/osl-ber,flight-route mismatch
OSL,BER,DY1102,95,https://2lnr.com/routes/osl-ber,flight-route mismatch
OSL,BER,DY1104,95,https://2lnr.com/routes/osl-ber,flight-route mismatch
OSL,BER,DY1104,95,https://2lnr.com/routes/osl-ber,flight-route mismatch
OSL,BER,DY1106,95,https://2lnr.com/routes/osl-ber,flight-route mismatch
OSL,BER,DY1108,95,https://2lnr.com/routes/osl-ber,flight-route mismatch
OSL,BER,DY1108,95,https://2lnr.com/routes/osl-ber,flight-route mismatch
OSL,BER,SK4723,100,https://2lnr.com/routes/osl-ber,flight-route mismatch
OSL,CDG,DY1490,145,https://2lnr.com/routes/osl-cdg,flight-route mismatch
OSL,CDG,DY1496,145,https://2lnr.com/routes/osl-cdg,flight-route mismatch
OSL,CDG,DY1496,145,https://2lnr.com/routes/osl-cdg,flight-route mismatch
OSL,CDG,DY1498,145,https://2lnr.com/routes/osl-cdg,flight-route mismatch
OSL,FCO,W46246,200,https://2lnr.com/routes/osl-fco,no independent flight-route evidence
OSL,HAM,DY1128,85,https://2lnr.com/routes/osl-ham,flight-route mismatch
OSL,HAM,DY1128,85,https://2lnr.com/routes/osl-ham,flight-route mismatch
OSL,HEL,AY912,80,https://2lnr.com/routes/osl-hel,flight-route mismatch
OSL,HEL,AY912,80,https://2lnr.com/routes/osl-hel,flight-route mismatch
OSL,HEL,AY912,80,https://2lnr.com/routes/osl-hel,flight-route mismatch
OSL,HEL,AY914,85,https://2lnr.com/routes/osl-hel,no independent flight-route evidence
OSL,HEL,AY914,80,https://2lnr.com/routes/osl-hel,no independent flight-route evidence
OSL,HEL,AY914,80,https://2lnr.com/routes/osl-hel,no independent flight-route evidence
OSL,HEL,AY914,80,https://2lnr.com/routes/osl-hel,no independent flight-route evidence
OSL,HEL,AY914,85,https://2lnr.com/routes/osl-hel,no independent flight-route evidence
OSL,HEL,AY914,85,https://2lnr.com/routes/osl-hel,no independent flight-route evidence
OSL,HEL,AY916,85,https://2lnr.com/routes/osl-hel,no independent flight-route evidence
OSL,HEL,AY916,85,https://2lnr.com/routes/osl-hel,no independent flight-route evidence
OSL,HEL,AY916,85,https://2lnr.com/routes/osl-hel,no independent flight-route evidence
OSL,IST,TK1752,235,https://2lnr.com/routes/osl-ist,flight-route mismatch
OSL,IST,TK1752,230,https://2lnr.com/routes/osl-ist,flight-route mismatch
OSL,IST,TK1754,220,https://2lnr.com/routes/osl-ist,flight-route mismatch
OSL,IST,TK1754,230,https://2lnr.com/routes/osl-ist,flight-route mismatch
OSL,IST,TK1754,220,https://2lnr.com/routes/osl-ist,flight-route mismatch
OSL,IST,TK1754,230,https://2lnr.com/routes/osl-ist,flight-route mismatch
OSL,LHR,BA783,140,https://2lnr.com/routes/osl-lhr,flight-route mismatch
OSL,LHR,BA783,140,https://2lnr.com/routes/osl-lhr,flight-route mismatch
OSL,LIS,DY1826,250,https://2lnr.com/routes/osl-lis,flight-route mismatch
OSL,MAD,IB954,225,https://2lnr.com/routes/osl-mad,flight-route mismatch
OSL,MAN,DY1332,125,https://2lnr.com/routes/osl-man,flight-route mismatch
OSL,MAN,U22298,120,https://2lnr.com/routes/osl-man,flight-route mismatch
OSL,MUC,LH2425,135,https://2lnr.com/routes/osl-muc,no independent flight-route evidence
OSL,OPO,DY1830,225,https://2lnr.com/routes/osl-opo,flight-route mismatch
OSL,OPO,DY1830,225,https://2lnr.com/routes/osl-opo,flight-route mismatch
OSL,WAW,LO482,120,https://2lnr.com/routes/osl-waw,no independent flight-route evidence
OSL,WAW,LO482,120,https://2lnr.com/routes/osl-waw,no independent flight-route evidence
OSL,WAW,LO486,120,https://2lnr.com/routes/osl-waw,no independent flight-route evidence
OSL,WAW,LO486,120,https://2lnr.com/routes/osl-waw,no independent flight-route evidence
PDX,ANC,AS1406,235,https://2lnr.com/routes/pdx-anc,flight-route mismatch
PDX,ANC,AS1406,235,https://2lnr.com/routes/pdx-anc,flight-route mismatch
PDX,ANC,AS1406,235,https://2lnr.com/routes/pdx-anc,flight-route mismatch
PDX,ANC,AS2192,243,https://2lnr.com/routes/pdx-anc,no independent flight-route evidence
PDX,ATL,DL1010,280,https://2lnr.com/routes/pdx-atl,flight-route mismatch
PDX,ATL,DL691,275,https://2lnr.com/routes/pdx-atl,flight-route mismatch
PDX,ATL,DL879,284,https://2lnr.com/routes/pdx-atl,flight-route mismatch
PDX,ATL,DL888,282,https://2lnr.com/routes/pdx-atl,flight-route mismatch
PDX,CLT,AA2529,293,https://2lnr.com/routes/pdx-clt,flight-route mismatch
PDX,DEN,AS1317,153,https://2lnr.com/routes/pdx-den,flight-route mismatch
PDX,DEN,AS1375,157,https://2lnr.com/routes/pdx-den,flight-route mismatch
PDX,DEN,AS1375,157,https://2lnr.com/routes/pdx-den,flight-route mismatch
PDX,DEN,AS3145,165,https://2lnr.com/routes/pdx-den,no independent flight-route evidence
PDX,DFW,AA1538,234,https://2lnr.com/routes/pdx-dfw,flight-route mismatch
PDX,DFW,AA1793,222,https://2lnr.com/routes/pdx-dfw,flight-route mismatch
PDX,DFW,AA2383,234,https://2lnr.com/routes/pdx-dfw,flight-route mismatch
PDX,DFW,AS539,242,https://2lnr.com/routes/pdx-dfw,flight-route mismatch
PDX,DFW,AS539,245,https://2lnr.com/routes/pdx-dfw,flight-route mismatch
PDX,DFW,AS539,242,https://2lnr.com/routes/pdx-dfw,flight-route mismatch
PDX,DTW,DL1024,256,https://2lnr.com/routes/pdx-dtw,flight-route mismatch
PDX,DTW,DL1059,255,https://2lnr.com/routes/pdx-dtw,flight-route mismatch
PDX,EWR,AS1398,332,https://2lnr.com/routes/pdx-ewr,flight-route mismatch
PDX,EWR,AS1398,332,https://2lnr.com/routes/pdx-ewr,flight-route mismatch
PDX,HNL,AS880,353,https://2lnr.com/routes/pdx-hnl,flight-route mismatch
PDX,LAS,AS1337,138,https://2lnr.com/routes/pdx-las,flight-route mismatch
PDX,LAS,AS1337,138,https://2lnr.com/routes/pdx-las,flight-route mismatch
PDX,LAS,AS1467,141,https://2lnr.com/routes/pdx-las,flight-route mismatch
PDX,LAS,AS1467,141,https://2lnr.com/routes/pdx-las,flight-route mismatch
PDX,LAS,AS751,137,https://2lnr.com/routes/pdx-las,flight-route mismatch
PDX,LAS,AS751,137,https://2lnr.com/routes/pdx-las,flight-route mismatch
PDX,LAS,AS751,137,https://2lnr.com/routes/pdx-las,flight-route mismatch
PDX,LAS,AS774,137,https://2lnr.com/routes/pdx-las,flight-route mismatch
PDX,LAS,AS774,137,https://2lnr.com/routes/pdx-las,flight-route mismatch
PDX,LAX,AA4891,150,https://2lnr.com/routes/pdx-lax,no independent flight-route evidence
PDX,LAX,AA6290,165,https://2lnr.com/routes/pdx-lax,no independent flight-route evidence
PDX,LAX,AA6290,166,https://2lnr.com/routes/pdx-lax,no independent flight-route evidence
PDX,LAX,AS1458,149,https://2lnr.com/routes/pdx-lax,flight-route mismatch
PDX,LAX,AS1458,149,https://2lnr.com/routes/pdx-lax,flight-route mismatch
PDX,LAX,AS1469,149,https://2lnr.com/routes/pdx-lax,flight-route mismatch
PDX,LAX,AS481,147,https://2lnr.com/routes/pdx-lax,flight-route mismatch
PDX,LAX,AS481,147,https://2lnr.com/routes/pdx-lax,flight-route mismatch
PDX,MSP,AS332,202,https://2lnr.com/routes/pdx-msp,flight-route mismatch
PDX,MSP,AS332,205,https://2lnr.com/routes/pdx-msp,flight-route mismatch
PDX,MSP,AS332,202,https://2lnr.com/routes/pdx-msp,flight-route mismatch
PDX,MSP,AS332,202,https://2lnr.com/routes/pdx-msp,flight-route mismatch
PDX,MSP,DL1043,201,https://2lnr.com/routes/pdx-msp,flight-route mismatch
PDX,MSP,DL1172,203,https://2lnr.com/routes/pdx-msp,flight-route mismatch
PDX,MSP,DL1290,198,https://2lnr.com/routes/pdx-msp,flight-route mismatch
PDX,ORD,AA1813,252,https://2lnr.com/routes/pdx-ord,flight-route mismatch
PDX,ORD,AA1818,252,https://2lnr.com/routes/pdx-ord,flight-route mismatch
PDX,PHL,AA1659,314,https://2lnr.com/routes/pdx-phl,flight-route mismatch
PDX,PHX,AS1350,159,https://2lnr.com/routes/pdx-phx,flight-route mismatch
PDX,PHX,AS1483,168,https://2lnr.com/routes/pdx-phx,flight-route mismatch
PDX,SAN,AS1320,155,https://2lnr.com/routes/pdx-san,flight-route mismatch
PDX,SAN,AS1320,155,https://2lnr.com/routes/pdx-san,flight-route mismatch
PDX,SAN,AS1320,155,https://2lnr.com/routes/pdx-san,flight-route mismatch
PDX,SAN,AS1371,153,https://2lnr.com/routes/pdx-san,flight-route mismatch
PDX,SAN,AS1371,153,https://2lnr.com/routes/pdx-san,flight-route mismatch
PDX,SEA,AS1409,62,https://2lnr.com/routes/pdx-sea,flight-route mismatch
PDX,SEA,AS1409,62,https://2lnr.com/routes/pdx-sea,flight-route mismatch
PDX,SEA,AS2349,61,https://2lnr.com/routes/pdx-sea,no independent flight-route evidence
PDX,SEA,AS3038,61,https://2lnr.com/routes/pdx-sea,no independent flight-route evidence
PDX,SEA,AS3146,61,https://2lnr.com/routes/pdx-sea,no independent flight-route evidence
PDX,SEA,AS3342,65,https://2lnr.com/routes/pdx-sea,no independent flight-route evidence
PDX,SEA,AS376,61,https://2lnr.com/routes/pdx-sea,flight-route mismatch
PDX,SEA,AS427,76,https://2lnr.com/routes/pdx-sea,flight-route mismatch
PDX,SEA,AS754,68,https://2lnr.com/routes/pdx-sea,flight-route mismatch
PDX,SEA,AS754,68,https://2lnr.com/routes/pdx-sea,flight-route mismatch
PDX,SEA,DL3802,71,https://2lnr.com/routes/pdx-sea,no independent flight-route evidence
PDX,SEA,DL3818,77,https://2lnr.com/routes/pdx-sea,no independent flight-route evidence
PDX,SEA,DL3918,75,https://2lnr.com/routes/pdx-sea,no independent flight-route evidence
PDX,SEA,DL3953,72,https://2lnr.com/routes/pdx-sea,no independent flight-route evidence
PDX,SEA,DL3957,74,https://2lnr.com/routes/pdx-sea,no independent flight-route evidence
PDX,SEA,DL4008,74,https://2lnr.com/routes/pdx-sea,no independent flight-route evidence
PDX,SEA,DL4062,74,https://2lnr.com/routes/pdx-sea,no independent flight-route evidence
PDX,SEA,DL4096,81,https://2lnr.com/routes/pdx-sea,no independent flight-route evidence
PDX,SFO,AS1403,120,https://2lnr.com/routes/pdx-sfo,flight-route mismatch
PDX,SFO,AS1403,120,https://2lnr.com/routes/pdx-sfo,flight-route mismatch
PDX,SFO,AS2112,110,https://2lnr.com/routes/pdx-sfo,no independent flight-route evidence
PDX,SFO,AS697,111,https://2lnr.com/routes/pdx-sfo,flight-route mismatch
PDX,SFO,AS697,113,https://2lnr.com/routes/pdx-sfo,flight-route mismatch
PDX,SFO,AS697,113,https://2lnr.com/routes/pdx-sfo,flight-route mismatch
PDX,SFO,UA5733,123,https://2lnr.com/routes/pdx-sfo,flight-route mismatch
PDX,SLC,AS3288,120,https://2lnr.com/routes/pdx-slc,no independent flight-route evidence
PDX,SLC,AS3355,128,https://2lnr.com/routes/pdx-slc,no independent flight-route evidence
PDX,SLC,AS730,113,https://2lnr.com/routes/pdx-slc,flight-route mismatch
PDX,SLC,AS730,113,https://2lnr.com/routes/pdx-slc,flight-route mismatch
PDX,SLC,AS730,113,https://2lnr.com/routes/pdx-slc,flight-route mismatch
PDX,YVR,AC8651,77,https://2lnr.com/routes/pdx-yvr,flight-route mismatch
PDX,YVR,AC8653,77,https://2lnr.com/routes/pdx-yvr,no independent flight-route evidence
PDX,YVR,AC8655,75,https://2lnr.com/routes/pdx-yvr,no independent flight-route evidence
PDX,YVR,AS2225,72,https://2lnr.com/routes/pdx-yvr,no independent flight-route evidence
PDX,YYC,WS3757,120,https://2lnr.com/routes/pdx-yyc,no independent flight-route evidence
PEK,AKL,CA567,745,https://2lnr.com/routes/pek-akl,flight-route mismatch
PEK,ALA,CA559,375,https://2lnr.com/routes/pek-ala,flight-route mismatch
PEK,BER,HU489,605,https://2lnr.com/routes/pek-ber,flight-route mismatch
PEK,DAC,CA701,335,https://2lnr.com/routes/pek-dac,flight-route mismatch
PEK,KMG,SC7959,210,https://2lnr.com/routes/pek-kmg,no independent flight-route evidence
PEK,MEL,CA565,685,https://2lnr.com/routes/pek-mel,flight-route mismatch
PEK,RGN,CA905,305,https://2lnr.com/routes/pek-rgn,nonadjacent airports in flight sequence
PEK,TFU,3U6872,160,https://2lnr.com/routes/pek-tfu,flight-route mismatch
PEK,TFU,3U6872,160,https://2lnr.com/routes/pek-tfu,flight-route mismatch
PEK,TFU,3U6872,160,https://2lnr.com/routes/pek-tfu,flight-route mismatch
PEK,TFU,3U6880,170,https://2lnr.com/routes/pek-tfu,flight-route mismatch
PEK,TFU,CA1417,190,https://2lnr.com/routes/pek-tfu,flight-route mismatch
PEK,TFU,CA4194,190,https://2lnr.com/routes/pek-tfu,flight-route mismatch
PEK,TFU,CA4194,190,https://2lnr.com/routes/pek-tfu,flight-route mismatch
PEK,TFU,HU6365,175,https://2lnr.com/routes/pek-tfu,flight-route mismatch
PEK,TFU,HU7147,175,https://2lnr.com/routes/pek-tfu,flight-route mismatch
PEK,TFU,HU7147,180,https://2lnr.com/routes/pek-tfu,flight-route mismatch
PEK,TFU,HU7247,180,https://2lnr.com/routes/pek-tfu,flight-route mismatch
PEK,TFU,HU7247,185,https://2lnr.com/routes/pek-tfu,flight-route mismatch
PEK,TFU,HU7347,185,https://2lnr.com/routes/pek-tfu,flight-route mismatch
PEK,TFU,HU7347,185,https://2lnr.com/routes/pek-tfu,flight-route mismatch
PEK,TFU,ZH9195,175,https://2lnr.com/routes/pek-tfu,flight-route mismatch
PEK,TFU,ZH9199,175,https://2lnr.com/routes/pek-tfu,flight-route mismatch
PEK,UBN,CA901,125,https://2lnr.com/routes/pek-ubn,flight-route mismatch
PEK,UBN,CA901,130,https://2lnr.com/routes/pek-ubn,flight-route mismatch
PEK,UBN,CA955,125,https://2lnr.com/routes/pek-ubn,flight-route mismatch
PEK,UBN,CA955,130,https://2lnr.com/routes/pek-ubn,flight-route mismatch
PEK,UBN,OM224,150,https://2lnr.com/routes/pek-ubn,flight-route mismatch
PEK,UBN,OM228,150,https://2lnr.com/routes/pek-ubn,flight-route mismatch
PEK,VIE,CA617,600,https://2lnr.com/routes/pek-vie,flight-route mismatch
PEN,TFU,3U3912,245,https://2lnr.com/routes/pen-tfu,flight-route mismatch
PER,DPS,QZ539,235,https://2lnr.com/routes/per-dps,no independent flight-route evidence
PER,HKT,JQ69,390,https://2lnr.com/routes/per-hkt,no independent flight-route evidence
PER,SIN,TR5,320,https://2lnr.com/routes/per-sin,no independent flight-route evidence
PHL,ATL,AA4725,135,https://2lnr.com/routes/phl-atl,no independent flight-route evidence
PHL,ATL,AA4755,135,https://2lnr.com/routes/phl-atl,no independent flight-route evidence
PHL,ATL,AA5034,150,https://2lnr.com/routes/phl-atl,flight-route mismatch
PHL,ATL,AA5050,147,https://2lnr.com/routes/phl-atl,flight-route mismatch
PHL,ATL,AA5250,134,https://2lnr.com/routes/phl-atl,no independent flight-route evidence
PHL,BOS,AA2340,99,https://2lnr.com/routes/phl-bos,flight-route mismatch
PHL,BOS,AA2780,101,https://2lnr.com/routes/phl-bos,flight-route mismatch
PHL,BOS,AA2903,95,https://2lnr.com/routes/phl-bos,flight-route mismatch
PHL,BOS,AA4708,98,https://2lnr.com/routes/phl-bos,no independent flight-route evidence
PHL,BOS,AA4721,98,https://2lnr.com/routes/phl-bos,no independent flight-route evidence
PHL,BOS,AA4725,98,https://2lnr.com/routes/phl-bos,no independent flight-route evidence
PHL,BOS,DL5706,101,https://2lnr.com/routes/phl-bos,no independent flight-route evidence
PHL,BOS,DL5714,110,https://2lnr.com/routes/phl-bos,no independent flight-route evidence
PHL,BOS,DL5740,95,https://2lnr.com/routes/phl-bos,no independent flight-route evidence
PHL,BOS,DL5740,85,https://2lnr.com/routes/phl-bos,no independent flight-route evidence
PHL,BOS,DL5805,97,https://2lnr.com/routes/phl-bos,no independent flight-route evidence
PHL,BOS,DL5845,87,https://2lnr.com/routes/phl-bos,no independent flight-route evidence
PHL,BOS,DL5845,96,https://2lnr.com/routes/phl-bos,no independent flight-route evidence
PHL,BOS,DL5845,92,https://2lnr.com/routes/phl-bos,no independent flight-route evidence
PHL,CLT,AA2607,112,https://2lnr.com/routes/phl-clt,flight-route mismatch
PHL,CUN,AA1752,231,https://2lnr.com/routes/phl-cun,flight-route mismatch
PHL,DEN,AA946,275,https://2lnr.com/routes/phl-den,flight-route mismatch
PHL,DFW,AA1830,234,https://2lnr.com/routes/phl-dfw,flight-route mismatch
PHL,DFW,AA241,209,https://2lnr.com/routes/phl-dfw,flight-route mismatch
PHL,DFW,AA3118,212,https://2lnr.com/routes/phl-dfw,flight-route mismatch
PHL,DFW,AA404,223,https://2lnr.com/routes/phl-dfw,flight-route mismatch
PHL,DFW,AA629,229,https://2lnr.com/routes/phl-dfw,flight-route mismatch
PHL,DTW,AA4392,115,https://2lnr.com/routes/phl-dtw,flight-route mismatch
PHL,DTW,AA5235,117,https://2lnr.com/routes/phl-dtw,no independent flight-route evidence
PHL,DTW,AA5367,111,https://2lnr.com/routes/phl-dtw,flight-route mismatch
PHL,DTW,AA5367,112,https://2lnr.com/routes/phl-dtw,flight-route mismatch
PHL,DTW,AA5367,113,https://2lnr.com/routes/phl-dtw,flight-route mismatch
PHL,DTW,AA5418,115,https://2lnr.com/routes/phl-dtw,no independent flight-route evidence
PHL,DTW,AA5480,123,https://2lnr.com/routes/phl-dtw,no independent flight-route evidence
PHL,DTW,AA5480,123,https://2lnr.com/routes/phl-dtw,no independent flight-route evidence
PHL,DUB,EI114,410,https://2lnr.com/routes/phl-dub,no independent flight-route evidence
PHL,FCO,AA772,500,https://2lnr.com/routes/phl-fco,flight-route mismatch
PHL,FLL,AA1478,179,https://2lnr.com/routes/phl-fll,flight-route mismatch
PHL,FLL,AA2524,170,https://2lnr.com/routes/phl-fll,flight-route mismatch
PHL,FLL,AA2524,173,https://2lnr.com/routes/phl-fll,flight-route mismatch
PHL,IAD,UA4520,67,https://2lnr.com/routes/phl-iad,flight-route mismatch
PHL,IAD,UA4582,79,https://2lnr.com/routes/phl-iad,flight-route mismatch
PHL,IAD,UA4584,76,https://2lnr.com/routes/phl-iad,flight-route mismatch
PHL,IAD,UA4588,76,https://2lnr.com/routes/phl-iad,flight-route mismatch
PHL,IAD,UA6235,69,https://2lnr.com/routes/phl-iad,flight-route mismatch
PHL,IAD,UA6235,76,https://2lnr.com/routes/phl-iad,flight-route mismatch
PHL,IAH,AA1526,231,https://2lnr.com/routes/phl-iah,flight-route mismatch
PHL,IAH,AA2196,249,https://2lnr.com/routes/phl-iah,flight-route mismatch
PHL,IAH,AA2196,231,https://2lnr.com/routes/phl-iah,flight-route mismatch
PHL,IAH,AA2196,231,https://2lnr.com/routes/phl-iah,flight-route mismatch
PHL,IAH,AA2457,251,https://2lnr.com/routes/phl-iah,flight-route mismatch
PHL,IAH,AA4778,261,https://2lnr.com/routes/phl-iah,no independent flight-route evidence
PHL,LAS,AA1263,337,https://2lnr.com/routes/phl-las,flight-route mismatch
PHL,LAX,AA2946,354,https://2lnr.com/routes/phl-lax,flight-route mismatch
PHL,LAX,AA696,356,https://2lnr.com/routes/phl-lax,flight-route mismatch
PHL,LAX,AA738,369,https://2lnr.com/routes/phl-lax,flight-route mismatch
PHL,MCO,AA1646,163,https://2lnr.com/routes/phl-mco,flight-route mismatch
PHL,MCO,AA650,165,https://2lnr.com/routes/phl-mco,flight-route mismatch
PHL,MIA,AA1985,185,https://2lnr.com/routes/phl-mia,flight-route mismatch
PHL,MIA,AA2243,180,https://2lnr.com/routes/phl-mia,flight-route mismatch
PHL,MIA,AA3042,172,https://2lnr.com/routes/phl-mia,flight-route mismatch
PHL,MSP,AA3263,189,https://2lnr.com/routes/phl-msp,flight-route mismatch
PHL,MSP,AA5343,182,https://2lnr.com/routes/phl-msp,flight-route mismatch
PHL,MSP,AA5455,189,https://2lnr.com/routes/phl-msp,no independent flight-route evidence
PHL,MSP,AA595,215,https://2lnr.com/routes/phl-msp,flight-route mismatch
PHL,ORD,AA1047,164,https://2lnr.com/routes/phl-ord,flight-route mismatch
PHL,ORD,AA2386,150,https://2lnr.com/routes/phl-ord,flight-route mismatch
PHL,ORD,AA372,169,https://2lnr.com/routes/phl-ord,flight-route mismatch
PHL,PHX,AA1311,314,https://2lnr.com/routes/phl-phx,flight-route mismatch
PHL,PHX,AA2622,309,https://2lnr.com/routes/phl-phx,flight-route mismatch
PHL,PHX,AA3047,316,https://2lnr.com/routes/phl-phx,flight-route mismatch
PHL,PUJ,AA2641,242,https://2lnr.com/routes/phl-puj,flight-route mismatch
PHL,PUJ,AA2641,238,https://2lnr.com/routes/phl-puj,flight-route mismatch
PHL,SEA,AA1398,382,https://2lnr.com/routes/phl-sea,flight-route mismatch
PHL,SFO,AA1528,375,https://2lnr.com/routes/phl-sfo,flight-route mismatch
PHL,SFO,AA2663,372,https://2lnr.com/routes/phl-sfo,flight-route mismatch
PHL,SFO,AA2663,384,https://2lnr.com/routes/phl-sfo,flight-route mismatch
PHL,SFO,AA3166,369,https://2lnr.com/routes/phl-sfo,flight-route mismatch
PHL,SFO,AA3166,378,https://2lnr.com/routes/phl-sfo,flight-route mismatch
PHL,SFO,AA3166,375,https://2lnr.com/routes/phl-sfo,flight-route mismatch
PHL,SJU,AA2433,246,https://2lnr.com/routes/phl-sju,flight-route mismatch
PHL,SLC,DL2022,297,https://2lnr.com/routes/phl-slc,flight-route mismatch
PHL,TPA,AA2049,174,https://2lnr.com/routes/phl-tpa,flight-route mismatch
PHL,TPA,AA2055,171,https://2lnr.com/routes/phl-tpa,flight-route mismatch
PHL,TPA,AA2257,176,https://2lnr.com/routes/phl-tpa,flight-route mismatch
PHL,TPA,AA2265,161,https://2lnr.com/routes/phl-tpa,flight-route mismatch
PHL,TPA,AA2285,170,https://2lnr.com/routes/phl-tpa,flight-route mismatch
PHL,YHZ,AA4639,141,https://2lnr.com/routes/phl-yhz,flight-route mismatch
PHL,YHZ,AA4639,125,https://2lnr.com/routes/phl-yhz,flight-route mismatch
PHL,YUL,AA4479,110,https://2lnr.com/routes/phl-yul,no independent flight-route evidence
PHL,YUL,AA5112,116,https://2lnr.com/routes/phl-yul,no independent flight-route evidence
PHL,YUL,AA5117,127,https://2lnr.com/routes/phl-yul,no independent flight-route evidence
PHL,YUL,AA5576,113,https://2lnr.com/routes/phl-yul,no independent flight-route evidence
PHL,YUL,AA5615,118,https://2lnr.com/routes/phl-yul,no independent flight-route evidence
PHL,YUL,AA5616,105,https://2lnr.com/routes/phl-yul,no independent flight-route evidence
PHL,YUL,AA6023,108,https://2lnr.com/routes/phl-yul,no independent flight-route evidence
PHL,YUL,AC8858,100,https://2lnr.com/routes/phl-yul,no independent flight-route evidence
PHL,YUL,AC8860,100,https://2lnr.com/routes/phl-yul,flight-route mismatch
PHL,YYZ,AA4476,116,https://2lnr.com/routes/phl-yyz,flight-route mismatch
PHL,YYZ,AA4484,114,https://2lnr.com/routes/phl-yyz,flight-route mismatch
PHL,YYZ,AA4632,113,https://2lnr.com/routes/phl-yyz,no independent flight-route evidence
PHL,YYZ,AA4652,106,https://2lnr.com/routes/phl-yyz,flight-route mismatch
PHL,YYZ,AA5191,118,https://2lnr.com/routes/phl-yyz,no independent flight-route evidence
PHL,YYZ,AA5522,109,https://2lnr.com/routes/phl-yyz,no independent flight-route evidence
PHL,YYZ,AA5522,110,https://2lnr.com/routes/phl-yyz,no independent flight-route evidence
PHL,YYZ,AA5884,107,https://2lnr.com/routes/phl-yyz,no independent flight-route evidence
PHL,YYZ,AA5884,109,https://2lnr.com/routes/phl-yyz,no independent flight-route evidence
PHL,YYZ,AA5886,109,https://2lnr.com/routes/phl-yyz,no independent flight-route evidence
PHL,YYZ,AA5919,111,https://2lnr.com/routes/phl-yyz,no independent flight-route evidence
PHL,YYZ,AC8511,93,https://2lnr.com/routes/phl-yyz,no independent flight-route evidence
PHL,YYZ,AC8513,90,https://2lnr.com/routes/phl-yyz,flight-route mismatch
PHL,YYZ,AC8517,93,https://2lnr.com/routes/phl-yyz,flight-route mismatch
PHX,ANC,AS95,358,https://2lnr.com/routes/phx-anc,flight-route mismatch
PHX,ANC,AS95,358,https://2lnr.com/routes/phx-anc,flight-route mismatch
PHX,ATL,DL1053,216,https://2lnr.com/routes/phx-atl,flight-route mismatch
PHX,ATL,DL687,219,https://2lnr.com/routes/phx-atl,flight-route mismatch
PHX,ATL,DL687,219,https://2lnr.com/routes/phx-atl,flight-route mismatch
PHX,ATL,DL929,215,https://2lnr.com/routes/phx-atl,flight-route mismatch
PHX,BOS,AA2228,299,https://2lnr.com/routes/phx-bos,flight-route mismatch
PHX,BOS,DL514,303,https://2lnr.com/routes/phx-bos,flight-route mismatch
PHX,BOS,DL514,307,https://2lnr.com/routes/phx-bos,flight-route mismatch
PHX,CLT,AA1676,249,https://2lnr.com/routes/phx-clt,flight-route mismatch
PHX,CLT,AA2538,243,https://2lnr.com/routes/phx-clt,flight-route mismatch
PHX,DEN,AA1332,121,https://2lnr.com/routes/phx-den,flight-route mismatch
PHX,DEN,AA3338,115,https://2lnr.com/routes/phx-den,flight-route mismatch
PHX,DEN,AA4104,117,https://2lnr.com/routes/phx-den,flight-route mismatch
PHX,DEN,AA4944,120,https://2lnr.com/routes/phx-den,no independent flight-route evidence
PHX,DEN,UA1599,116,https://2lnr.com/routes/phx-den,flight-route mismatch
PHX,DEN,UA1745,116,https://2lnr.com/routes/phx-den,flight-route mismatch
PHX,DEN,UA280,115,https://2lnr.com/routes/phx-den,flight-route mismatch
PHX,DFW,AA1354,155,https://2lnr.com/routes/phx-dfw,flight-route mismatch
PHX,DFW,AA1548,151,https://2lnr.com/routes/phx-dfw,flight-route mismatch
PHX,DFW,AA2627,151,https://2lnr.com/routes/phx-dfw,flight-route mismatch
PHX,DFW,AA795,155,https://2lnr.com/routes/phx-dfw,flight-route mismatch
PHX,DTW,AA1424,237,https://2lnr.com/routes/phx-dtw,flight-route mismatch
PHX,EWR,AA1327,299,https://2lnr.com/routes/phx-ewr,flight-route mismatch
PHX,EWR,AA3041,280,https://2lnr.com/routes/phx-ewr,flight-route mismatch
PHX,EWR,UA2291,286,https://2lnr.com/routes/phx-ewr,flight-route mismatch
PHX,FLL,AA1505,266,https://2lnr.com/routes/phx-fll,flight-route mismatch
PHX,FLL,AA1505,265,https://2lnr.com/routes/phx-fll,flight-route mismatch
PHX,IAD,UA1017,262,https://2lnr.com/routes/phx-iad,flight-route mismatch
PHX,IAH,AA3681,157,https://2lnr.com/routes/phx-iah,flight-route mismatch
PHX,IAH,AA3851,164,https://2lnr.com/routes/phx-iah,no independent flight-route evidence
PHX,IAH,AA4153,162,https://2lnr.com/routes/phx-iah,flight-route mismatch
PHX,IAH,AA6185,166,https://2lnr.com/routes/phx-iah,no independent flight-route evidence
PHX,IAH,AA6185,165,https://2lnr.com/routes/phx-iah,no independent flight-route evidence
PHX,IAH,UA1397,161,https://2lnr.com/routes/phx-iah,flight-route mismatch
PHX,IAH,UA2198,158,https://2lnr.com/routes/phx-iah,flight-route mismatch
PHX,IAH,UA2198,160,https://2lnr.com/routes/phx-iah,flight-route mismatch
PHX,LAS,AA1541,75,https://2lnr.com/routes/phx-las,flight-route mismatch
PHX,LAS,AA1541,71,https://2lnr.com/routes/phx-las,flight-route mismatch
PHX,LAS,AA1565,72,https://2lnr.com/routes/phx-las,flight-route mismatch
PHX,LAS,AA1565,75,https://2lnr.com/routes/phx-las,flight-route mismatch
PHX,LAS,AA1613,80,https://2lnr.com/routes/phx-las,flight-route mismatch
PHX,LAX,AA2972,94,https://2lnr.com/routes/phx-lax,flight-route mismatch
PHX,LAX,AA3076,94,https://2lnr.com/routes/phx-lax,flight-route mismatch
PHX,LAX,AA463,85,https://2lnr.com/routes/phx-lax,flight-route mismatch
PHX,LAX,DL3894,92,https://2lnr.com/routes/phx-lax,no independent flight-route evidence
PHX,LAX,DL3951,92,https://2lnr.com/routes/phx-lax,no independent flight-route evidence
PHX,LAX,DL4057,95,https://2lnr.com/routes/phx-lax,no independent flight-route evidence
PHX,LAX,DL4077,94,https://2lnr.com/routes/phx-lax,no independent flight-route evidence
PHX,LAX,DL4119,92,https://2lnr.com/routes/phx-lax,no independent flight-route evidence
PHX,LAX,UA2318,87,https://2lnr.com/routes/phx-lax,flight-route mismatch
PHX,LAX,UA5939,96,https://2lnr.com/routes/phx-lax,flight-route mismatch
PHX,LAX,UA5968,99,https://2lnr.com/routes/phx-lax,flight-route mismatch
PHX,LAX,UA5969,99,https://2lnr.com/routes/phx-lax,flight-route mismatch
PHX,LAX,UA6032,99,https://2lnr.com/routes/phx-lax,flight-route mismatch
PHX,MCO,AA1663,261,https://2lnr.com/routes/phx-mco,flight-route mismatch
PHX,MCO,AA1663,248,https://2lnr.com/routes/phx-mco,flight-route mismatch
PHX,MCO,AA2054,251,https://2lnr.com/routes/phx-mco,flight-route mismatch
PHX,MIA,AA2263,246,https://2lnr.com/routes/phx-mia,flight-route mismatch
PHX,MIA,AA3148,255,https://2lnr.com/routes/phx-mia,flight-route mismatch
PHX,MIA,AA330,262,https://2lnr.com/routes/phx-mia,flight-route mismatch
PHX,MSP,DL1289,187,https://2lnr.com/routes/phx-msp,flight-route mismatch
PHX,MSP,DL1289,185,https://2lnr.com/routes/phx-msp,flight-route mismatch
PHX,ORD,AA2506,215,https://2lnr.com/routes/phx-ord,flight-route mismatch
PHX,ORD,UA2652,216,https://2lnr.com/routes/phx-ord,flight-route mismatch
PHX,ORD,UA2823,208,https://2lnr.com/routes/phx-ord,flight-route mismatch
PHX,PDX,AA2986,174,https://2lnr.com/routes/phx-pdx,flight-route mismatch
PHX,PDX,AS512,170,https://2lnr.com/routes/phx-pdx,flight-route mismatch
PHX,PHL,AA1188,266,https://2lnr.com/routes/phx-phl,flight-route mismatch
PHX,PHL,AA1242,267,https://2lnr.com/routes/phx-phl,flight-route mismatch
PHX,PHL,AA388,280,https://2lnr.com/routes/phx-phl,flight-route mismatch
PHX,PHL,AA454,285,https://2lnr.com/routes/phx-phl,flight-route mismatch
PHX,SAN,AA1851,87,https://2lnr.com/routes/phx-san,flight-route mismatch
PHX,SAN,AA1862,77,https://2lnr.com/routes/phx-san,flight-route mismatch
PHX,SAN,AA2226,81,https://2lnr.com/routes/phx-san,flight-route mismatch
PHX,SAN,AS2089,84,https://2lnr.com/routes/phx-san,no independent flight-route evidence
PHX,SAN,AS2187,84,https://2lnr.com/routes/phx-san,no independent flight-route evidence
PHX,SAN,AS3144,98,https://2lnr.com/routes/phx-san,no independent flight-route evidence
PHX,SAN,AS3310,88,https://2lnr.com/routes/phx-san,no independent flight-route evidence
PHX,SEA,AA2152,197,https://2lnr.com/routes/phx-sea,flight-route mismatch
PHX,SEA,AA2208,196,https://2lnr.com/routes/phx-sea,flight-route mismatch
PHX,SEA,AA2783,197,https://2lnr.com/routes/phx-sea,flight-route mismatch
PHX,SEA,AA3670,207,https://2lnr.com/routes/phx-sea,flight-route mismatch
PHX,SEA,AA3793,196,https://2lnr.com/routes/phx-sea,flight-route mismatch
PHX,SEA,AA3793,207,https://2lnr.com/routes/phx-sea,flight-route mismatch
PHX,SEA,AA3831,197,https://2lnr.com/routes/phx-sea,no independent flight-route evidence
PHX,SEA,AA3934,194,https://2lnr.com/routes/phx-sea,flight-route mismatch
PHX,SEA,AA3934,198,https://2lnr.com/routes/phx-sea,flight-route mismatch
PHX,SEA,AA4081,200,https://2lnr.com/routes/phx-sea,flight-route mismatch
PHX,SEA,AA4307,194,https://2lnr.com/routes/phx-sea,flight-route mismatch
PHX,SEA,AS1422,190,https://2lnr.com/routes/phx-sea,flight-route mismatch
PHX,SEA,AS1422,190,https://2lnr.com/routes/phx-sea,flight-route mismatch
PHX,SEA,AS477,190,https://2lnr.com/routes/phx-sea,flight-route mismatch
PHX,SEA,AS609,190,https://2lnr.com/routes/phx-sea,flight-route mismatch
PHX,SEA,AS609,190,https://2lnr.com/routes/phx-sea,flight-route mismatch
PHX,SEA,DL2444,200,https://2lnr.com/routes/phx-sea,flight-route mismatch
PHX,SFO,AA2334,129,https://2lnr.com/routes/phx-sfo,flight-route mismatch
PHX,SFO,AA6430,140,https://2lnr.com/routes/phx-sfo,no independent flight-route evidence
PHX,SFO,AA6430,150,https://2lnr.com/routes/phx-sfo,no independent flight-route evidence
PHX,SFO,UA5985,137,https://2lnr.com/routes/phx-sfo,flight-route mismatch
PHX,SFO,UA693,124,https://2lnr.com/routes/phx-sfo,flight-route mismatch
PHX,SFO,UA693,124,https://2lnr.com/routes/phx-sfo,flight-route mismatch
PHX,SLC,AA3103,102,https://2lnr.com/routes/phx-slc,flight-route mismatch
PHX,SLC,AA4968,103,https://2lnr.com/routes/phx-slc,no independent flight-route evidence
PHX,SLC,AA4968,106,https://2lnr.com/routes/phx-slc,no independent flight-route evidence
PHX,SLC,AA4968,106,https://2lnr.com/routes/phx-slc,no independent flight-route evidence
PHX,SLC,AA4968,116,https://2lnr.com/routes/phx-slc,no independent flight-route evidence
PHX,SLC,AA6422,119,https://2lnr.com/routes/phx-slc,no independent flight-route evidence
PHX,SLC,AA6422,120,https://2lnr.com/routes/phx-slc,no independent flight-route evidence
PHX,SLC,AA6462,117,https://2lnr.com/routes/phx-slc,no independent flight-route evidence
PHX,TPA,AA3260,235,https://2lnr.com/routes/phx-tpa,flight-route mismatch
PHX,TPA,AA553,235,https://2lnr.com/routes/phx-tpa,flight-route mismatch
PHX,TPA,AA553,237,https://2lnr.com/routes/phx-tpa,flight-route mismatch
PHX,YUL,AC1730,283,https://2lnr.com/routes/phx-yul,flight-route mismatch
PHX,YUL,AC1730,283,https://2lnr.com/routes/phx-yul,flight-route mismatch
PHX,YUL,AC1730,283,https://2lnr.com/routes/phx-yul,flight-route mismatch
PHX,YVR,AC1771,195,https://2lnr.com/routes/phx-yvr,flight-route mismatch
PHX,YYZ,AC1720,249,https://2lnr.com/routes/phx-yyz,no independent flight-route evidence
POM,BNE,QF58,185,https://2lnr.com/routes/pom-bne,flight-route mismatch
POM,NAN,PX86,290,https://2lnr.com/routes/pom-nan,no independent flight-route evidence
PRG,ALA,VJ32,405,https://2lnr.com/routes/prg-ala,no independent flight-route evidence
PRG,AMS,U27928,95,https://2lnr.com/routes/prg-ams,no independent flight-route evidence
PRG,AMS,U27930,100,https://2lnr.com/routes/prg-ams,no independent flight-route evidence
PRG,ARN,D84572,115,https://2lnr.com/routes/prg-arn,no independent flight-route evidence
PRG,ARN,EW4621,115,https://2lnr.com/routes/prg-arn,no independent flight-route evidence
PRG,ATH,GQ761,155,https://2lnr.com/routes/prg-ath,no independent flight-route evidence
PRG,ATH,GQ761,150,https://2lnr.com/routes/prg-ath,no independent flight-route evidence
PRG,ATH,GQ761,145,https://2lnr.com/routes/prg-ath,no independent flight-route evidence
PRG,AUH,EY156,345,https://2lnr.com/routes/prg-auh,no independent flight-route evidence
PRG,BRU,QS1000,90,https://2lnr.com/routes/prg-bru,flight-route mismatch
PRG,BRU,QS1002,90,https://2lnr.com/routes/prg-bru,flight-route mismatch
PRG,CDG,AF1183,110,https://2lnr.com/routes/prg-cdg,no independent flight-route evidence
PRG,CPH,D83581,80,https://2lnr.com/routes/prg-cph,no independent flight-route evidence
PRG,CPH,D83581,80,https://2lnr.com/routes/prg-cph,no independent flight-route evidence
PRG,CPH,FR6708,85,https://2lnr.com/routes/prg-cph,no independent flight-route evidence
PRG,DUB,FR97,150,https://2lnr.com/routes/prg-dub,flight-route mismatch
PRG,DUS,EW4204,75,https://2lnr.com/routes/prg-dus,no independent flight-route evidence
PRG,DUS,EW4204,75,https://2lnr.com/routes/prg-dus,no independent flight-route evidence
PRG,DUS,EW9773,75,https://2lnr.com/routes/prg-dus,no independent flight-route evidence
PRG,DUS,EW9775,75,https://2lnr.com/routes/prg-dus,no independent flight-route evidence
PRG,EDI,FR1053,140,https://2lnr.com/routes/prg-edi,flight-route mismatch
PRG,EDI,U23326,145,https://2lnr.com/routes/prg-edi,flight-route mismatch
PRG,EVN,W67860,225,https://2lnr.com/routes/prg-evn,no independent flight-route evidence
PRG,FCO,QS1008,115,https://2lnr.com/routes/prg-fco,no independent flight-route evidence
PRG,FCO,QS1008,115,https://2lnr.com/routes/prg-fco,no independent flight-route evidence
PRG,FCO,QS1008,115,https://2lnr.com/routes/prg-fco,no independent flight-route evidence
PRG,FCO,W46066,120,https://2lnr.com/routes/prg-fco,no independent flight-route evidence
PRG,FCO,W46136,120,https://2lnr.com/routes/prg-fco,no independent flight-route evidence
PRG,FRA,DE4410,60,https://2lnr.com/routes/prg-fra,no independent flight-route evidence
PRG,GVA,U21544,95,https://2lnr.com/routes/prg-gva,no independent flight-route evidence
PRG,GVA,U21564,95,https://2lnr.com/routes/prg-gva,no independent flight-route evidence
PRG,HEL,AY1222,125,https://2lnr.com/routes/prg-hel,no independent flight-route evidence
PRG,HEL,AY1222,125,https://2lnr.com/routes/prg-hel,no independent flight-route evidence
PRG,HEL,AY1224,130,https://2lnr.com/routes/prg-hel,no independent flight-route evidence
PRG,HEL,AY1224,130,https://2lnr.com/routes/prg-hel,no independent flight-route evidence
PRG,HEL,AY1224,130,https://2lnr.com/routes/prg-hel,no independent flight-route evidence
PRG,HEL,AY1224,130,https://2lnr.com/routes/prg-hel,no independent flight-route evidence
PRG,HEL,AY1226,125,https://2lnr.com/routes/prg-hel,no independent flight-route evidence
PRG,HEL,AY1226,125,https://2lnr.com/routes/prg-hel,no independent flight-route evidence
PRG,HEL,AY1226,125,https://2lnr.com/routes/prg-hel,no independent flight-route evidence
PRG,HEL,AY1226,125,https://2lnr.com/routes/prg-hel,no independent flight-route evidence
PRG,IST,TK1768,165,https://2lnr.com/routes/prg-ist,flight-route mismatch
PRG,IST,TK1768,165,https://2lnr.com/routes/prg-ist,flight-route mismatch
PRG,IST,TK1772,160,https://2lnr.com/routes/prg-ist,no independent flight-route evidence
PRG,KEF,OG535,240,https://2lnr.com/routes/prg-kef,no independent flight-route evidence
PRG,LGW,U28782,135,https://2lnr.com/routes/prg-lgw,flight-route mismatch
PRG,LGW,U28782,135,https://2lnr.com/routes/prg-lgw,flight-route mismatch
PRG,LGW,U28784,130,https://2lnr.com/routes/prg-lgw,flight-route mismatch
PRG,LGW,U28784,125,https://2lnr.com/routes/prg-lgw,flight-route mismatch
PRG,LGW,U28784,135,https://2lnr.com/routes/prg-lgw,flight-route mismatch
PRG,LGW,W95776,130,https://2lnr.com/routes/prg-lgw,no independent flight-route evidence
PRG,LGW,W95776,120,https://2lnr.com/routes/prg-lgw,no independent flight-route evidence
PRG,LIS,U27682,220,https://2lnr.com/routes/prg-lis,no independent flight-route evidence
PRG,LIS,U27682,225,https://2lnr.com/routes/prg-lis,no independent flight-route evidence
PRG,MAD,IB808,190,https://2lnr.com/routes/prg-mad,flight-route mismatch
PRG,MAD,IB808,190,https://2lnr.com/routes/prg-mad,flight-route mismatch
PRG,MAN,U22230,135,https://2lnr.com/routes/prg-man,flight-route mismatch
PRG,MAN,U22230,130,https://2lnr.com/routes/prg-man,flight-route mismatch
PRG,MXP,U23902,90,https://2lnr.com/routes/prg-mxp,flight-route mismatch
PRG,MXP,U23902,90,https://2lnr.com/routes/prg-mxp,flight-route mismatch
PRG,MXP,U23904,90,https://2lnr.com/routes/prg-mxp,flight-route mismatch
PRG,MXP,U23904,90,https://2lnr.com/routes/prg-mxp,flight-route mismatch
PRG,MXP,U23906,90,https://2lnr.com/routes/prg-mxp,flight-route mismatch
PRG,MXP,U23906,90,https://2lnr.com/routes/prg-mxp,flight-route mismatch
PRG,MXP,U23908,90,https://2lnr.com/routes/prg-mxp,flight-route mismatch
PRG,MXP,U23908,90,https://2lnr.com/routes/prg-mxp,flight-route mismatch
PRG,NCE,U21786,110,https://2lnr.com/routes/prg-nce,no independent flight-route evidence
PRG,OPO,QS1174,200,https://2lnr.com/routes/prg-opo,no independent flight-route evidence
PRG,OPO,QS1174,200,https://2lnr.com/routes/prg-opo,no independent flight-route evidence
PRG,OPO,U26858,205,https://2lnr.com/routes/prg-opo,no independent flight-route evidence
PRG,ZRH,LX1481,85,https://2lnr.com/routes/prg-zrh,no independent flight-route evidence
PRG,ZRH,LX1483,85,https://2lnr.com/routes/prg-zrh,no independent flight-route evidence
PRG,ZRH,LX1483,85,https://2lnr.com/routes/prg-zrh,no independent flight-route evidence
PRG,ZRH,LX1489,80,https://2lnr.com/routes/prg-zrh,no independent flight-route evidence
PRG,ZRH,LX1489,75,https://2lnr.com/routes/prg-zrh,no independent flight-route evidence
PRG,ZRH,LX1489,80,https://2lnr.com/routes/prg-zrh,no independent flight-route evidence
PTY,BOG,CM754,100,https://2lnr.com/routes/pty-bog,no independent flight-route evidence
PTY,CCS,CM330,143,https://2lnr.com/routes/pty-ccs,flight-route mismatch
PTY,CCS,CM330,143,https://2lnr.com/routes/pty-ccs,flight-route mismatch
PTY,CNF,CM4765,411,https://2lnr.com/routes/pty-cnf,no independent flight-route evidence
PTY,EZE,CM4167,431,https://2lnr.com/routes/pty-eze,no independent flight-route evidence
PTY,HAV,CM501,167,https://2lnr.com/routes/pty-hav,no independent flight-route evidence
PTY,LIM,CM131,215,https://2lnr.com/routes/pty-lim,flight-route mismatch
PTY,LIM,CM263,215,https://2lnr.com/routes/pty-lim,flight-route mismatch
PTY,LIM,CM337,215,https://2lnr.com/routes/pty-lim,flight-route mismatch
PTY,LIM,CM337,215,https://2lnr.com/routes/pty-lim,flight-route mismatch
PTY,LIM,CM489,215,https://2lnr.com/routes/pty-lim,flight-route mismatch
PTY,LIM,CM489,215,https://2lnr.com/routes/pty-lim,flight-route mismatch
PTY,LIM,CM493,215,https://2lnr.com/routes/pty-lim,flight-route mismatch
PTY,LIM,CM657,215,https://2lnr.com/routes/pty-lim,no independent flight-route evidence
PTY,LIM,CM761,215,https://2lnr.com/routes/pty-lim,flight-route mismatch
PTY,LIM,CM838,215,https://2lnr.com/routes/pty-lim,flight-route mismatch
PTY,LIM,CM838,215,https://2lnr.com/routes/pty-lim,flight-route mismatch
PTY,MCO,CM559,214,https://2lnr.com/routes/pty-mco,no independent flight-route evidence
PTY,MIA,AA320,193,https://2lnr.com/routes/pty-mia,flight-route mismatch
PTY,SAL,AV316,120,https://2lnr.com/routes/pty-sal,no independent flight-route evidence
PTY,SAL,AV316,120,https://2lnr.com/routes/pty-sal,no independent flight-route evidence
PTY,SAL,AV322,120,https://2lnr.com/routes/pty-sal,no independent flight-route evidence
PTY,SAL,AV322,120,https://2lnr.com/routes/pty-sal,no independent flight-route evidence
PTY,SAL,CM881,129,https://2lnr.com/routes/pty-sal,flight-route mismatch
PTY,SAL,CM881,126,https://2lnr.com/routes/pty-sal,flight-route mismatch
PTY,SJO,AV323,80,https://2lnr.com/routes/pty-sjo,no independent flight-route evidence
PTY,SJO,AV323,80,https://2lnr.com/routes/pty-sjo,no independent flight-route evidence
PUJ,BOG,DM1502,170,https://2lnr.com/routes/puj-bog,flight-route mismatch
PUJ,CLT,AA2900,229,https://2lnr.com/routes/puj-clt,flight-route mismatch
PUJ,CUN,DM1774,197,https://2lnr.com/routes/puj-cun,no independent flight-route evidence
PUJ,CUN,DM4220,197,https://2lnr.com/routes/puj-cun,no independent flight-route evidence
PUJ,DFW,AA503,309,https://2lnr.com/routes/puj-dfw,flight-route mismatch
PUJ,GRU,DM4119,430,https://2lnr.com/routes/puj-gru,no independent flight-route evidence
PUJ,GRU,DM4216,430,https://2lnr.com/routes/puj-gru,no independent flight-route evidence
PUJ,GRU,LA8083,410,https://2lnr.com/routes/puj-gru,no independent flight-route evidence
PUJ,GRU,LA8083,400,https://2lnr.com/routes/puj-gru,no independent flight-route evidence
PUJ,GRU,LA8083,405,https://2lnr.com/routes/puj-gru,no independent flight-route evidence
PUJ,GYE,DM6780,238,https://2lnr.com/routes/puj-gye,no independent flight-route evidence
PUJ,LIM,DM6770,308,https://2lnr.com/routes/puj-lim,flight-route mismatch
PUJ,LIM,DM6774,308,https://2lnr.com/routes/puj-lim,flight-route mismatch
PUJ,LIM,H25581,310,https://2lnr.com/routes/puj-lim,no independent flight-route evidence
PUJ,LIM,H25583,300,https://2lnr.com/routes/puj-lim,no independent flight-route evidence
PUJ,LIM,H25583,310,https://2lnr.com/routes/puj-lim,no independent flight-route evidence
PUJ,LIM,LA2451,300,https://2lnr.com/routes/puj-lim,no independent flight-route evidence
PUJ,LIM,LA2451,300,https://2lnr.com/routes/puj-lim,no independent flight-route evidence
PUJ,LIM,LA2453,300,https://2lnr.com/routes/puj-lim,no independent flight-route evidence
PUJ,LIM,LA2453,300,https://2lnr.com/routes/puj-lim,no independent flight-route evidence
PUJ,LIM,LA2461,300,https://2lnr.com/routes/puj-lim,no independent flight-route evidence
PUJ,LIM,LA2475,300,https://2lnr.com/routes/puj-lim,no independent flight-route evidence
PUJ,MAD,UX52,490,https://2lnr.com/routes/puj-mad,flight-route mismatch
PUJ,MIA,AA2399,155,https://2lnr.com/routes/puj-mia,flight-route mismatch
PUJ,ORD,DM5480,310,https://2lnr.com/routes/puj-ord,no independent flight-route evidence
PUJ,PHL,AA2475,249,https://2lnr.com/routes/puj-phl,flight-route mismatch
PUJ,PHL,AA2641,244,https://2lnr.com/routes/puj-phl,flight-route mismatch
PUJ,PHL,AA2737,256,https://2lnr.com/routes/puj-phl,flight-route mismatch
PUJ,PTY,CM616,159,https://2lnr.com/routes/puj-pty,no independent flight-route evidence
PUJ,SCL,DM6114,476,https://2lnr.com/routes/puj-scl,no independent flight-route evidence
PUJ,SJU,DM1058,65,https://2lnr.com/routes/puj-sju,no independent flight-route evidence
PUJ,YUL,AC1793,275,https://2lnr.com/routes/puj-yul,flight-route mismatch
PUJ,YYZ,AC1413,285,https://2lnr.com/routes/puj-yyz,no independent flight-route evidence
PUJ,YYZ,AC1797,275,https://2lnr.com/routes/puj-yyz,flight-route mismatch
PUJ,YYZ,AC1799,275,https://2lnr.com/routes/puj-yyz,flight-route mismatch
PUS,FUK,ZE945,70,https://2lnr.com/routes/pus-fuk,no independent flight-route evidence
PUS,FUK,ZE945,75,https://2lnr.com/routes/pus-fuk,no independent flight-route evidence
PUS,NRT,BX1145,130,https://2lnr.com/routes/pus-nrt,no independent flight-route evidence
PUS,NRT,TW297,140,https://2lnr.com/routes/pus-nrt,no independent flight-route evidence
PUS,NRT,TW297,135,https://2lnr.com/routes/pus-nrt,no independent flight-route evidence
PUS,TFU,BX3835,245,https://2lnr.com/routes/pus-tfu,flight-route mismatch
PUS,TPE,BR1193,145,https://2lnr.com/routes/pus-tpe,no independent flight-route evidence
PUS,TPE,JX901,135,https://2lnr.com/routes/pus-tpe,no independent flight-route evidence
PUS,TPE,JX903,140,https://2lnr.com/routes/pus-tpe,no independent flight-route evidence
PUS,UBN,7C5257,240,https://2lnr.com/routes/pus-ubn,flight-route mismatch
PUS,UBN,BX411,230,https://2lnr.com/routes/pus-ubn,flight-route mismatch
PUS,UBN,BX411,235,https://2lnr.com/routes/pus-ubn,flight-route mismatch
PUS,UBN,LJ781,230,https://2lnr.com/routes/pus-ubn,no independent flight-route evidence
PVG,CAN,HO1855,150,https://2lnr.com/routes/pvg-can,flight-route mismatch
PVG,TFU,3U6992,175,https://2lnr.com/routes/pvg-tfu,flight-route mismatch
PVG,TFU,3U6996,185,https://2lnr.com/routes/pvg-tfu,flight-route mismatch
PVG,TFU,3U6996,175,https://2lnr.com/routes/pvg-tfu,flight-route mismatch
PVG,TFU,3U6996,175,https://2lnr.com/routes/pvg-tfu,flight-route mismatch
PVG,TFU,CA4514,200,https://2lnr.com/routes/pvg-tfu,flight-route mismatch
PVG,TFU,CA4514,200,https://2lnr.com/routes/pvg-tfu,flight-route mismatch
PVG,TFU,CA4514,200,https://2lnr.com/routes/pvg-tfu,flight-route mismatch
PVG,TFU,CA4536,200,https://2lnr.com/routes/pvg-tfu,flight-route mismatch
PVG,TFU,CA4536,200,https://2lnr.com/routes/pvg-tfu,flight-route mismatch
PVG,TFU,CA4536,215,https://2lnr.com/routes/pvg-tfu,flight-route mismatch
PVG,TFU,CA4538,195,https://2lnr.com/routes/pvg-tfu,flight-route mismatch
PVG,TFU,CA4592,190,https://2lnr.com/routes/pvg-tfu,flight-route mismatch
PVG,TFU,CA4592,195,https://2lnr.com/routes/pvg-tfu,flight-route mismatch
PVG,TFU,CA8541,185,https://2lnr.com/routes/pvg-tfu,flight-route mismatch
PVG,TFU,CZ5151,185,https://2lnr.com/routes/pvg-tfu,flight-route mismatch
PVG,TFU,CZ8197,200,https://2lnr.com/routes/pvg-tfu,flight-route mismatch
PVG,TFU,CZ8197,200,https://2lnr.com/routes/pvg-tfu,flight-route mismatch
PVG,TFU,FM9543,205,https://2lnr.com/routes/pvg-tfu,flight-route mismatch
PVG,TFU,HO1119,190,https://2lnr.com/routes/pvg-tfu,flight-route mismatch
PVG,TFU,HO1119,195,https://2lnr.com/routes/pvg-tfu,flight-route mismatch
PVG,TFU,HU7427,190,https://2lnr.com/routes/pvg-tfu,flight-route mismatch
PVG,TFU,MU5411,195,https://2lnr.com/routes/pvg-tfu,flight-route mismatch
PVG,TFU,MU5441,190,https://2lnr.com/routes/pvg-tfu,flight-route mismatch
RAK,AMS,U26001,285,https://2lnr.com/routes/rak-ams,flight-route mismatch
RAK,AMS,U27980,225,https://2lnr.com/routes/rak-ams,flight-route mismatch
RAK,BCN,FR2251,205,https://2lnr.com/routes/rak-bcn,flight-route mismatch
RAK,BCN,FR9333,205,https://2lnr.com/routes/rak-bcn,flight-route mismatch
RAK,BER,FR5475,310,https://2lnr.com/routes/rak-ber,no independent flight-route evidence
RAK,BRU,TB2511,235,https://2lnr.com/routes/rak-bru,no independent flight-route evidence
RAK,BRU,TB2582,295,https://2lnr.com/routes/rak-bru,no independent flight-route evidence
RAK,BRU,TB2582,235,https://2lnr.com/routes/rak-bru,no independent flight-route evidence
RAK,BUD,FR4657,310,https://2lnr.com/routes/rak-bud,flight-route mismatch
RAK,BUD,W62460,250,https://2lnr.com/routes/rak-bud,flight-route mismatch
RAK,BUD,W62460,310,https://2lnr.com/routes/rak-bud,flight-route mismatch
RAK,CDG,AF1777,270,https://2lnr.com/routes/rak-cdg,flight-route mismatch
RAK,CDG,AT638,255,https://2lnr.com/routes/rak-cdg,flight-route mismatch
RAK,CDG,U24558,265,https://2lnr.com/routes/rak-cdg,flight-route mismatch
RAK,CDG,U24664,265,https://2lnr.com/routes/rak-cdg,no independent flight-route evidence
RAK,CDG,U24664,265,https://2lnr.com/routes/rak-cdg,no independent flight-route evidence
RAK,CDG,U24664,205,https://2lnr.com/routes/rak-cdg,no independent flight-route evidence
RAK,CDG,U24666,260,https://2lnr.com/routes/rak-cdg,no independent flight-route evidence
RAK,CDG,U24666,260,https://2lnr.com/routes/rak-cdg,no independent flight-route evidence
RAK,CDG,U24666,200,https://2lnr.com/routes/rak-cdg,no independent flight-route evidence
RAK,CDG,U26005,265,https://2lnr.com/routes/rak-cdg,flight-route mismatch
RAK,FRA,4Y205,285,https://2lnr.com/routes/rak-fra,flight-route mismatch
RAK,FRA,4Y205,225,https://2lnr.com/routes/rak-fra,flight-route mismatch
RAK,GVA,U21554,250,https://2lnr.com/routes/rak-gva,flight-route mismatch
RAK,GVA,U21554,245,https://2lnr.com/routes/rak-gva,flight-route mismatch
RAK,GVA,U21554,190,https://2lnr.com/routes/rak-gva,flight-route mismatch
RAK,GVA,U21558,245,https://2lnr.com/routes/rak-gva,no independent flight-route evidence
RAK,GVA,U21558,250,https://2lnr.com/routes/rak-gva,no independent flight-route evidence
RAK,GVA,U21558,185,https://2lnr.com/routes/rak-gva,no independent flight-route evidence
RAK,HAM,U26007,310,https://2lnr.com/routes/rak-ham,flight-route mismatch
RAK,IST,TK620,300,https://2lnr.com/routes/rak-ist,no independent flight-route evidence
RAK,IST,TK620,300,https://2lnr.com/routes/rak-ist,no independent flight-route evidence
RAK,IST,TK620,300,https://2lnr.com/routes/rak-ist,no independent flight-route evidence
RAK,IST,TK622,295,https://2lnr.com/routes/rak-ist,no independent flight-route evidence
RAK,LGW,BA2811,215,https://2lnr.com/routes/rak-lgw,flight-route mismatch
RAK,LGW,BA2811,275,https://2lnr.com/routes/rak-lgw,flight-route mismatch
RAK,LGW,BA2811,280,https://2lnr.com/routes/rak-lgw,flight-route mismatch
RAK,LGW,BA2811,220,https://2lnr.com/routes/rak-lgw,flight-route mismatch
RAK,LGW,BA2813,285,https://2lnr.com/routes/rak-lgw,no independent flight-route evidence
RAK,LGW,BA2813,270,https://2lnr.com/routes/rak-lgw,no independent flight-route evidence
RAK,LGW,BA2813,220,https://2lnr.com/routes/rak-lgw,no independent flight-route evidence
RAK,LGW,BA2813,205,https://2lnr.com/routes/rak-lgw,no independent flight-route evidence
RAK,LGW,BA2813,210,https://2lnr.com/routes/rak-lgw,no independent flight-route evidence
RAK,LGW,U28706,280,https://2lnr.com/routes/rak-lgw,flight-route mismatch
RAK,LGW,U28706,280,https://2lnr.com/routes/rak-lgw,flight-route mismatch
RAK,LGW,U28706,290,https://2lnr.com/routes/rak-lgw,flight-route mismatch
RAK,LGW,U28706,220,https://2lnr.com/routes/rak-lgw,flight-route mismatch
RAK,LGW,U28708,285,https://2lnr.com/routes/rak-lgw,flight-route mismatch
RAK,LGW,U28708,275,https://2lnr.com/routes/rak-lgw,flight-route mismatch
RAK,LGW,U28708,275,https://2lnr.com/routes/rak-lgw,flight-route mismatch
RAK,LGW,U28708,225,https://2lnr.com/routes/rak-lgw,flight-route mismatch
RAK,LGW,U28708,270,https://2lnr.com/routes/rak-lgw,flight-route mismatch
RAK,LGW,U28708,280,https://2lnr.com/routes/rak-lgw,flight-route mismatch
RAK,LGW,U28710,270,https://2lnr.com/routes/rak-lgw,flight-route mismatch
RAK,LGW,U28710,280,https://2lnr.com/routes/rak-lgw,flight-route mismatch
RAK,LGW,U28710,220,https://2lnr.com/routes/rak-lgw,flight-route mismatch
RAK,LHR,BA713,275,https://2lnr.com/routes/rak-lhr,flight-route mismatch
RAK,LHR,BA713,280,https://2lnr.com/routes/rak-lhr,flight-route mismatch
RAK,LHR,BA713,215,https://2lnr.com/routes/rak-lhr,flight-route mismatch
RAK,LHR,BA713,215,https://2lnr.com/routes/rak-lhr,flight-route mismatch
RAK,LHR,BA715,270,https://2lnr.com/routes/rak-lhr,flight-route mismatch
RAK,LHR,BA715,210,https://2lnr.com/routes/rak-lhr,flight-route mismatch
RAK,LIS,U27686,155,https://2lnr.com/routes/rak-lis,no independent flight-route evidence
RAK,LIS,U27686,95,https://2lnr.com/routes/rak-lis,no independent flight-route evidence
RAK,MAD,FR6722,180,https://2lnr.com/routes/rak-mad,flight-route mismatch
RAK,MAD,FR6722,120,https://2lnr.com/routes/rak-mad,flight-route mismatch
RAK,MAD,IB1852,180,https://2lnr.com/routes/rak-mad,no independent flight-route evidence
RAK,MAD,IB1854,180,https://2lnr.com/routes/rak-mad,no independent flight-route evidence
RAK,MAD,IB1854,120,https://2lnr.com/routes/rak-mad,no independent flight-route evidence
RAK,MAD,IB1856,180,https://2lnr.com/routes/rak-mad,no independent flight-route evidence
RAK,MAN,RK6481,285,https://2lnr.com/routes/rak-man,no independent flight-route evidence
RAK,MAN,U22266,295,https://2lnr.com/routes/rak-man,flight-route mismatch
RAK,MAN,U22266,295,https://2lnr.com/routes/rak-man,flight-route mismatch
RAK,MAN,U22294,235,https://2lnr.com/routes/rak-man,no independent flight-route evidence
RAK,MAN,U22294,295,https://2lnr.com/routes/rak-man,no independent flight-route evidence
RAK,MXP,FR7421,260,https://2lnr.com/routes/rak-mxp,no independent flight-route evidence
RAK,MXP,U23928,260,https://2lnr.com/routes/rak-mxp,no independent flight-route evidence
RAK,MXP,U23928,200,https://2lnr.com/routes/rak-mxp,no independent flight-route evidence
RAK,MXP,U23928,260,https://2lnr.com/routes/rak-mxp,no independent flight-route evidence
RAK,MXP,U23930,200,https://2lnr.com/routes/rak-mxp,flight-route mismatch
RAK,MXP,U23934,260,https://2lnr.com/routes/rak-mxp,no independent flight-route evidence
RAK,MXP,U23934,200,https://2lnr.com/routes/rak-mxp,no independent flight-route evidence
RAK,MXP,U26013,260,https://2lnr.com/routes/rak-mxp,flight-route mismatch
RAK,MXP,U26013,200,https://2lnr.com/routes/rak-mxp,flight-route mismatch
RAK,MXP,U26015,200,https://2lnr.com/routes/rak-mxp,flight-route mismatch
RAK,MXP,W46490,265,https://2lnr.com/routes/rak-mxp,no independent flight-route evidence
RAK,NCE,U21750,235,https://2lnr.com/routes/rak-nce,flight-route mismatch
RAK,NCE,U21750,175,https://2lnr.com/routes/rak-nce,flight-route mismatch
RAK,NCE,U21750,230,https://2lnr.com/routes/rak-nce,flight-route mismatch
RAK,NCE,U21770,235,https://2lnr.com/routes/rak-nce,no independent flight-route evidence
RAK,NCE,U21770,230,https://2lnr.com/routes/rak-nce,no independent flight-route evidence
RAK,NCE,U26029,235,https://2lnr.com/routes/rak-nce,flight-route mismatch
RAK,ZRH,CS199,265,https://2lnr.com/routes/rak-zrh,no independent flight-route evidence
RAK,ZRH,CS199,205,https://2lnr.com/routes/rak-zrh,no independent flight-route evidence
RAK,ZRH,WK118,295,https://2lnr.com/routes/rak-zrh,flight-route mismatch
REC,BSB,LA3123,165,https://2lnr.com/routes/rec-bsb,no independent flight-route evidence
REC,BSB,LA3123,165,https://2lnr.com/routes/rec-bsb,no independent flight-route evidence
REC,BSB,LA3348,160,https://2lnr.com/routes/rec-bsb,no independent flight-route evidence
REC,BSB,LA3348,160,https://2lnr.com/routes/rec-bsb,no independent flight-route evidence
REC,BSB,LA3425,165,https://2lnr.com/routes/rec-bsb,no independent flight-route evidence
REC,BSB,LA3425,160,https://2lnr.com/routes/rec-bsb,no independent flight-route evidence
REC,BSB,LA3425,165,https://2lnr.com/routes/rec-bsb,no independent flight-route evidence
REC,BSB,LA3499,165,https://2lnr.com/routes/rec-bsb,no independent flight-route evidence
REC,BSB,LA9001,160,https://2lnr.com/routes/rec-bsb,no independent flight-route evidence
REC,BSB,LA9001,160,https://2lnr.com/routes/rec-bsb,no independent flight-route evidence
REC,CNF,AD9000,155,https://2lnr.com/routes/rec-cnf,flight-route mismatch
REC,EZE,LA8160,330,https://2lnr.com/routes/rec-eze,no independent flight-route evidence
REC,FOR,LA3490,85,https://2lnr.com/routes/rec-for,no independent flight-route evidence
REC,FOR,LA4698,85,https://2lnr.com/routes/rec-for,no independent flight-route evidence
REC,FOR,LA4698,85,https://2lnr.com/routes/rec-for,no independent flight-route evidence
REC,GRU,AD4044,195,https://2lnr.com/routes/rec-gru,flight-route mismatch
REC,GRU,LA3375,195,https://2lnr.com/routes/rec-gru,no independent flight-route evidence
REC,GRU,LA3375,195,https://2lnr.com/routes/rec-gru,no independent flight-route evidence
REC,GRU,LA3377,205,https://2lnr.com/routes/rec-gru,no independent flight-route evidence
REC,GRU,LA3377,200,https://2lnr.com/routes/rec-gru,no independent flight-route evidence
REC,GRU,LA3383,205,https://2lnr.com/routes/rec-gru,no independent flight-route evidence
REC,GRU,LA3383,200,https://2lnr.com/routes/rec-gru,no independent flight-route evidence
REC,GRU,LA4519,205,https://2lnr.com/routes/rec-gru,no independent flight-route evidence
REC,MAD,IB130,485,https://2lnr.com/routes/rec-mad,no independent flight-route evidence
REC,SCL,LA8012,340,https://2lnr.com/routes/rec-scl,flight-route mismatch
REC,SSA,AD2611,90,https://2lnr.com/routes/rec-ssa,flight-route mismatch
RGN,DAD,8M454,120,https://2lnr.com/routes/rgn-dad,no independent flight-route evidence
RGN,DAD,8M454,120,https://2lnr.com/routes/rgn-dad,no independent flight-route evidence
RGN,DEL,AI236,240,https://2lnr.com/routes/rgn-del,nonadjacent airports in flight sequence
RGN,SIN,8M237,180,https://2lnr.com/routes/rgn-sin,no independent flight-route evidence
RGN,VTE,8M470,135,https://2lnr.com/routes/rgn-vte,no independent flight-route evidence
RUH,AMS,KL423,560,https://2lnr.com/routes/ruh-ams,independently confirmed stopover
RUH,AUH,EY556,120,https://2lnr.com/routes/ruh-auh,flight-route mismatch
RUH,AUH,EY556,115,https://2lnr.com/routes/ruh-auh,flight-route mismatch
RUH,AUH,EY556,115,https://2lnr.com/routes/ruh-auh,flight-route mismatch
RUH,DAC,BG340,355,https://2lnr.com/routes/ruh-dac,flight-route mismatch
RUH,DAC,BG540,355,https://2lnr.com/routes/ruh-dac,no independent flight-route evidence
RUH,DAC,BS382,345,https://2lnr.com/routes/ruh-dac,flight-route mismatch
RUH,DAC,BS382,370,https://2lnr.com/routes/ruh-dac,flight-route mismatch
RUH,DAC,BS382,380,https://2lnr.com/routes/ruh-dac,flight-route mismatch
RUH,DAC,SV804,345,https://2lnr.com/routes/ruh-dac,flight-route mismatch
RUH,DAC,SV804,345,https://2lnr.com/routes/ruh-dac,flight-route mismatch
RUH,DAC,SV806,345,https://2lnr.com/routes/ruh-dac,flight-route mismatch
RUH,DMM,SV1152,70,https://2lnr.com/routes/ruh-dmm,no independent flight-route evidence
RUH,DMM,XY76,70,https://2lnr.com/routes/ruh-dmm,no independent flight-route evidence
RUH,DOH,QR1239,90,https://2lnr.com/routes/ruh-doh,no independent flight-route evidence
RUH,DOH,QR1239,90,https://2lnr.com/routes/ruh-doh,no independent flight-route evidence
RUH,HYD,XY365,295,https://2lnr.com/routes/ruh-hyd,no independent flight-route evidence
RUH,ISB,9P783,255,https://2lnr.com/routes/ruh-isb,no independent flight-route evidence
RUH,ISB,SV724,245,https://2lnr.com/routes/ruh-isb,flight-route mismatch
RUH,ISB,SV724,245,https://2lnr.com/routes/ruh-isb,flight-route mismatch
RUH,IST,TK247,245,https://2lnr.com/routes/ruh-ist,no independent flight-route evidence
RUH,IST,TK249,245,https://2lnr.com/routes/ruh-ist,no independent flight-route evidence
RUH,JED,SV1095,105,https://2lnr.com/routes/ruh-jed,no independent flight-route evidence
RUH,KHI,9P611,180,https://2lnr.com/routes/ruh-khi,no independent flight-route evidence
RUH,KWI,KU776,90,https://2lnr.com/routes/ruh-kwi,flight-route mismatch
RUH,KWI,KU776,90,https://2lnr.com/routes/ruh-kwi,flight-route mismatch
RUH,KWI,KU776,90,https://2lnr.com/routes/ruh-kwi,flight-route mismatch
RUH,KWI,SV510,75,https://2lnr.com/routes/ruh-kwi,flight-route mismatch
RUH,KWI,SV512,75,https://2lnr.com/routes/ruh-kwi,flight-route mismatch
RUH,KWI,SV514,75,https://2lnr.com/routes/ruh-kwi,flight-route mismatch
RUH,KWI,XY231,80,https://2lnr.com/routes/ruh-kwi,flight-route mismatch
RUH,LHR,SV105,420,https://2lnr.com/routes/ruh-lhr,flight-route mismatch
RUH,LHR,SV109,420,https://2lnr.com/routes/ruh-lhr,flight-route mismatch
RUH,MLE,XY245,365,https://2lnr.com/routes/ruh-mle,no independent flight-route evidence
RUH,MXP,XY397,380,https://2lnr.com/routes/ruh-mxp,no independent flight-route evidence
RUH,SIN,SQ499,495,https://2lnr.com/routes/ruh-sin,no independent flight-route evidence
SAL,BCN,E9868,645,https://2lnr.com/routes/sal-bcn,no independent flight-route evidence
SAL,BOG,AV365,175,https://2lnr.com/routes/sal-bog,no independent flight-route evidence
SAL,BOG,AV383,175,https://2lnr.com/routes/sal-bog,no independent flight-route evidence
SAL,BOG,AV385,175,https://2lnr.com/routes/sal-bog,no independent flight-route evidence
SAL,BOS,AV444,305,https://2lnr.com/routes/sal-bos,no independent flight-route evidence
SAL,CUN,AV434,105,https://2lnr.com/routes/sal-cun,no independent flight-route evidence
SAL,DFW,AV440,220,https://2lnr.com/routes/sal-dfw,no independent flight-route evidence
SAL,DFW,AV440,220,https://2lnr.com/routes/sal-dfw,no independent flight-route evidence
SAL,DFW,AV442,220,https://2lnr.com/routes/sal-dfw,no independent flight-route evidence
SAL,DFW,AV442,220,https://2lnr.com/routes/sal-dfw,no independent flight-route evidence
SAL,IAD,AV580,255,https://2lnr.com/routes/sal-iad,no independent flight-route evidence
SAL,IAD,AV584,265,https://2lnr.com/routes/sal-iad,no independent flight-route evidence
SAL,IAD,AV584,265,https://2lnr.com/routes/sal-iad,no independent flight-route evidence
SAL,IAD,AV590,260,https://2lnr.com/routes/sal-iad,no independent flight-route evidence
SAL,IAD,AV590,260,https://2lnr.com/routes/sal-iad,no independent flight-route evidence
SAL,IAH,AV368,185,https://2lnr.com/routes/sal-iah,no independent flight-route evidence
SAL,IAH,AV424,185,https://2lnr.com/routes/sal-iah,no independent flight-route evidence
SAL,JFK,AV568,285,https://2lnr.com/routes/sal-jfk,no independent flight-route evidence
SAL,JFK,AV568,285,https://2lnr.com/routes/sal-jfk,no independent flight-route evidence
SAL,JFK,AV660,285,https://2lnr.com/routes/sal-jfk,no independent flight-route evidence
SAL,JFK,AV660,285,https://2lnr.com/routes/sal-jfk,no independent flight-route evidence
SAL,JFK,AV670,285,https://2lnr.com/routes/sal-jfk,no independent flight-route evidence
SAL,JFK,AV670,285,https://2lnr.com/routes/sal-jfk,no independent flight-route evidence
SAL,LAS,AV526,305,https://2lnr.com/routes/sal-las,no independent flight-route evidence
SAL,LAX,AV520,335,https://2lnr.com/routes/sal-lax,no independent flight-route evidence
SAL,LAX,AV520,335,https://2lnr.com/routes/sal-lax,no independent flight-route evidence
SAL,LAX,AV528,325,https://2lnr.com/routes/sal-lax,no independent flight-route evidence
SAL,LIM,AV429,255,https://2lnr.com/routes/sal-lim,no independent flight-route evidence
SAL,MAD,E9866,630,https://2lnr.com/routes/sal-mad,no independent flight-route evidence
SAL,MAD,IB224,645,https://2lnr.com/routes/sal-mad,flight-route mismatch
SAL,MCO,AV422,185,https://2lnr.com/routes/sal-mco,no independent flight-route evidence
SAL,MCO,AV422,185,https://2lnr.com/routes/sal-mco,no independent flight-route evidence
SAL,MEX,AV430,130,https://2lnr.com/routes/sal-mex,no independent flight-route evidence
SAL,MIA,AV310,155,https://2lnr.com/routes/sal-mia,no independent flight-route evidence
SAL,MIA,AV310,155,https://2lnr.com/routes/sal-mia,no independent flight-route evidence
SAL,MIA,AV450,270,https://2lnr.com/routes/sal-mia,no independent flight-route evidence
SAL,MIA,AV450,270,https://2lnr.com/routes/sal-mia,no independent flight-route evidence
SAL,PTY,AV317,120,https://2lnr.com/routes/sal-pty,no independent flight-route evidence
SAL,PTY,AV317,120,https://2lnr.com/routes/sal-pty,no independent flight-route evidence
SAL,PTY,AV323,120,https://2lnr.com/routes/sal-pty,no independent flight-route evidence
SAL,PTY,AV323,120,https://2lnr.com/routes/sal-pty,no independent flight-route evidence
SAL,SFO,AV558,375,https://2lnr.com/routes/sal-sfo,no independent flight-route evidence
SAL,SFO,AV560,365,https://2lnr.com/routes/sal-sfo,no independent flight-route evidence
SAL,SFO,AV562,365,https://2lnr.com/routes/sal-sfo,no independent flight-route evidence
SAL,SFO,AV562,365,https://2lnr.com/routes/sal-sfo,no independent flight-route evidence
SAL,SJO,AV313,75,https://2lnr.com/routes/sal-sjo,no independent flight-route evidence
SAL,SJO,AV319,75,https://2lnr.com/routes/sal-sjo,no independent flight-route evidence
SAL,SJO,AV319,75,https://2lnr.com/routes/sal-sjo,no independent flight-route evidence
SAL,SJO,AV609,80,https://2lnr.com/routes/sal-sjo,no independent flight-route evidence
SAL,SJO,AV609,80,https://2lnr.com/routes/sal-sjo,no independent flight-route evidence
SAL,SJO,AV627,75,https://2lnr.com/routes/sal-sjo,no independent flight-route evidence
SAL,SJO,AV627,75,https://2lnr.com/routes/sal-sjo,no independent flight-route evidence
SAL,UIO,AV457,175,https://2lnr.com/routes/sal-uio,no independent flight-route evidence
SAL,YYZ,AV324,300,https://2lnr.com/routes/sal-yyz,no independent flight-route evidence
SAL,YYZ,AV324,300,https://2lnr.com/routes/sal-yyz,no independent flight-route evidence
SAN,ATL,DL1597,252,https://2lnr.com/routes/san-atl,flight-route mismatch
SAN,ATL,DL522,255,https://2lnr.com/routes/san-atl,flight-route mismatch
SAN,ATL,DL819,244,https://2lnr.com/routes/san-atl,flight-route mismatch
SAN,ATL,DL819,253,https://2lnr.com/routes/san-atl,flight-route mismatch
SAN,ATL,DL924,261,https://2lnr.com/routes/san-atl,flight-route mismatch
SAN,ATL,DL932,261,https://2lnr.com/routes/san-atl,flight-route mismatch
SAN,BOS,AS389,352,https://2lnr.com/routes/san-bos,flight-route mismatch
SAN,CLT,AA1913,287,https://2lnr.com/routes/san-clt,flight-route mismatch
SAN,CLT,AA1913,289,https://2lnr.com/routes/san-clt,flight-route mismatch
SAN,CLT,AA1954,287,https://2lnr.com/routes/san-clt,flight-route mismatch
SAN,CLT,AA1954,289,https://2lnr.com/routes/san-clt,flight-route mismatch
SAN,CLT,AA2227,277,https://2lnr.com/routes/san-clt,flight-route mismatch
SAN,DEN,AS1342,152,https://2lnr.com/routes/san-den,flight-route mismatch
SAN,DEN,AS1342,152,https://2lnr.com/routes/san-den,flight-route mismatch
SAN,DEN,AS3121,159,https://2lnr.com/routes/san-den,no independent flight-route evidence
SAN,DEN,AS3121,160,https://2lnr.com/routes/san-den,no independent flight-route evidence
SAN,DEN,AS635,148,https://2lnr.com/routes/san-den,flight-route mismatch
SAN,DEN,AS635,148,https://2lnr.com/routes/san-den,flight-route mismatch
SAN,DEN,AS635,148,https://2lnr.com/routes/san-den,flight-route mismatch
SAN,DEN,UA2829,153,https://2lnr.com/routes/san-den,flight-route mismatch
SAN,DFW,AA1794,200,https://2lnr.com/routes/san-dfw,flight-route mismatch
SAN,DFW,AA2009,192,https://2lnr.com/routes/san-dfw,flight-route mismatch
SAN,DFW,AA638,193,https://2lnr.com/routes/san-dfw,flight-route mismatch
SAN,DFW,AS689,185,https://2lnr.com/routes/san-dfw,flight-route mismatch
SAN,DFW,AS689,185,https://2lnr.com/routes/san-dfw,flight-route mismatch
SAN,DFW,AS689,185,https://2lnr.com/routes/san-dfw,flight-route mismatch
SAN,LAS,AS2018,88,https://2lnr.com/routes/san-las,no independent flight-route evidence
SAN,LAS,AS2068,88,https://2lnr.com/routes/san-las,no independent flight-route evidence
SAN,LAS,AS2165,85,https://2lnr.com/routes/san-las,no independent flight-route evidence
SAN,LAS,AS2241,85,https://2lnr.com/routes/san-las,no independent flight-route evidence
SAN,LAS,AS3323,95,https://2lnr.com/routes/san-las,no independent flight-route evidence
SAN,LAS,DL3741,88,https://2lnr.com/routes/san-las,no independent flight-route evidence
SAN,LAS,DL3916,88,https://2lnr.com/routes/san-las,no independent flight-route evidence
SAN,LAS,DL3932,86,https://2lnr.com/routes/san-las,no independent flight-route evidence
SAN,LAX,DL3716,74,https://2lnr.com/routes/san-lax,no independent flight-route evidence
SAN,LAX,DL3716,77,https://2lnr.com/routes/san-lax,no independent flight-route evidence
SAN,LAX,DL3743,75,https://2lnr.com/routes/san-lax,no independent flight-route evidence
SAN,LAX,DL3743,78,https://2lnr.com/routes/san-lax,no independent flight-route evidence
SAN,LAX,DL3993,69,https://2lnr.com/routes/san-lax,no independent flight-route evidence
SAN,LAX,DL4001,63,https://2lnr.com/routes/san-lax,no independent flight-route evidence
SAN,LAX,DL4018,71,https://2lnr.com/routes/san-lax,no independent flight-route evidence
SAN,LAX,DL4087,67,https://2lnr.com/routes/san-lax,no independent flight-route evidence
SAN,LAX,DL4087,75,https://2lnr.com/routes/san-lax,no independent flight-route evidence
SAN,LAX,UA2667,63,https://2lnr.com/routes/san-lax,flight-route mismatch
SAN,MCO,AS708,300,https://2lnr.com/routes/san-mco,flight-route mismatch
SAN,MCO,AS708,300,https://2lnr.com/routes/san-mco,flight-route mismatch
SAN,MIA,AA1748,304,https://2lnr.com/routes/san-mia,flight-route mismatch
SAN,MSP,DL1273,226,https://2lnr.com/routes/san-msp,flight-route mismatch
SAN,MSP,DL1683,227,https://2lnr.com/routes/san-msp,flight-route mismatch
SAN,MSP,DL1770,218,https://2lnr.com/routes/san-msp,flight-route mismatch
SAN,MSP,DL2061,229,https://2lnr.com/routes/san-msp,flight-route mismatch
SAN,MUC,LH467,670,https://2lnr.com/routes/san-muc,flight-route mismatch
SAN,ORD,AA1696,262,https://2lnr.com/routes/san-ord,flight-route mismatch
SAN,ORD,AS1504,258,https://2lnr.com/routes/san-ord,no independent flight-route evidence
SAN,ORD,UA1068,261,https://2lnr.com/routes/san-ord,flight-route mismatch
SAN,ORD,UA540,243,https://2lnr.com/routes/san-ord,flight-route mismatch
SAN,PDX,AS1321,158,https://2lnr.com/routes/san-pdx,flight-route mismatch
SAN,PDX,AS1321,158,https://2lnr.com/routes/san-pdx,flight-route mismatch
SAN,PDX,AS1321,158,https://2lnr.com/routes/san-pdx,flight-route mismatch
SAN,PHL,AA1844,312,https://2lnr.com/routes/san-phl,flight-route mismatch
SAN,PHX,AA1851,87,https://2lnr.com/routes/san-phx,flight-route mismatch
SAN,PHX,AA1862,93,https://2lnr.com/routes/san-phx,flight-route mismatch
SAN,PHX,AA2226,87,https://2lnr.com/routes/san-phx,flight-route mismatch
SAN,PHX,AS2186,82,https://2lnr.com/routes/san-phx,no independent flight-route evidence
SAN,PHX,AS2223,80,https://2lnr.com/routes/san-phx,no independent flight-route evidence
SAN,PHX,AS2224,82,https://2lnr.com/routes/san-phx,no independent flight-route evidence
SAN,PHX,AS3144,94,https://2lnr.com/routes/san-phx,no independent flight-route evidence
SAN,PHX,AS3309,90,https://2lnr.com/routes/san-phx,no independent flight-route evidence
SAN,SEA,AS1366,187,https://2lnr.com/routes/san-sea,flight-route mismatch
SAN,SEA,AS1366,187,https://2lnr.com/routes/san-sea,flight-route mismatch
SAN,SEA,AS1366,187,https://2lnr.com/routes/san-sea,flight-route mismatch
SAN,SEA,AS692,186,https://2lnr.com/routes/san-sea,flight-route mismatch
SAN,SEA,AS792,188,https://2lnr.com/routes/san-sea,flight-route mismatch
SAN,SFO,AS1331,102,https://2lnr.com/routes/san-sfo,flight-route mismatch
SAN,SFO,AS1331,105,https://2lnr.com/routes/san-sfo,flight-route mismatch
SAN,SFO,AS1484,107,https://2lnr.com/routes/san-sfo,flight-route mismatch
SAN,SFO,AS1486,106,https://2lnr.com/routes/san-sfo,flight-route mismatch
SAN,SFO,AS2494,101,https://2lnr.com/routes/san-sfo,no independent flight-route evidence
SAN,SFO,AS3463,108,https://2lnr.com/routes/san-sfo,no independent flight-route evidence
SAN,SFO,AS3482,104,https://2lnr.com/routes/san-sfo,no independent flight-route evidence
SAN,SFO,AS453,102,https://2lnr.com/routes/san-sfo,flight-route mismatch
SAN,SFO,AS493,103,https://2lnr.com/routes/san-sfo,flight-route mismatch
SAN,SFO,AS755,107,https://2lnr.com/routes/san-sfo,flight-route mismatch
SAN,SFO,AS770,106,https://2lnr.com/routes/san-sfo,flight-route mismatch
SAN,SFO,UA1030,106,https://2lnr.com/routes/san-sfo,flight-route mismatch
SAN,SLC,AS3017,133,https://2lnr.com/routes/san-slc,no independent flight-route evidence
SAN,SLC,AS3118,142,https://2lnr.com/routes/san-slc,no independent flight-route evidence
SAN,SLC,AS3488,132,https://2lnr.com/routes/san-slc,no independent flight-route evidence
SAN,SLC,DL1884,128,https://2lnr.com/routes/san-slc,flight-route mismatch
SAN,TPA,AS518,283,https://2lnr.com/routes/san-tpa,flight-route mismatch
SAN,YVR,AC1777,185,https://2lnr.com/routes/san-yvr,flight-route mismatch
SAN,YVR,AC8765,194,https://2lnr.com/routes/san-yvr,flight-route mismatch
SAN,YVR,AC8765,197,https://2lnr.com/routes/san-yvr,flight-route mismatch
SAN,YVR,AC8767,194,https://2lnr.com/routes/san-yvr,flight-route mismatch
SCL,ASU,LA1325,150,https://2lnr.com/routes/scl-asu,flight-route mismatch
SCL,BSB,LA8109,310,https://2lnr.com/routes/scl-bsb,no independent flight-route evidence
SCL,BSB,LA8109,245,https://2lnr.com/routes/scl-bsb,no independent flight-route evidence
SCL,EZE,AR1285,185,https://2lnr.com/routes/scl-eze,flight-route mismatch
SCL,EZE,JA735,128,https://2lnr.com/routes/scl-eze,flight-route mismatch
SCL,EZE,JA737,128,https://2lnr.com/routes/scl-eze,flight-route mismatch
SCL,FOR,LA8125,375,https://2lnr.com/routes/scl-for,no independent flight-route evidence
SCL,GIG,H21814,252,https://2lnr.com/routes/scl-gig,no independent flight-route evidence
SCL,GIG,H21814,252,https://2lnr.com/routes/scl-gig,no independent flight-route evidence
SCL,GIG,IB118,240,https://2lnr.com/routes/scl-gig,flight-route mismatch
SCL,GIG,LA8107,240,https://2lnr.com/routes/scl-gig,no independent flight-route evidence
SCL,GRU,LA8055,230,https://2lnr.com/routes/scl-gru,no independent flight-route evidence
SCL,GRU,LA8105,240,https://2lnr.com/routes/scl-gru,no independent flight-route evidence
SCL,GRU,LA8105,240,https://2lnr.com/routes/scl-gru,no independent flight-route evidence
SCL,GRU,LA8105,235,https://2lnr.com/routes/scl-gru,no independent flight-route evidence
SCL,GRU,LA8153,250,https://2lnr.com/routes/scl-gru,no independent flight-route evidence
SCL,JFK,LA538,885,https://2lnr.com/routes/scl-jfk,nonadjacent airports in flight sequence
SCL,JFK,LA538,880,https://2lnr.com/routes/scl-jfk,nonadjacent airports in flight sequence
SCL,LIM,H25622,232,https://2lnr.com/routes/scl-lim,no independent flight-route evidence
SCL,LIM,H25625,231,https://2lnr.com/routes/scl-lim,no independent flight-route evidence
SCL,LIM,H2808,232,https://2lnr.com/routes/scl-lim,flight-route mismatch
SCL,LIM,H2808,237,https://2lnr.com/routes/scl-lim,flight-route mismatch
SCL,LIM,JA7730,238,https://2lnr.com/routes/scl-lim,no independent flight-route evidence
SCL,LIM,LA2370,235,https://2lnr.com/routes/scl-lim,flight-route mismatch
SCL,LIM,LA2412,230,https://2lnr.com/routes/scl-lim,no independent flight-route evidence
SCL,LIM,LA2444,225,https://2lnr.com/routes/scl-lim,no independent flight-route evidence
SCL,LIM,LA2444,235,https://2lnr.com/routes/scl-lim,no independent flight-route evidence
SCL,LIM,LA2696,225,https://2lnr.com/routes/scl-lim,no independent flight-route evidence
SCL,LIM,LA520,235,https://2lnr.com/routes/scl-lim,flight-route mismatch
SCL,LIM,LA522,235,https://2lnr.com/routes/scl-lim,flight-route mismatch
SCL,LIM,LA524,235,https://2lnr.com/routes/scl-lim,flight-route mismatch
SCL,LIM,LA528,235,https://2lnr.com/routes/scl-lim,flight-route mismatch
SCL,LIM,LA534,225,https://2lnr.com/routes/scl-lim,flight-route mismatch
SCL,LIM,LA538,225,https://2lnr.com/routes/scl-lim,flight-route mismatch
SCL,LIM,LA640,235,https://2lnr.com/routes/scl-lim,flight-route mismatch
SCL,LIM,LA650,235,https://2lnr.com/routes/scl-lim,flight-route mismatch
SCL,PUJ,DM6115,495,https://2lnr.com/routes/scl-puj,no independent flight-route evidence
SCL,REC,LA8013,440,https://2lnr.com/routes/scl-rec,no independent flight-route evidence
SCL,SSA,H21820,445,https://2lnr.com/routes/scl-ssa,nonadjacent airports in flight sequence
SEA,ANC,AS1332,239,https://2lnr.com/routes/sea-anc,flight-route mismatch
SEA,ANC,AS1332,239,https://2lnr.com/routes/sea-anc,flight-route mismatch
SEA,ANC,AS1333,242,https://2lnr.com/routes/sea-anc,flight-route mismatch
SEA,ANC,AS1336,229,https://2lnr.com/routes/sea-anc,flight-route mismatch
SEA,ANC,AS1336,229,https://2lnr.com/routes/sea-anc,flight-route mismatch
SEA,ANC,AS1381,233,https://2lnr.com/routes/sea-anc,flight-route mismatch
SEA,ANC,AS1408,232,https://2lnr.com/routes/sea-anc,flight-route mismatch
SEA,ANC,AS1408,232,https://2lnr.com/routes/sea-anc,flight-route mismatch
SEA,ANC,AS1471,229,https://2lnr.com/routes/sea-anc,flight-route mismatch
SEA,ANC,AS1680,236,https://2lnr.com/routes/sea-anc,flight-route mismatch
SEA,ANC,AS1683,224,https://2lnr.com/routes/sea-anc,no independent flight-route evidence
SEA,ANC,AS582,229,https://2lnr.com/routes/sea-anc,flight-route mismatch
SEA,ANC,AS582,229,https://2lnr.com/routes/sea-anc,flight-route mismatch
SEA,ANC,AS584,236,https://2lnr.com/routes/sea-anc,flight-route mismatch
SEA,ANC,AS703,224,https://2lnr.com/routes/sea-anc,flight-route mismatch
SEA,ANC,AS711,226,https://2lnr.com/routes/sea-anc,flight-route mismatch
SEA,ANC,AS711,226,https://2lnr.com/routes/sea-anc,flight-route mismatch
SEA,ATL,AS1645,292,https://2lnr.com/routes/sea-atl,no independent flight-route evidence
SEA,ATL,AS217,292,https://2lnr.com/routes/sea-atl,flight-route mismatch
SEA,ATL,DL8802,274,https://2lnr.com/routes/sea-atl,flight-route mismatch
SEA,BOS,AS288,337,https://2lnr.com/routes/sea-bos,flight-route mismatch
SEA,BOS,AS288,337,https://2lnr.com/routes/sea-bos,flight-route mismatch
SEA,BOS,AS288,337,https://2lnr.com/routes/sea-bos,flight-route mismatch
SEA,CDG,AF337,580,https://2lnr.com/routes/sea-cdg,flight-route mismatch
SEA,CLT,AA1833,310,https://2lnr.com/routes/sea-clt,flight-route mismatch
SEA,CLT,AA1833,299,https://2lnr.com/routes/sea-clt,flight-route mismatch
SEA,CLT,AA1833,307,https://2lnr.com/routes/sea-clt,flight-route mismatch
SEA,CLT,AA858,304,https://2lnr.com/routes/sea-clt,flight-route mismatch
SEA,DEN,UA333,170,https://2lnr.com/routes/sea-den,flight-route mismatch
SEA,DFW,AA2604,230,https://2lnr.com/routes/sea-dfw,flight-route mismatch
SEA,DFW,AS321,247,https://2lnr.com/routes/sea-dfw,flight-route mismatch
SEA,DFW,AS321,247,https://2lnr.com/routes/sea-dfw,flight-route mismatch
SEA,DFW,AS424,236,https://2lnr.com/routes/sea-dfw,flight-route mismatch
SEA,DFW,AS424,239,https://2lnr.com/routes/sea-dfw,flight-route mismatch
SEA,DTW,AS315,262,https://2lnr.com/routes/sea-dtw,flight-route mismatch
SEA,DTW,AS315,262,https://2lnr.com/routes/sea-dtw,flight-route mismatch
SEA,DTW,AS315,262,https://2lnr.com/routes/sea-dtw,flight-route mismatch
SEA,DTW,DL8786,265,https://2lnr.com/routes/sea-dtw,flight-route mismatch
SEA,DUB,EI52,545,https://2lnr.com/routes/sea-dub,flight-route mismatch
SEA,DUB,EI52,550,https://2lnr.com/routes/sea-dub,flight-route mismatch
SEA,EWR,AS395,319,https://2lnr.com/routes/sea-ewr,flight-route mismatch
SEA,EWR,AS395,319,https://2lnr.com/routes/sea-ewr,flight-route mismatch
SEA,HNL,AS268,369,https://2lnr.com/routes/sea-hnl,flight-route mismatch
SEA,HNL,AS268,369,https://2lnr.com/routes/sea-hnl,flight-route mismatch
SEA,HNL,AS451,372,https://2lnr.com/routes/sea-hnl,flight-route mismatch
SEA,HNL,AS451,372,https://2lnr.com/routes/sea-hnl,flight-route mismatch
SEA,HNL,AS825,378,https://2lnr.com/routes/sea-hnl,flight-route mismatch
SEA,HNL,AS853,371,https://2lnr.com/routes/sea-hnl,flight-route mismatch
SEA,HNL,AS853,381,https://2lnr.com/routes/sea-hnl,flight-route mismatch
SEA,IAD,AS366,303,https://2lnr.com/routes/sea-iad,flight-route mismatch
SEA,IAD,AS366,303,https://2lnr.com/routes/sea-iad,flight-route mismatch
SEA,IAD,UA2693,303,https://2lnr.com/routes/sea-iad,flight-route mismatch
SEA,IAD,UA800,303,https://2lnr.com/routes/sea-iad,flight-route mismatch
SEA,IST,TK204,710,https://2lnr.com/routes/sea-ist,no independent flight-route evidence
SEA,JFK,DL1065,321,https://2lnr.com/routes/sea-jfk,flight-route mismatch
SEA,JFK,DL1719,325,https://2lnr.com/routes/sea-jfk,flight-route mismatch
SEA,LAS,AS1481,155,https://2lnr.com/routes/sea-las,flight-route mismatch
SEA,LAS,AS1676,156,https://2lnr.com/routes/sea-las,flight-route mismatch
SEA,LAS,AS212,163,https://2lnr.com/routes/sea-las,flight-route mismatch
SEA,LAS,AS523,157,https://2lnr.com/routes/sea-las,flight-route mismatch
SEA,LAS,AS523,157,https://2lnr.com/routes/sea-las,flight-route mismatch
SEA,LAS,AS552,159,https://2lnr.com/routes/sea-las,flight-route mismatch
SEA,LAS,AS552,156,https://2lnr.com/routes/sea-las,flight-route mismatch
SEA,LAS,AS552,156,https://2lnr.com/routes/sea-las,flight-route mismatch
SEA,LAS,AS728,155,https://2lnr.com/routes/sea-las,flight-route mismatch
SEA,LAX,AA4896,186,https://2lnr.com/routes/sea-lax,no independent flight-route evidence
SEA,LAX,AA4988,179,https://2lnr.com/routes/sea-lax,no independent flight-route evidence
SEA,LAX,AA6438,181,https://2lnr.com/routes/sea-lax,no independent flight-route evidence
SEA,LAX,AS1414,182,https://2lnr.com/routes/sea-lax,flight-route mismatch
SEA,LAX,AS1672,178,https://2lnr.com/routes/sea-lax,no independent flight-route evidence
SEA,LAX,UA4729,186,https://2lnr.com/routes/sea-lax,flight-route mismatch
SEA,LAX,UA4796,186,https://2lnr.com/routes/sea-lax,flight-route mismatch
SEA,LAX,UA6053,184,https://2lnr.com/routes/sea-lax,flight-route mismatch
SEA,LHR,DL292,525,https://2lnr.com/routes/sea-lhr,flight-route mismatch
SEA,MCO,AS390,333,https://2lnr.com/routes/sea-mco,flight-route mismatch
SEA,MCO,AS390,333,https://2lnr.com/routes/sea-mco,flight-route mismatch
SEA,NRT,AS123,640,https://2lnr.com/routes/sea-nrt,flight-route mismatch
SEA,ORD,AS285,239,https://2lnr.com/routes/sea-ord,flight-route mismatch
SEA,ORD,AS579,264,https://2lnr.com/routes/sea-ord,flight-route mismatch
SEA,ORD,UA1547,246,https://2lnr.com/routes/sea-ord,flight-route mismatch
SEA,PDX,AS1495,63,https://2lnr.com/routes/sea-pdx,flight-route mismatch
SEA,PDX,AS279,67,https://2lnr.com/routes/sea-pdx,flight-route mismatch
SEA,PDX,AS3111,66,https://2lnr.com/routes/sea-pdx,no independent flight-route evidence
SEA,PDX,AS3143,61,https://2lnr.com/routes/sea-pdx,no independent flight-route evidence
SEA,PDX,AS3336,60,https://2lnr.com/routes/sea-pdx,no independent flight-route evidence
SEA,PDX,AS761,68,https://2lnr.com/routes/sea-pdx,flight-route mismatch
SEA,PDX,AS761,68,https://2lnr.com/routes/sea-pdx,flight-route mismatch
SEA,PDX,DL3802,71,https://2lnr.com/routes/sea-pdx,no independent flight-route evidence
SEA,PDX,DL3818,70,https://2lnr.com/routes/sea-pdx,no independent flight-route evidence
SEA,PDX,DL3910,64,https://2lnr.com/routes/sea-pdx,no independent flight-route evidence
SEA,PDX,DL3913,62,https://2lnr.com/routes/sea-pdx,no independent flight-route evidence
SEA,PDX,DL3913,63,https://2lnr.com/routes/sea-pdx,no independent flight-route evidence
SEA,PDX,DL3918,67,https://2lnr.com/routes/sea-pdx,no independent flight-route evidence
SEA,PDX,DL3953,73,https://2lnr.com/routes/sea-pdx,no independent flight-route evidence
SEA,PDX,DL3997,67,https://2lnr.com/routes/sea-pdx,no independent flight-route evidence
SEA,PDX,DL4062,71,https://2lnr.com/routes/sea-pdx,no independent flight-route evidence
SEA,PHX,AA2208,175,https://2lnr.com/routes/sea-phx,flight-route mismatch
SEA,PHX,AA3670,181,https://2lnr.com/routes/sea-phx,flight-route mismatch
SEA,PHX,AA3792,182,https://2lnr.com/routes/sea-phx,flight-route mismatch
SEA,PHX,AA3792,190,https://2lnr.com/routes/sea-phx,flight-route mismatch
SEA,PHX,AA3793,183,https://2lnr.com/routes/sea-phx,flight-route mismatch
SEA,PHX,AA3934,180,https://2lnr.com/routes/sea-phx,flight-route mismatch
SEA,PHX,AA4117,184,https://2lnr.com/routes/sea-phx,no independent flight-route evidence
SEA,PHX,AA4207,183,https://2lnr.com/routes/sea-phx,flight-route mismatch
SEA,PHX,AS478,170,https://2lnr.com/routes/sea-phx,flight-route mismatch
SEA,PHX,AS478,170,https://2lnr.com/routes/sea-phx,flight-route mismatch
SEA,SAN,AS1401,182,https://2lnr.com/routes/sea-san,flight-route mismatch
SEA,SAN,AS600,174,https://2lnr.com/routes/sea-san,flight-route mismatch
SEA,SAN,AS600,171,https://2lnr.com/routes/sea-san,flight-route mismatch
SEA,SAN,AS600,171,https://2lnr.com/routes/sea-san,flight-route mismatch
SEA,SAN,AS623,171,https://2lnr.com/routes/sea-san,flight-route mismatch
SEA,SAN,AS623,171,https://2lnr.com/routes/sea-san,flight-route mismatch
SEA,SAN,AS623,171,https://2lnr.com/routes/sea-san,flight-route mismatch
SEA,SAN,AS791,169,https://2lnr.com/routes/sea-san,flight-route mismatch
SEA,SAN,AS791,169,https://2lnr.com/routes/sea-san,flight-route mismatch
SEA,SFO,AS220,137,https://2lnr.com/routes/sea-sfo,flight-route mismatch
SEA,SFO,AS302,133,https://2lnr.com/routes/sea-sfo,flight-route mismatch
SEA,SFO,AS410,136,https://2lnr.com/routes/sea-sfo,flight-route mismatch
SEA,SFO,DL3707,142,https://2lnr.com/routes/sea-sfo,no independent flight-route evidence
SEA,SFO,DL3991,147,https://2lnr.com/routes/sea-sfo,no independent flight-route evidence
SEA,SFO,UA5660,151,https://2lnr.com/routes/sea-sfo,flight-route mismatch
SEA,SFO,UA5841,150,https://2lnr.com/routes/sea-sfo,flight-route mismatch
SEA,SLC,AS3268,126,https://2lnr.com/routes/sea-slc,no independent flight-route evidence
SEA,SLC,AS430,135,https://2lnr.com/routes/sea-slc,flight-route mismatch
SEA,SLC,AS430,135,https://2lnr.com/routes/sea-slc,flight-route mismatch
SEA,SLC,AS430,138,https://2lnr.com/routes/sea-slc,flight-route mismatch
SEA,SLC,AS663,124,https://2lnr.com/routes/sea-slc,flight-route mismatch
SEA,YEG,AS1439,111,https://2lnr.com/routes/sea-yeg,flight-route mismatch
SEA,YEG,AS1439,111,https://2lnr.com/routes/sea-yeg,flight-route mismatch
SEA,YEG,AS1439,111,https://2lnr.com/routes/sea-yeg,flight-route mismatch
SEA,YEG,AS1439,111,https://2lnr.com/routes/sea-yeg,flight-route mismatch
SEA,YEG,AS2271,111,https://2lnr.com/routes/sea-yeg,no independent flight-route evidence
SEA,YVR,AC8801,70,https://2lnr.com/routes/sea-yvr,no independent flight-route evidence
SEA,YVR,AC8803,70,https://2lnr.com/routes/sea-yvr,flight-route mismatch
SEA,YVR,AC8807,67,https://2lnr.com/routes/sea-yvr,flight-route mismatch
SEA,YVR,AC8809,74,https://2lnr.com/routes/sea-yvr,flight-route mismatch
SEA,YVR,AC8809,67,https://2lnr.com/routes/sea-yvr,flight-route mismatch
SEA,YVR,AS2010,60,https://2lnr.com/routes/sea-yvr,no independent flight-route evidence
SEA,YVR,DL3682,70,https://2lnr.com/routes/sea-yvr,no independent flight-route evidence
SEA,YVR,DL3698,71,https://2lnr.com/routes/sea-yvr,no independent flight-route evidence
SEA,YVR,DL3742,70,https://2lnr.com/routes/sea-yvr,no independent flight-route evidence
SEA,YVR,DL3742,71,https://2lnr.com/routes/sea-yvr,no independent flight-route evidence
SEA,YVR,DL3748,75,https://2lnr.com/routes/sea-yvr,no independent flight-route evidence
SEA,YVR,DL3893,74,https://2lnr.com/routes/sea-yvr,no independent flight-route evidence
SEA,YVR,DL3968,70,https://2lnr.com/routes/sea-yvr,flight-route mismatch
SEA,YYC,AS2307,95,https://2lnr.com/routes/sea-yyc,no independent flight-route evidence
SEA,YYC,AS2344,101,https://2lnr.com/routes/sea-yyc,no independent flight-route evidence
SFO,ANC,UA1594,293,https://2lnr.com/routes/sfo-anc,flight-route mismatch
SFO,ATL,DL635,278,https://2lnr.com/routes/sfo-atl,flight-route mismatch
SFO,ATL,DL690,274,https://2lnr.com/routes/sfo-atl,flight-route mismatch
SFO,ATL,UA1896,292,https://2lnr.com/routes/sfo-atl,flight-route mismatch
SFO,ATL,UA1896,292,https://2lnr.com/routes/sfo-atl,flight-route mismatch
SFO,ATL,UA233,294,https://2lnr.com/routes/sfo-atl,flight-route mismatch
SFO,ATL,UA702,291,https://2lnr.com/routes/sfo-atl,flight-route mismatch
SFO,ATL,UA702,293,https://2lnr.com/routes/sfo-atl,flight-route mismatch
SFO,ATL,UA702,295,https://2lnr.com/routes/sfo-atl,flight-route mismatch
SFO,CLT,AA2105,317,https://2lnr.com/routes/sfo-clt,flight-route mismatch
SFO,CLT,AA2397,313,https://2lnr.com/routes/sfo-clt,flight-route mismatch
SFO,CLT,AA2411,313,https://2lnr.com/routes/sfo-clt,flight-route mismatch
SFO,CLT,AA2758,320,https://2lnr.com/routes/sfo-clt,flight-route mismatch
SFO,DEN,UA1835,159,https://2lnr.com/routes/sfo-den,flight-route mismatch
SFO,DEN,UA2448,168,https://2lnr.com/routes/sfo-den,flight-route mismatch
SFO,DFW,AA2275,224,https://2lnr.com/routes/sfo-dfw,flight-route mismatch
SFO,DFW,UA775,225,https://2lnr.com/routes/sfo-dfw,flight-route mismatch
SFO,DTW,DL940,270,https://2lnr.com/routes/sfo-dtw,flight-route mismatch
SFO,DUB,EI60,605,https://2lnr.com/routes/sfo-dub,flight-route mismatch
SFO,DUB,EI60,610,https://2lnr.com/routes/sfo-dub,flight-route mismatch
SFO,EWR,UA2467,339,https://2lnr.com/routes/sfo-ewr,flight-route mismatch
SFO,EWR,UA366,355,https://2lnr.com/routes/sfo-ewr,flight-route mismatch
SFO,FLL,UA2431,346,https://2lnr.com/routes/sfo-fll,flight-route mismatch
SFO,FLL,UA2431,341,https://2lnr.com/routes/sfo-fll,flight-route mismatch
SFO,FLL,UA2431,341,https://2lnr.com/routes/sfo-fll,flight-route mismatch
SFO,FLL,UA2431,337,https://2lnr.com/routes/sfo-fll,flight-route mismatch
SFO,FLL,UA2448,342,https://2lnr.com/routes/sfo-fll,flight-route mismatch
SFO,FLL,UA2469,348,https://2lnr.com/routes/sfo-fll,flight-route mismatch
SFO,HNL,AS833,330,https://2lnr.com/routes/sfo-hnl,flight-route mismatch
SFO,HNL,UA2380,340,https://2lnr.com/routes/sfo-hnl,flight-route mismatch
SFO,HNL,UA638,346,https://2lnr.com/routes/sfo-hnl,flight-route mismatch
SFO,IAD,UA2861,319,https://2lnr.com/routes/sfo-iad,flight-route mismatch
SFO,IAD,UA2861,319,https://2lnr.com/routes/sfo-iad,flight-route mismatch
SFO,IAH,UA2464,238,https://2lnr.com/routes/sfo-iah,flight-route mismatch
SFO,IAH,UA2498,246,https://2lnr.com/routes/sfo-iah,flight-route mismatch
SFO,ICN,YP114,760,https://2lnr.com/routes/sfo-icn,no independent flight-route evidence
SFO,IST,TK290,775,https://2lnr.com/routes/sfo-ist,no independent flight-route evidence
SFO,IST,TK80,775,https://2lnr.com/routes/sfo-ist,flight-route mismatch
SFO,JFK,DL669,335,https://2lnr.com/routes/sfo-jfk,flight-route mismatch
SFO,LAS,AS1400,101,https://2lnr.com/routes/sfo-las,flight-route mismatch
SFO,LAS,AS1400,101,https://2lnr.com/routes/sfo-las,flight-route mismatch
SFO,LAS,UA1627,105,https://2lnr.com/routes/sfo-las,flight-route mismatch
SFO,LAS,UA611,108,https://2lnr.com/routes/sfo-las,flight-route mismatch
SFO,LAX,AA6274,101,https://2lnr.com/routes/sfo-lax,no independent flight-route evidence
SFO,LAX,AA6276,103,https://2lnr.com/routes/sfo-lax,no independent flight-route evidence
SFO,LAX,AA6277,101,https://2lnr.com/routes/sfo-lax,no independent flight-route evidence
SFO,LAX,AA6428,101,https://2lnr.com/routes/sfo-lax,no independent flight-route evidence
SFO,LAX,AS1412,98,https://2lnr.com/routes/sfo-lax,flight-route mismatch
SFO,LAX,AS1543,93,https://2lnr.com/routes/sfo-lax,flight-route mismatch
SFO,LAX,AS2360,90,https://2lnr.com/routes/sfo-lax,no independent flight-route evidence
SFO,LAX,AS340,91,https://2lnr.com/routes/sfo-lax,flight-route mismatch
SFO,LAX,AS340,91,https://2lnr.com/routes/sfo-lax,flight-route mismatch
SFO,LAX,AS753,91,https://2lnr.com/routes/sfo-lax,flight-route mismatch
SFO,LAX,UA1799,97,https://2lnr.com/routes/sfo-lax,flight-route mismatch
SFO,MCO,AS1656,327,https://2lnr.com/routes/sfo-mco,no independent flight-route evidence
SFO,MCO,AS368,327,https://2lnr.com/routes/sfo-mco,flight-route mismatch
SFO,MCO,AS368,327,https://2lnr.com/routes/sfo-mco,flight-route mismatch
SFO,MCO,AS368,327,https://2lnr.com/routes/sfo-mco,flight-route mismatch
SFO,MCO,AS368,327,https://2lnr.com/routes/sfo-mco,flight-route mismatch
SFO,MIA,AA1400,324,https://2lnr.com/routes/sfo-mia,flight-route mismatch
SFO,MIA,AA1934,340,https://2lnr.com/routes/sfo-mia,flight-route mismatch
SFO,MIA,AA2347,330,https://2lnr.com/routes/sfo-mia,flight-route mismatch
SFO,MIA,AA2347,324,https://2lnr.com/routes/sfo-mia,flight-route mismatch
SFO,MSP,UA5951,230,https://2lnr.com/routes/sfo-msp,flight-route mismatch
SFO,ORD,UA1147,277,https://2lnr.com/routes/sfo-ord,flight-route mismatch
SFO,ORD,UA1482,270,https://2lnr.com/routes/sfo-ord,flight-route mismatch
SFO,ORD,UA1958,257,https://2lnr.com/routes/sfo-ord,flight-route mismatch
SFO,ORD,UA2343,265,https://2lnr.com/routes/sfo-ord,flight-route mismatch
SFO,PDX,AS1867,109,https://2lnr.com/routes/sfo-pdx,flight-route mismatch
SFO,PDX,AS1867,109,https://2lnr.com/routes/sfo-pdx,flight-route mismatch
SFO,PDX,AS2023,109,https://2lnr.com/routes/sfo-pdx,no independent flight-route evidence
SFO,PDX,UA1227,115,https://2lnr.com/routes/sfo-pdx,flight-route mismatch
SFO,PDX,UA5777,120,https://2lnr.com/routes/sfo-pdx,no independent flight-route evidence
SFO,PHL,AA2964,330,https://2lnr.com/routes/sfo-phl,flight-route mismatch
SFO,PHX,AA6306,131,https://2lnr.com/routes/sfo-phx,no independent flight-route evidence
SFO,PHX,AA6404,133,https://2lnr.com/routes/sfo-phx,no independent flight-route evidence
SFO,PHX,AA6404,132,https://2lnr.com/routes/sfo-phx,no independent flight-route evidence
SFO,PHX,UA1375,130,https://2lnr.com/routes/sfo-phx,flight-route mismatch
SFO,PHX,UA1375,130,https://2lnr.com/routes/sfo-phx,flight-route mismatch
SFO,PHX,UA5460,138,https://2lnr.com/routes/sfo-phx,flight-route mismatch
SFO,PHX,UA5460,140,https://2lnr.com/routes/sfo-phx,flight-route mismatch
SFO,PHX,UA5460,143,https://2lnr.com/routes/sfo-phx,flight-route mismatch
SFO,SAL,AV559,335,https://2lnr.com/routes/sfo-sal,no independent flight-route evidence
SFO,SAL,AV561,335,https://2lnr.com/routes/sfo-sal,no independent flight-route evidence
SFO,SAL,AV563,335,https://2lnr.com/routes/sfo-sal,no independent flight-route evidence
SFO,SAL,AV563,335,https://2lnr.com/routes/sfo-sal,no independent flight-route evidence
SFO,SAN,AS1330,106,https://2lnr.com/routes/sfo-san,flight-route mismatch
SFO,SAN,AS1485,106,https://2lnr.com/routes/sfo-san,flight-route mismatch
SFO,SAN,AS1492,106,https://2lnr.com/routes/sfo-san,flight-route mismatch
SFO,SAN,AS2493,99,https://2lnr.com/routes/sfo-san,no independent flight-route evidence
SFO,SAN,AS3306,106,https://2lnr.com/routes/sfo-san,no independent flight-route evidence
SFO,SAN,AS3306,104,https://2lnr.com/routes/sfo-san,no independent flight-route evidence
SFO,SAN,AS3490,108,https://2lnr.com/routes/sfo-san,no independent flight-route evidence
SFO,SAN,AS501,102,https://2lnr.com/routes/sfo-san,flight-route mismatch
SFO,SAN,AS501,102,https://2lnr.com/routes/sfo-san,flight-route mismatch
SFO,SAN,AS740,103,https://2lnr.com/routes/sfo-san,flight-route mismatch
SFO,SAN,AS769,106,https://2lnr.com/routes/sfo-san,flight-route mismatch
SFO,SAN,AS769,106,https://2lnr.com/routes/sfo-san,flight-route mismatch
SFO,SAN,UA1561,108,https://2lnr.com/routes/sfo-san,flight-route mismatch
SFO,SAN,UA1577,110,https://2lnr.com/routes/sfo-san,flight-route mismatch
SFO,SAN,UA2260,110,https://2lnr.com/routes/sfo-san,flight-route mismatch
SFO,SEA,AS1646,135,https://2lnr.com/routes/sfo-sea,flight-route mismatch
SFO,SEA,DL3707,143,https://2lnr.com/routes/sfo-sea,no independent flight-route evidence
SFO,SEA,DL3991,135,https://2lnr.com/routes/sfo-sea,no independent flight-route evidence
SFO,SEA,UA1097,146,https://2lnr.com/routes/sfo-sea,flight-route mismatch
SFO,SEA,UA500,135,https://2lnr.com/routes/sfo-sea,flight-route mismatch
SFO,SEA,UA5579,150,https://2lnr.com/routes/sfo-sea,flight-route mismatch
SFO,SEA,UA5790,147,https://2lnr.com/routes/sfo-sea,flight-route mismatch
SFO,SEA,UA5842,149,https://2lnr.com/routes/sfo-sea,flight-route mismatch
SFO,SLC,DL1956,108,https://2lnr.com/routes/sfo-slc,flight-route mismatch
SFO,SLC,UA1552,119,https://2lnr.com/routes/sfo-slc,flight-route mismatch
SFO,SLC,UA520,119,https://2lnr.com/routes/sfo-slc,flight-route mismatch
SFO,SLC,UA5590,126,https://2lnr.com/routes/sfo-slc,flight-route mismatch
SFO,SLC,UA5753,126,https://2lnr.com/routes/sfo-slc,flight-route mismatch
SFO,SLC,UA5908,120,https://2lnr.com/routes/sfo-slc,flight-route mismatch
SFO,SLC,UA5908,125,https://2lnr.com/routes/sfo-slc,flight-route mismatch
SFO,TPA,UA1125,319,https://2lnr.com/routes/sfo-tpa,flight-route mismatch
SFO,TPA,UA2830,322,https://2lnr.com/routes/sfo-tpa,flight-route mismatch
SFO,WAW,LO38,685,https://2lnr.com/routes/sfo-waw,no independent flight-route evidence
SFO,WAW,LO38,685,https://2lnr.com/routes/sfo-waw,no independent flight-route evidence
SFO,YEG,AC8558,183,https://2lnr.com/routes/sfo-yeg,flight-route mismatch
SFO,YVR,AC1769,137,https://2lnr.com/routes/sfo-yvr,flight-route mismatch
SFO,YVR,AC8841,135,https://2lnr.com/routes/sfo-yvr,no independent flight-route evidence
SFO,YYC,WS1499,160,https://2lnr.com/routes/sfo-yyc,flight-route mismatch
SFO,YYC,WS1499,160,https://2lnr.com/routes/sfo-yyc,flight-route mismatch
SFO,YYC,WS1499,160,https://2lnr.com/routes/sfo-yyc,flight-route mismatch
SGN,CMB,VJ1875,305,https://2lnr.com/routes/sgn-cmb,no independent flight-route evidence
SGN,CMB,VN671,320,https://2lnr.com/routes/sgn-cmb,no independent flight-route evidence
SGN,DAD,9G956,85,https://2lnr.com/routes/sgn-dad,no independent flight-route evidence
SGN,DAD,9G984,85,https://2lnr.com/routes/sgn-dad,no independent flight-route evidence
SGN,DAD,VN6036,90,https://2lnr.com/routes/sgn-dad,no independent flight-route evidence
SGN,HAN,9G846,130,https://2lnr.com/routes/sgn-han,no independent flight-route evidence
SGN,TFU,3U3904,215,https://2lnr.com/routes/sgn-tfu,flight-route mismatch
SGN,TFU,3U3904,215,https://2lnr.com/routes/sgn-tfu,flight-route mismatch
SGN,TFU,9G640,210,https://2lnr.com/routes/sgn-tfu,flight-route mismatch
SGN,VTE,VN920,210,https://2lnr.com/routes/sgn-vte,independently confirmed stopover
SHA,CKG,SC7956,175,https://2lnr.com/routes/sha-ckg,flight-route mismatch
SHA,TFU,HO1057,200,https://2lnr.com/routes/sha-tfu,flight-route mismatch
SHA,TFU,HO1057,200,https://2lnr.com/routes/sha-tfu,flight-route mismatch
SHA,TFU,HO1059,195,https://2lnr.com/routes/sha-tfu,flight-route mismatch
SHA,TFU,HO1059,195,https://2lnr.com/routes/sha-tfu,flight-route mismatch
SHA,TFU,HO1097,185,https://2lnr.com/routes/sha-tfu,flight-route mismatch
SHA,TFU,HO1097,185,https://2lnr.com/routes/sha-tfu,flight-route mismatch
SHA,TFU,MU9181,185,https://2lnr.com/routes/sha-tfu,flight-route mismatch
SHA,TFU,MU9183,185,https://2lnr.com/routes/sha-tfu,flight-route mismatch
SHA,TFU,MU9185,190,https://2lnr.com/routes/sha-tfu,flight-route mismatch
SHA,TFU,MU9187,195,https://2lnr.com/routes/sha-tfu,flight-route mismatch
SHA,TFU,MU9197,175,https://2lnr.com/routes/sha-tfu,flight-route mismatch
SIN,CKG,OQ2094,300,https://2lnr.com/routes/sin-ckg,flight-route mismatch
SIN,CKG,PN6426,300,https://2lnr.com/routes/sin-ckg,flight-route mismatch
SIN,CMB,SQ462,235,https://2lnr.com/routes/sin-cmb,flight-route mismatch
SIN,CPT,SQ478,850,https://2lnr.com/routes/sin-cpt,independently confirmed stopover
SIN,DAC,BG585,255,https://2lnr.com/routes/sin-dac,flight-route mismatch
SIN,DAC,BS308,265,https://2lnr.com/routes/sin-dac,flight-route mismatch
SIN,DAC,BS310,250,https://2lnr.com/routes/sin-dac,flight-route mismatch
SIN,DAC,SQ446,240,https://2lnr.com/routes/sin-dac,flight-route mismatch
SIN,DAD,TR510,165,https://2lnr.com/routes/sin-dad,flight-route mismatch
SIN,HAN,TR514,205,https://2lnr.com/routes/sin-han,flight-route mismatch
SIN,HAN,TR532,205,https://2lnr.com/routes/sin-han,no independent flight-route evidence
SIN,HKT,TR644,125,https://2lnr.com/routes/sin-hkt,no independent flight-route evidence
SIN,HKT,TR644,115,https://2lnr.com/routes/sin-hkt,no independent flight-route evidence
SIN,HKT,TR644,125,https://2lnr.com/routes/sin-hkt,no independent flight-route evidence
SIN,IST,TK519,675,https://2lnr.com/routes/sin-ist,no independent flight-route evidence
SIN,JED,TR796,555,https://2lnr.com/routes/sin-jed,flight-route mismatch
SIN,MNL,TR586,240,https://2lnr.com/routes/sin-mnl,flight-route mismatch
SIN,NKG,MF8686,310,https://2lnr.com/routes/sin-nkg,flight-route mismatch
SIN,PER,TR4,310,https://2lnr.com/routes/sin-per,no independent flight-route evidence
SIN,RUH,SQ498,505,https://2lnr.com/routes/sin-ruh,no independent flight-route evidence
SIN,TFU,3U3910,280,https://2lnr.com/routes/sin-tfu,flight-route mismatch
SIN,TFU,3U3920,285,https://2lnr.com/routes/sin-tfu,flight-route mismatch
SIN,TFU,CA404,290,https://2lnr.com/routes/sin-tfu,flight-route mismatch
SIN,TFU,SQ842,285,https://2lnr.com/routes/sin-tfu,flight-route mismatch
SJO,BOG,AV691,130,https://2lnr.com/routes/sjo-bog,no independent flight-route evidence
SJO,BOG,AV693,130,https://2lnr.com/routes/sjo-bog,no independent flight-route evidence
SJO,BOG,AV693,130,https://2lnr.com/routes/sjo-bog,no independent flight-route evidence
SJO,BOG,AV697,125,https://2lnr.com/routes/sjo-bog,no independent flight-route evidence
SJO,BOG,AV699,125,https://2lnr.com/routes/sjo-bog,no independent flight-route evidence
SJO,GUA,AV640,90,https://2lnr.com/routes/sjo-gua,no independent flight-route evidence
SJO,GUA,AV650,90,https://2lnr.com/routes/sjo-gua,no independent flight-route evidence
SJO,GUA,AV652,95,https://2lnr.com/routes/sjo-gua,no independent flight-route evidence
SJO,GUA,AV654,95,https://2lnr.com/routes/sjo-gua,no independent flight-route evidence
SJO,GYE,AV635,140,https://2lnr.com/routes/sjo-gye,no independent flight-route evidence
SJO,LIM,LA2409,225,https://2lnr.com/routes/sjo-lim,no independent flight-route evidence
SJO,MAD,E9858,615,https://2lnr.com/routes/sjo-mad,no independent flight-route evidence
SJO,MAD,E9858,615,https://2lnr.com/routes/sjo-mad,no independent flight-route evidence
SJO,MEX,AV632,180,https://2lnr.com/routes/sjo-mex,no independent flight-route evidence
SJO,MEX,AV632,180,https://2lnr.com/routes/sjo-mex,no independent flight-route evidence
SJO,MIA,AA318,189,https://2lnr.com/routes/sjo-mia,flight-route mismatch
SJO,MIA,AA332,188,https://2lnr.com/routes/sjo-mia,flight-route mismatch
SJO,MIA,AV604,175,https://2lnr.com/routes/sjo-mia,no independent flight-route evidence
SJO,PTY,AV322,75,https://2lnr.com/routes/sjo-pty,no independent flight-route evidence
SJO,PTY,AV322,75,https://2lnr.com/routes/sjo-pty,no independent flight-route evidence
SJO,SAL,AV312,80,https://2lnr.com/routes/sjo-sal,no independent flight-route evidence
SJO,SAL,AV312,80,https://2lnr.com/routes/sjo-sal,no independent flight-route evidence
SJO,SAL,AV318,75,https://2lnr.com/routes/sjo-sal,no independent flight-route evidence
SJO,SAL,AV610,80,https://2lnr.com/routes/sjo-sal,no independent flight-route evidence
SJO,SAL,AV626,80,https://2lnr.com/routes/sjo-sal,no independent flight-route evidence
SJO,SAL,AV626,80,https://2lnr.com/routes/sjo-sal,no independent flight-route evidence
SJO,UIO,AV647,130,https://2lnr.com/routes/sjo-uio,no independent flight-route evidence
SJO,YYZ,AC2104,325,https://2lnr.com/routes/sjo-yyz,flight-route mismatch
SJU,BOS,B62962,248,https://2lnr.com/routes/sju-bos,flight-route mismatch
SJU,CLT,AA3187,235,https://2lnr.com/routes/sju-clt,flight-route mismatch
SJU,CLT,AA3187,236,https://2lnr.com/routes/sju-clt,flight-route mismatch
SJU,DFW,AA3024,325,https://2lnr.com/routes/sju-dfw,flight-route mismatch
SJU,JFK,DL1877,258,https://2lnr.com/routes/sju-jfk,flight-route mismatch
SJU,JFK,DL1877,255,https://2lnr.com/routes/sju-jfk,flight-route mismatch
SJU,JFK,DL1877,245,https://2lnr.com/routes/sju-jfk,flight-route mismatch
SJU,JFK,DL1877,244,https://2lnr.com/routes/sju-jfk,flight-route mismatch
SJU,MEX,AM787,313,https://2lnr.com/routes/sju-mex,flight-route mismatch
SJU,MIA,AA1251,174,https://2lnr.com/routes/sju-mia,flight-route mismatch
SJU,MIA,AA1251,171,https://2lnr.com/routes/sju-mia,flight-route mismatch
SJU,MIA,AA1852,170,https://2lnr.com/routes/sju-mia,flight-route mismatch
SJU,MIA,AA1976,172,https://2lnr.com/routes/sju-mia,flight-route mismatch
SJU,MIA,AA3228,178,https://2lnr.com/routes/sju-mia,flight-route mismatch
SJU,ORD,AA1865,336,https://2lnr.com/routes/sju-ord,flight-route mismatch
SJU,PHL,AA1977,247,https://2lnr.com/routes/sju-phl,flight-route mismatch
SJU,PHL,AA3025,252,https://2lnr.com/routes/sju-phl,flight-route mismatch
SJU,PHL,AA3157,253,https://2lnr.com/routes/sju-phl,flight-route mismatch
SLC,ATL,DL8770,220,https://2lnr.com/routes/slc-atl,flight-route mismatch
SLC,CLT,AA2819,232,https://2lnr.com/routes/slc-clt,flight-route mismatch
SLC,DEN,UA1955,101,https://2lnr.com/routes/slc-den,flight-route mismatch
SLC,DEN,UA4720,107,https://2lnr.com/routes/slc-den,flight-route mismatch
SLC,DEN,UA5642,126,https://2lnr.com/routes/slc-den,flight-route mismatch
SLC,DEN,UA5683,95,https://2lnr.com/routes/slc-den,flight-route mismatch
SLC,DEN,UA5752,107,https://2lnr.com/routes/slc-den,flight-route mismatch
SLC,DTW,DL8770,210,https://2lnr.com/routes/slc-dtw,flight-route mismatch
SLC,DTW,DL8802,210,https://2lnr.com/routes/slc-dtw,flight-route mismatch
SLC,EWR,DL2012,261,https://2lnr.com/routes/slc-ewr,flight-route mismatch
SLC,FLL,DL2036,277,https://2lnr.com/routes/slc-fll,flight-route mismatch
SLC,HNL,AS714,394,https://2lnr.com/routes/slc-hnl,flight-route mismatch
SLC,HNL,AS714,394,https://2lnr.com/routes/slc-hnl,flight-route mismatch
SLC,HNL,DL861,398,https://2lnr.com/routes/slc-hnl,flight-route mismatch
SLC,IAH,DL2376,182,https://2lnr.com/routes/slc-iah,flight-route mismatch
SLC,IAH,UA4062,194,https://2lnr.com/routes/slc-iah,flight-route mismatch
SLC,IAH,UA5545,201,https://2lnr.com/routes/slc-iah,flight-route mismatch
SLC,LAX,UA5380,140,https://2lnr.com/routes/slc-lax,flight-route mismatch
SLC,LAX,UA5408,130,https://2lnr.com/routes/slc-lax,flight-route mismatch
SLC,LAX,UA5408,141,https://2lnr.com/routes/slc-lax,flight-route mismatch
SLC,LAX,UA5916,132,https://2lnr.com/routes/slc-lax,flight-route mismatch
SLC,LAX,UA5916,134,https://2lnr.com/routes/slc-lax,flight-route mismatch
SLC,MCO,DL1691,264,https://2lnr.com/routes/slc-mco,flight-route mismatch
SLC,MSP,SY1654,146,https://2lnr.com/routes/slc-msp,no independent flight-route evidence
SLC,ORD,AA1991,202,https://2lnr.com/routes/slc-ord,flight-route mismatch
SLC,PDX,AS3308,131,https://2lnr.com/routes/slc-pdx,no independent flight-route evidence
SLC,PDX,AS3430,124,https://2lnr.com/routes/slc-pdx,no independent flight-route evidence
SLC,PDX,AS446,120,https://2lnr.com/routes/slc-pdx,flight-route mismatch
SLC,PDX,AS446,120,https://2lnr.com/routes/slc-pdx,flight-route mismatch
SLC,PDX,AS446,120,https://2lnr.com/routes/slc-pdx,flight-route mismatch
SLC,PHL,AA2337,256,https://2lnr.com/routes/slc-phl,flight-route mismatch
SLC,PHX,AA3103,101,https://2lnr.com/routes/slc-phx,flight-route mismatch
SLC,PHX,AA6327,110,https://2lnr.com/routes/slc-phx,no independent flight-route evidence
SLC,PHX,AA6327,113,https://2lnr.com/routes/slc-phx,no independent flight-route evidence
SLC,PHX,AA6422,112,https://2lnr.com/routes/slc-phx,no independent flight-route evidence
SLC,PHX,AA6422,105,https://2lnr.com/routes/slc-phx,no independent flight-route evidence
SLC,PHX,AA6462,114,https://2lnr.com/routes/slc-phx,no independent flight-route evidence
SLC,PHX,AA6462,112,https://2lnr.com/routes/slc-phx,no independent flight-route evidence
SLC,PHX,AA6462,111,https://2lnr.com/routes/slc-phx,no independent flight-route evidence
SLC,SAN,AS3018,127,https://2lnr.com/routes/slc-san,no independent flight-route evidence
SLC,SAN,AS3019,128,https://2lnr.com/routes/slc-san,no independent flight-route evidence
SLC,SAN,AS3119,124,https://2lnr.com/routes/slc-san,no independent flight-route evidence
SLC,SEA,AS1479,140,https://2lnr.com/routes/slc-sea,flight-route mismatch
SLC,SEA,AS3344,141,https://2lnr.com/routes/slc-sea,no independent flight-route evidence
SLC,SEA,AS719,140,https://2lnr.com/routes/slc-sea,flight-route mismatch
SLC,SEA,AS719,140,https://2lnr.com/routes/slc-sea,flight-route mismatch
SLC,SEA,AS719,140,https://2lnr.com/routes/slc-sea,flight-route mismatch
SLC,SFO,UA1552,133,https://2lnr.com/routes/slc-sfo,flight-route mismatch
SLC,SFO,UA4763,145,https://2lnr.com/routes/slc-sfo,flight-route mismatch
SLC,SFO,UA5457,138,https://2lnr.com/routes/slc-sfo,flight-route mismatch
SLC,SFO,UA5530,138,https://2lnr.com/routes/slc-sfo,flight-route mismatch
SLC,SFO,UA5970,153,https://2lnr.com/routes/slc-sfo,flight-route mismatch
SLC,YVR,DL3584,149,https://2lnr.com/routes/slc-yvr,no independent flight-route evidence
SLC,YVR,DL3584,151,https://2lnr.com/routes/slc-yvr,no independent flight-route evidence
SLC,YVR,DL3711,156,https://2lnr.com/routes/slc-yvr,no independent flight-route evidence
SLC,YYC,DL3705,138,https://2lnr.com/routes/slc-yyc,no independent flight-route evidence
SLC,YYC,DL3705,142,https://2lnr.com/routes/slc-yyc,no independent flight-route evidence
SLC,YYC,DL4113,131,https://2lnr.com/routes/slc-yyc,no independent flight-route evidence
SLC,YYC,DL4113,129,https://2lnr.com/routes/slc-yyc,no independent flight-route evidence
SLC,YYC,DL4113,134,https://2lnr.com/routes/slc-yyc,no independent flight-route evidence
SSA,BSB,G31683,120,https://2lnr.com/routes/ssa-bsb,flight-route mismatch
SSA,BSB,LA3777,115,https://2lnr.com/routes/ssa-bsb,no independent flight-route evidence
SSA,BSB,LA3777,115,https://2lnr.com/routes/ssa-bsb,no independent flight-route evidence
SSA,BSB,LA3809,120,https://2lnr.com/routes/ssa-bsb,no independent flight-route evidence
SSA,BSB,LA3809,120,https://2lnr.com/routes/ssa-bsb,no independent flight-route evidence
SSA,BSB,LA3811,120,https://2lnr.com/routes/ssa-bsb,no independent flight-route evidence
SSA,BSB,LA3817,125,https://2lnr.com/routes/ssa-bsb,flight-route mismatch
SSA,BSB,LA3817,125,https://2lnr.com/routes/ssa-bsb,flight-route mismatch
SSA,CNF,AD4250,160,https://2lnr.com/routes/ssa-cnf,flight-route mismatch
SSA,FOR,LA3486,110,https://2lnr.com/routes/ssa-for,no independent flight-route evidence
SSA,FOR,LA3649,110,https://2lnr.com/routes/ssa-for,no independent flight-route evidence
SSA,GIG,LA3349,130,https://2lnr.com/routes/ssa-gig,no independent flight-route evidence
SSA,GRU,LA3351,150,https://2lnr.com/routes/ssa-gru,no independent flight-route evidence
SSA,GRU,LA3351,150,https://2lnr.com/routes/ssa-gru,no independent flight-route evidence
SSA,GRU,LA3353,150,https://2lnr.com/routes/ssa-gru,no independent flight-route evidence
SSA,GRU,LA3353,150,https://2lnr.com/routes/ssa-gru,no independent flight-route evidence
SSA,GRU,LA3359,150,https://2lnr.com/routes/ssa-gru,no independent flight-route evidence
SSA,GRU,LA3359,150,https://2lnr.com/routes/ssa-gru,no independent flight-route evidence
SSA,GRU,LA3381,150,https://2lnr.com/routes/ssa-gru,no independent flight-route evidence
SSA,GRU,LA3549,150,https://2lnr.com/routes/ssa-gru,no independent flight-route evidence
SSA,GRU,LA3549,160,https://2lnr.com/routes/ssa-gru,no independent flight-route evidence
SSA,GRU,LA3549,150,https://2lnr.com/routes/ssa-gru,no independent flight-route evidence
SSA,GRU,LA3653,150,https://2lnr.com/routes/ssa-gru,no independent flight-route evidence
SSA,GRU,LA3653,150,https://2lnr.com/routes/ssa-gru,no independent flight-route evidence
SSA,GRU,LA4675,150,https://2lnr.com/routes/ssa-gru,no independent flight-route evidence
SSA,GRU,LA4675,145,https://2lnr.com/routes/ssa-gru,no independent flight-route evidence
SSA,REC,AD2698,80,https://2lnr.com/routes/ssa-rec,flight-route mismatch
SUB,CGK,ID6710,90,https://2lnr.com/routes/sub-cgk,flight-route mismatch
SUB,CGK,ID6820,90,https://2lnr.com/routes/sub-cgk,flight-route mismatch
SUB,CGK,ID6824,90,https://2lnr.com/routes/sub-cgk,flight-route mismatch
SUB,DPS,8B5371,60,https://2lnr.com/routes/sub-dps,no independent flight-route evidence
SUB,DPS,8B5377,65,https://2lnr.com/routes/sub-dps,no independent flight-route evidence
SUB,DPS,JT802,60,https://2lnr.com/routes/sub-dps,no independent flight-route evidence
SUB,HKG,HB212,285,https://2lnr.com/routes/sub-hkg,no independent flight-route evidence
SUB,SZX,CZ8342,330,https://2lnr.com/routes/sub-szx,flight-route mismatch
SVO,BAH,GF13,385,https://2lnr.com/routes/svo-bah,flight-route mismatch
SVO,CMN,AT223,375,https://2lnr.com/routes/svo-cmn,flight-route mismatch
SVO,TFU,3U3888,460,https://2lnr.com/routes/svo-tfu,flight-route mismatch
SVO,TFU,3U3888,465,https://2lnr.com/routes/svo-tfu,flight-route mismatch
SYD,AKL,NZ1308,180,https://2lnr.com/routes/syd-akl,flight-route mismatch
SYD,AKL,NZ1308,190,https://2lnr.com/routes/syd-akl,flight-route mismatch
SYD,AKL,NZ1314,190,https://2lnr.com/routes/syd-akl,no independent flight-route evidence
SYD,AKL,NZ1316,190,https://2lnr.com/routes/syd-akl,no independent flight-route evidence
SYD,BNE,VA929,90,https://2lnr.com/routes/syd-bne,no independent flight-route evidence
SYD,DOH,VA1,890,https://2lnr.com/routes/syd-doh,flight-route mismatch
SYD,HKG,QF87,585,https://2lnr.com/routes/syd-hkg,flight-route mismatch
SYD,LAX,AA9600,835,https://2lnr.com/routes/syd-lax,no independent flight-route evidence
SYD,PEK,CA564,705,https://2lnr.com/routes/syd-pek,flight-route mismatch
SYD,TFU,3U3892,655,https://2lnr.com/routes/syd-tfu,flight-route mismatch
SZX,SUB,CZ8341,315,https://2lnr.com/routes/szx-sub,flight-route mismatch
SZX,TFU,3U6796,135,https://2lnr.com/routes/szx-tfu,flight-route mismatch
SZX,TFU,3U6796,140,https://2lnr.com/routes/szx-tfu,flight-route mismatch
SZX,TFU,CA4330,140,https://2lnr.com/routes/szx-tfu,flight-route mismatch
SZX,TFU,CZ3433,145,https://2lnr.com/routes/szx-tfu,flight-route mismatch
SZX,TFU,CZ3433,155,https://2lnr.com/routes/szx-tfu,flight-route mismatch
SZX,TFU,CZ3621,155,https://2lnr.com/routes/szx-tfu,flight-route mismatch
SZX,TFU,CZ3621,155,https://2lnr.com/routes/szx-tfu,flight-route mismatch
SZX,TFU,CZ8477,155,https://2lnr.com/routes/szx-tfu,flight-route mismatch
SZX,TFU,CZ8477,155,https://2lnr.com/routes/szx-tfu,flight-route mismatch
SZX,TFU,DZ6239,125,https://2lnr.com/routes/szx-tfu,flight-route mismatch
SZX,TFU,HU7175,150,https://2lnr.com/routes/szx-tfu,flight-route mismatch
SZX,TFU,HU7175,150,https://2lnr.com/routes/szx-tfu,flight-route mismatch
SZX,TFU,HU7275,155,https://2lnr.com/routes/szx-tfu,flight-route mismatch
SZX,TFU,HU7275,150,https://2lnr.com/routes/szx-tfu,flight-route mismatch
SZX,TFU,HU7375,150,https://2lnr.com/routes/szx-tfu,flight-route mismatch
SZX,TFU,HU7475,155,https://2lnr.com/routes/szx-tfu,flight-route mismatch
SZX,TFU,ZH9415,145,https://2lnr.com/routes/szx-tfu,flight-route mismatch
SZX,TFU,ZH9415,140,https://2lnr.com/routes/szx-tfu,flight-route mismatch
TAO,DLC,QW9883,70,https://2lnr.com/routes/tao-dlc,no independent flight-route evidence
TAO,HGH,JD472,105,https://2lnr.com/routes/tao-hgh,flight-route mismatch
TAO,SHA,HO1114,100,https://2lnr.com/routes/tao-sha,flight-route mismatch
TAO,TFU,3U6926,175,https://2lnr.com/routes/tao-tfu,flight-route mismatch
TAO,TFU,8L9710,170,https://2lnr.com/routes/tao-tfu,flight-route mismatch
TAO,TFU,8L9710,190,https://2lnr.com/routes/tao-tfu,flight-route mismatch
TAO,TFU,8L9710,180,https://2lnr.com/routes/tao-tfu,flight-route mismatch
TAO,TFU,CA2612,190,https://2lnr.com/routes/tao-tfu,flight-route mismatch
TAO,TFU,CA2612,190,https://2lnr.com/routes/tao-tfu,flight-route mismatch
TAO,TFU,KN5132,195,https://2lnr.com/routes/tao-tfu,flight-route mismatch
TAO,TFU,MU6117,175,https://2lnr.com/routes/tao-tfu,flight-route mismatch
TAO,TFU,MU9862,170,https://2lnr.com/routes/tao-tfu,flight-route mismatch
TAO,TFU,QW9771,180,https://2lnr.com/routes/tao-tfu,flight-route mismatch
TAO,TFU,QW9771,180,https://2lnr.com/routes/tao-tfu,flight-route mismatch
TAO,TFU,SC4849,185,https://2lnr.com/routes/tao-tfu,flight-route mismatch
TAO,TFU,SC4849,185,https://2lnr.com/routes/tao-tfu,flight-route mismatch
TAO,TFU,SC4851,180,https://2lnr.com/routes/tao-tfu,flight-route mismatch
TAO,TFU,SC4853,180,https://2lnr.com/routes/tao-tfu,flight-route mismatch
TAS,AMM,RJ197,330,https://2lnr.com/routes/tas-amm,flight-route mismatch
TAS,AUH,EY831,230,https://2lnr.com/routes/tas-auh,flight-route mismatch
TAS,AUH,EY831,230,https://2lnr.com/routes/tas-auh,flight-route mismatch
TAS,ISB,HY465,120,https://2lnr.com/routes/tas-isb,flight-route mismatch
TAS,TFU,GJ8976,315,https://2lnr.com/routes/tas-tfu,flight-route mismatch
TAS,TLV,HH545,330,https://2lnr.com/routes/tas-tlv,no independent flight-route evidence
TBS,ATH,GQ785,180,https://2lnr.com/routes/tbs-ath,no independent flight-route evidence
TBS,DXB,FZ714,190,https://2lnr.com/routes/tbs-dxb,no independent flight-route evidence
TBS,DXB,FZ714,245,https://2lnr.com/routes/tbs-dxb,no independent flight-route evidence
TBS,GVA,U21550,285,https://2lnr.com/routes/tbs-gva,no independent flight-route evidence
TBS,IST,TK377,150,https://2lnr.com/routes/tbs-ist,no independent flight-route evidence
TBS,IST,TK377,150,https://2lnr.com/routes/tbs-ist,no independent flight-route evidence
TBS,IST,TK379,155,https://2lnr.com/routes/tbs-ist,no independent flight-route evidence
TBS,IST,TK379,160,https://2lnr.com/routes/tbs-ist,no independent flight-route evidence
TBS,IST,TK379,155,https://2lnr.com/routes/tbs-ist,no independent flight-route evidence
TBS,IST,TK385,155,https://2lnr.com/routes/tbs-ist,flight-route mismatch
TBS,IST,TK385,155,https://2lnr.com/routes/tbs-ist,flight-route mismatch
TBS,IST,TK385,155,https://2lnr.com/routes/tbs-ist,flight-route mismatch
TBS,IST,TK387,145,https://2lnr.com/routes/tbs-ist,flight-route mismatch
TBS,IST,TK387,145,https://2lnr.com/routes/tbs-ist,flight-route mismatch
TBS,IST,TK387,145,https://2lnr.com/routes/tbs-ist,flight-route mismatch
TBS,IST,TK387,150,https://2lnr.com/routes/tbs-ist,flight-route mismatch
TBS,IST,TK387,150,https://2lnr.com/routes/tbs-ist,flight-route mismatch
TBS,KWI,KU192,230,https://2lnr.com/routes/tbs-kwi,flight-route mismatch
TBS,KWI,KU192,170,https://2lnr.com/routes/tbs-kwi,flight-route mismatch
TBS,MXP,U23998,275,https://2lnr.com/routes/tbs-mxp,no independent flight-route evidence
TBS,TLV,6H900,160,https://2lnr.com/routes/tbs-tlv,no independent flight-route evidence
TBS,TLV,LY5418,160,https://2lnr.com/routes/tbs-tlv,flight-route mismatch
TFU,ADD,ET637,560,https://2lnr.com/routes/tfu-add,flight-route mismatch
TFU,ADD,ET637,560,https://2lnr.com/routes/tfu-add,flight-route mismatch
TFU,ALA,CA455,290,https://2lnr.com/routes/tfu-ala,flight-route mismatch
TFU,BKK,3U3935,190,https://2lnr.com/routes/tfu-bkk,flight-route mismatch
TFU,BKK,3U3937,185,https://2lnr.com/routes/tfu-bkk,flight-route mismatch
TFU,BKK,CA471,195,https://2lnr.com/routes/tfu-bkk,flight-route mismatch
TFU,BKK,CA471,195,https://2lnr.com/routes/tfu-bkk,flight-route mismatch
TFU,BKK,MU5035,185,https://2lnr.com/routes/tfu-bkk,flight-route mismatch
TFU,BKK,MU5035,185,https://2lnr.com/routes/tfu-bkk,flight-route mismatch
TFU,BKK,TG619,185,https://2lnr.com/routes/tfu-bkk,flight-route mismatch
TFU,BRU,CA463,655,https://2lnr.com/routes/tfu-bru,flight-route mismatch
TFU,CAI,3U3863,625,https://2lnr.com/routes/tfu-cai,flight-route mismatch
TFU,CAI,3U3863,625,https://2lnr.com/routes/tfu-cai,flight-route mismatch
TFU,CAN,3U6701,145,https://2lnr.com/routes/tfu-can,flight-route mismatch
TFU,CAN,3U6701,145,https://2lnr.com/routes/tfu-can,flight-route mismatch
TFU,CAN,3U6701,145,https://2lnr.com/routes/tfu-can,flight-route mismatch
TFU,CAN,3U6703,140,https://2lnr.com/routes/tfu-can,flight-route mismatch
TFU,CAN,3U6709,140,https://2lnr.com/routes/tfu-can,flight-route mismatch
TFU,CAN,CA4309,155,https://2lnr.com/routes/tfu-can,flight-route mismatch
TFU,CAN,CA4319,145,https://2lnr.com/routes/tfu-can,flight-route mismatch
TFU,CAN,CA4333,150,https://2lnr.com/routes/tfu-can,flight-route mismatch
TFU,CAN,CA4333,150,https://2lnr.com/routes/tfu-can,flight-route mismatch
TFU,CAN,CZ3476,145,https://2lnr.com/routes/tfu-can,flight-route mismatch
TFU,CAN,HU7152,160,https://2lnr.com/routes/tfu-can,flight-route mismatch
TFU,CAN,HU7152,160,https://2lnr.com/routes/tfu-can,flight-route mismatch
TFU,CAN,HU7252,145,https://2lnr.com/routes/tfu-can,flight-route mismatch
TFU,CAN,HU7252,165,https://2lnr.com/routes/tfu-can,flight-route mismatch
TFU,CAN,JD5162,135,https://2lnr.com/routes/tfu-can,flight-route mismatch
TFU,CAN,MU5321,155,https://2lnr.com/routes/tfu-can,flight-route mismatch
TFU,CAN,MU5321,150,https://2lnr.com/routes/tfu-can,flight-route mismatch
TFU,CAN,MU6142,155,https://2lnr.com/routes/tfu-can,flight-route mismatch
TFU,CAN,MU6185,155,https://2lnr.com/routes/tfu-can,flight-route mismatch
TFU,CAN,MU6185,150,https://2lnr.com/routes/tfu-can,flight-route mismatch
TFU,CAN,MU9893,130,https://2lnr.com/routes/tfu-can,flight-route mismatch
TFU,CAN,ZH9442,160,https://2lnr.com/routes/tfu-can,flight-route mismatch
TFU,CAN,ZH9444,160,https://2lnr.com/routes/tfu-can,flight-route mismatch
TFU,CAN,ZH9446,155,https://2lnr.com/routes/tfu-can,flight-route mismatch
TFU,CDG,CA457,675,https://2lnr.com/routes/tfu-cdg,flight-route mismatch
TFU,CGK,CA475,360,https://2lnr.com/routes/tfu-cgk,flight-route mismatch
TFU,CGO,3U6735,100,https://2lnr.com/routes/tfu-cgo,flight-route mismatch
TFU,CGO,3U6735,100,https://2lnr.com/routes/tfu-cgo,flight-route mismatch
TFU,CGO,3U6735,100,https://2lnr.com/routes/tfu-cgo,flight-route mismatch
TFU,CGO,3U6737,135,https://2lnr.com/routes/tfu-cgo,flight-route mismatch
TFU,CGO,3U6737,125,https://2lnr.com/routes/tfu-cgo,flight-route mismatch
TFU,CGO,8L9687,120,https://2lnr.com/routes/tfu-cgo,flight-route mismatch
TFU,CGO,8L9687,120,https://2lnr.com/routes/tfu-cgo,flight-route mismatch
TFU,CGO,CA2695,115,https://2lnr.com/routes/tfu-cgo,flight-route mismatch
TFU,CGO,CA2695,110,https://2lnr.com/routes/tfu-cgo,flight-route mismatch
TFU,CGO,CA2773,110,https://2lnr.com/routes/tfu-cgo,flight-route mismatch
TFU,CGO,CA2773,115,https://2lnr.com/routes/tfu-cgo,flight-route mismatch
TFU,CGO,CA2773,125,https://2lnr.com/routes/tfu-cgo,flight-route mismatch
TFU,CGO,CA4177,120,https://2lnr.com/routes/tfu-cgo,flight-route mismatch
TFU,CGO,CA4177,120,https://2lnr.com/routes/tfu-cgo,flight-route mismatch
TFU,CGO,CA9559,120,https://2lnr.com/routes/tfu-cgo,flight-route mismatch
TFU,CGO,CZ3474,130,https://2lnr.com/routes/tfu-cgo,flight-route mismatch
TFU,CGO,CZ6472,115,https://2lnr.com/routes/tfu-cgo,flight-route mismatch
TFU,CGO,CZ6474,115,https://2lnr.com/routes/tfu-cgo,flight-route mismatch
TFU,CGO,EU1867,115,https://2lnr.com/routes/tfu-cgo,flight-route mismatch
TFU,CGO,EU1923,115,https://2lnr.com/routes/tfu-cgo,flight-route mismatch
TFU,CGO,QW6101,115,https://2lnr.com/routes/tfu-cgo,flight-route mismatch
TFU,CMB,CA425,345,https://2lnr.com/routes/tfu-cmb,flight-route mismatch
TFU,CSX,3U6741,115,https://2lnr.com/routes/tfu-csx,flight-route mismatch
TFU,CSX,3U6741,115,https://2lnr.com/routes/tfu-csx,flight-route mismatch
TFU,CSX,3U6743,125,https://2lnr.com/routes/tfu-csx,flight-route mismatch
TFU,CSX,3U6743,115,https://2lnr.com/routes/tfu-csx,flight-route mismatch
TFU,CSX,3U6743,115,https://2lnr.com/routes/tfu-csx,flight-route mismatch
TFU,CSX,CA2653,115,https://2lnr.com/routes/tfu-csx,flight-route mismatch
TFU,CSX,CA2653,115,https://2lnr.com/routes/tfu-csx,flight-route mismatch
TFU,CSX,CA4299,120,https://2lnr.com/routes/tfu-csx,flight-route mismatch
TFU,CSX,CA4299,120,https://2lnr.com/routes/tfu-csx,flight-route mismatch
TFU,CSX,CZ3462,120,https://2lnr.com/routes/tfu-csx,flight-route mismatch
TFU,CSX,CZ3808,120,https://2lnr.com/routes/tfu-csx,flight-route mismatch
TFU,CSX,CZ5134,115,https://2lnr.com/routes/tfu-csx,flight-route mismatch
TFU,CSX,CZ5816,125,https://2lnr.com/routes/tfu-csx,flight-route mismatch
TFU,CSX,CZ5976,115,https://2lnr.com/routes/tfu-csx,flight-route mismatch
TFU,CSX,CZ5976,115,https://2lnr.com/routes/tfu-csx,flight-route mismatch
TFU,CSX,EU1801,110,https://2lnr.com/routes/tfu-csx,flight-route mismatch
TFU,CSX,EU2262,115,https://2lnr.com/routes/tfu-csx,flight-route mismatch
TFU,CSX,EU2270,120,https://2lnr.com/routes/tfu-csx,flight-route mismatch
TFU,CSX,MF8626,115,https://2lnr.com/routes/tfu-csx,flight-route mismatch
TFU,CSX,QW6138,115,https://2lnr.com/routes/tfu-csx,flight-route mismatch
TFU,DLC,3U6421,175,https://2lnr.com/routes/tfu-dlc,flight-route mismatch
TFU,DLC,3U6421,175,https://2lnr.com/routes/tfu-dlc,flight-route mismatch
TFU,DLC,3U6421,160,https://2lnr.com/routes/tfu-dlc,flight-route mismatch
TFU,DLC,3U6421,160,https://2lnr.com/routes/tfu-dlc,flight-route mismatch
TFU,DLC,CA8926,175,https://2lnr.com/routes/tfu-dlc,flight-route mismatch
TFU,DLC,CA8926,180,https://2lnr.com/routes/tfu-dlc,flight-route mismatch
TFU,DLC,CA8972,190,https://2lnr.com/routes/tfu-dlc,flight-route mismatch
TFU,DLC,CA8972,185,https://2lnr.com/routes/tfu-dlc,flight-route mismatch
TFU,DLC,CA8982,170,https://2lnr.com/routes/tfu-dlc,flight-route mismatch
TFU,DLC,CZ5362,185,https://2lnr.com/routes/tfu-dlc,flight-route mismatch
TFU,DLC,CZ6434,190,https://2lnr.com/routes/tfu-dlc,flight-route mismatch
TFU,DLC,CZ6434,190,https://2lnr.com/routes/tfu-dlc,flight-route mismatch
TFU,DLC,CZ6436,185,https://2lnr.com/routes/tfu-dlc,flight-route mismatch
TFU,DLC,CZ6436,180,https://2lnr.com/routes/tfu-dlc,flight-route mismatch
TFU,DLC,MU9871,175,https://2lnr.com/routes/tfu-dlc,flight-route mismatch
TFU,DOH,QR861,465,https://2lnr.com/routes/tfu-doh,flight-route mismatch
TFU,DPS,3U3985,395,https://2lnr.com/routes/tfu-dps,flight-route mismatch
TFU,DXB,3U3917,465,https://2lnr.com/routes/tfu-dxb,flight-route mismatch
TFU,FCO,3U3895,680,https://2lnr.com/routes/tfu-fco,flight-route mismatch
TFU,FOC,3U6909,165,https://2lnr.com/routes/tfu-foc,flight-route mismatch
TFU,FOC,3U6909,165,https://2lnr.com/routes/tfu-foc,flight-route mismatch
TFU,FOC,CA9561,160,https://2lnr.com/routes/tfu-foc,no independent flight-route evidence
TFU,FOC,CA9561,160,https://2lnr.com/routes/tfu-foc,no independent flight-route evidence
TFU,FOC,HU6225,170,https://2lnr.com/routes/tfu-foc,flight-route mismatch
TFU,FOC,HU6225,175,https://2lnr.com/routes/tfu-foc,flight-route mismatch
TFU,FOC,MF8436,155,https://2lnr.com/routes/tfu-foc,flight-route mismatch
TFU,FOC,MF8436,160,https://2lnr.com/routes/tfu-foc,flight-route mismatch
TFU,FOC,MF8436,160,https://2lnr.com/routes/tfu-foc,flight-route mismatch
TFU,FOC,MF8456,160,https://2lnr.com/routes/tfu-foc,flight-route mismatch
TFU,FOC,MU2467,265,https://2lnr.com/routes/tfu-foc,flight-route mismatch
TFU,FRA,CA431,660,https://2lnr.com/routes/tfu-fra,flight-route mismatch
TFU,HAN,3U3905,130,https://2lnr.com/routes/tfu-han,flight-route mismatch
TFU,HGH,3U6931,140,https://2lnr.com/routes/tfu-hgh,flight-route mismatch
TFU,HGH,3U6933,145,https://2lnr.com/routes/tfu-hgh,flight-route mismatch
TFU,HGH,3U6933,145,https://2lnr.com/routes/tfu-hgh,flight-route mismatch
TFU,HGH,3U6937,165,https://2lnr.com/routes/tfu-hgh,flight-route mismatch
TFU,HGH,3U6939,155,https://2lnr.com/routes/tfu-hgh,flight-route mismatch
TFU,HGH,CA8340,160,https://2lnr.com/routes/tfu-hgh,flight-route mismatch
TFU,HGH,CA8340,160,https://2lnr.com/routes/tfu-hgh,flight-route mismatch
TFU,HGH,GJ8052,160,https://2lnr.com/routes/tfu-hgh,flight-route mismatch
TFU,HGH,GJ8164,180,https://2lnr.com/routes/tfu-hgh,flight-route mismatch
TFU,HGH,GJ8282,170,https://2lnr.com/routes/tfu-hgh,flight-route mismatch
TFU,HGH,GJ8388,160,https://2lnr.com/routes/tfu-hgh,flight-route mismatch
TFU,HGH,GJ8388,180,https://2lnr.com/routes/tfu-hgh,flight-route mismatch
TFU,HGH,JD5260,155,https://2lnr.com/routes/tfu-hgh,flight-route mismatch
TFU,HGH,MF8492,150,https://2lnr.com/routes/tfu-hgh,flight-route mismatch
TFU,HGH,MF8494,155,https://2lnr.com/routes/tfu-hgh,flight-route mismatch
TFU,HGH,MF8494,150,https://2lnr.com/routes/tfu-hgh,flight-route mismatch
TFU,HGH,MF8496,155,https://2lnr.com/routes/tfu-hgh,flight-route mismatch
TFU,HGH,MU6115,160,https://2lnr.com/routes/tfu-hgh,flight-route mismatch
TFU,HGH,MU6181,160,https://2lnr.com/routes/tfu-hgh,flight-route mismatch
TFU,HGH,MU6183,160,https://2lnr.com/routes/tfu-hgh,flight-route mismatch
TFU,HGH,MU6183,150,https://2lnr.com/routes/tfu-hgh,flight-route mismatch
TFU,HKG,3U3959,160,https://2lnr.com/routes/tfu-hkg,flight-route mismatch
TFU,HKG,CA411,160,https://2lnr.com/routes/tfu-hkg,flight-route mismatch
TFU,HKG,CA427,160,https://2lnr.com/routes/tfu-hkg,flight-route mismatch
TFU,HKG,CX917,180,https://2lnr.com/routes/tfu-hkg,flight-route mismatch
TFU,HKG,CX987,175,https://2lnr.com/routes/tfu-hkg,flight-route mismatch
TFU,HKG,HX453,165,https://2lnr.com/routes/tfu-hkg,flight-route mismatch
TFU,HKG,TV9701,145,https://2lnr.com/routes/tfu-hkg,flight-route mismatch
TFU,HKG,TV9701,155,https://2lnr.com/routes/tfu-hkg,flight-route mismatch
TFU,HKG,ZH8033,160,https://2lnr.com/routes/tfu-hkg,flight-route mismatch
TFU,HKT,3U3931,230,https://2lnr.com/routes/tfu-hkt,flight-route mismatch
TFU,HKT,3U3931,230,https://2lnr.com/routes/tfu-hkt,flight-route mismatch
TFU,HKT,CA413,240,https://2lnr.com/routes/tfu-hkt,flight-route mismatch
TFU,ICN,3U3973,205,https://2lnr.com/routes/tfu-icn,flight-route mismatch
TFU,ICN,CA401,215,https://2lnr.com/routes/tfu-icn,flight-route mismatch
TFU,ICN,CA441,210,https://2lnr.com/routes/tfu-icn,flight-route mismatch
TFU,ICN,OZ324,235,https://2lnr.com/routes/tfu-icn,flight-route mismatch
TFU,ICN,OZ324,235,https://2lnr.com/routes/tfu-icn,flight-route mismatch
TFU,IST,3U3827,595,https://2lnr.com/routes/tfu-ist,flight-route mismatch
TFU,IST,3U3827,595,https://2lnr.com/routes/tfu-ist,flight-route mismatch
TFU,KMG,3U6617,85,https://2lnr.com/routes/tfu-kmg,flight-route mismatch
TFU,KMG,3U6617,85,https://2lnr.com/routes/tfu-kmg,flight-route mismatch
TFU,KMG,3U6619,75,https://2lnr.com/routes/tfu-kmg,flight-route mismatch
TFU,KMG,3U6619,80,https://2lnr.com/routes/tfu-kmg,flight-route mismatch
TFU,KMG,8L9627,90,https://2lnr.com/routes/tfu-kmg,flight-route mismatch
TFU,KMG,8L9627,90,https://2lnr.com/routes/tfu-kmg,flight-route mismatch
TFU,KMG,8L9722,90,https://2lnr.com/routes/tfu-kmg,flight-route mismatch
TFU,KMG,8L9722,90,https://2lnr.com/routes/tfu-kmg,flight-route mismatch
TFU,KMG,8L9946,85,https://2lnr.com/routes/tfu-kmg,flight-route mismatch
TFU,KMG,8L9946,90,https://2lnr.com/routes/tfu-kmg,flight-route mismatch
TFU,KMG,8L9948,90,https://2lnr.com/routes/tfu-kmg,flight-route mismatch
TFU,KMG,8L9948,90,https://2lnr.com/routes/tfu-kmg,flight-route mismatch
TFU,KMG,CA2541,100,https://2lnr.com/routes/tfu-kmg,flight-route mismatch
TFU,KMG,CA2545,90,https://2lnr.com/routes/tfu-kmg,flight-route mismatch
TFU,KMG,CA2545,90,https://2lnr.com/routes/tfu-kmg,flight-route mismatch
TFU,KMG,EU1819,85,https://2lnr.com/routes/tfu-kmg,flight-route mismatch
TFU,KMG,MU5846,85,https://2lnr.com/routes/tfu-kmg,flight-route mismatch
TFU,KMG,MU5846,90,https://2lnr.com/routes/tfu-kmg,flight-route mismatch
TFU,KMG,MU5846,90,https://2lnr.com/routes/tfu-kmg,flight-route mismatch
TFU,KMG,MU5848,80,https://2lnr.com/routes/tfu-kmg,flight-route mismatch
TFU,KMG,MU5854,85,https://2lnr.com/routes/tfu-kmg,flight-route mismatch
TFU,KMG,MU5856,85,https://2lnr.com/routes/tfu-kmg,flight-route mismatch
TFU,KTM,3U3901,235,https://2lnr.com/routes/tfu-ktm,flight-route mismatch
TFU,KTM,CA437,225,https://2lnr.com/routes/tfu-ktm,flight-route mismatch
TFU,KUL,3U3993,280,https://2lnr.com/routes/tfu-kul,flight-route mismatch
TFU,KUL,3U3993,280,https://2lnr.com/routes/tfu-kul,flight-route mismatch
TFU,KUL,3U3995,280,https://2lnr.com/routes/tfu-kul,flight-route mismatch
TFU,KUL,CA483,290,https://2lnr.com/routes/tfu-kul,flight-route mismatch
TFU,KUL,D7321,280,https://2lnr.com/routes/tfu-kul,flight-route mismatch
TFU,KUL,D7327,280,https://2lnr.com/routes/tfu-kul,flight-route mismatch
TFU,KUL,MH527,305,https://2lnr.com/routes/tfu-kul,flight-route mismatch
TFU,KUL,OD673,270,https://2lnr.com/routes/tfu-kul,flight-route mismatch
TFU,KUL,OD673,270,https://2lnr.com/routes/tfu-kul,flight-route mismatch
TFU,LAX,3U3837,800,https://2lnr.com/routes/tfu-lax,flight-route mismatch
TFU,LED,3U3815,495,https://2lnr.com/routes/tfu-led,flight-route mismatch
TFU,LGW,CA629,680,https://2lnr.com/routes/tfu-lgw,flight-route mismatch
TFU,LHR,CA423,680,https://2lnr.com/routes/tfu-lhr,flight-route mismatch
TFU,LHR,CA423,670,https://2lnr.com/routes/tfu-lhr,flight-route mismatch
TFU,MAD,3U3803,730,https://2lnr.com/routes/tfu-mad,flight-route mismatch
TFU,MAD,3U3803,750,https://2lnr.com/routes/tfu-mad,flight-route mismatch
TFU,MAD,3U3803,750,https://2lnr.com/routes/tfu-mad,flight-route mismatch
TFU,MEL,3U3885,650,https://2lnr.com/routes/tfu-mel,flight-route mismatch
TFU,MLE,3U3923,370,https://2lnr.com/routes/tfu-mle,flight-route mismatch
TFU,MNL,CA479,240,https://2lnr.com/routes/tfu-mnl,flight-route mismatch
TFU,MXP,CA445,670,https://2lnr.com/routes/tfu-mxp,flight-route mismatch
TFU,NKG,3U6911,130,https://2lnr.com/routes/tfu-nkg,flight-route mismatch
TFU,NKG,3U6913,145,https://2lnr.com/routes/tfu-nkg,flight-route mismatch
TFU,NKG,3U6915,140,https://2lnr.com/routes/tfu-nkg,flight-route mismatch
TFU,NKG,CA2617,145,https://2lnr.com/routes/tfu-nkg,flight-route mismatch
TFU,NKG,HO1696,150,https://2lnr.com/routes/tfu-nkg,flight-route mismatch
TFU,NKG,HO1722,145,https://2lnr.com/routes/tfu-nkg,flight-route mismatch
TFU,NKG,HO1754,145,https://2lnr.com/routes/tfu-nkg,flight-route mismatch
TFU,NKG,MU2806,130,https://2lnr.com/routes/tfu-nkg,flight-route mismatch
TFU,NKG,MU2806,145,https://2lnr.com/routes/tfu-nkg,flight-route mismatch
TFU,NKG,MU2806,140,https://2lnr.com/routes/tfu-nkg,flight-route mismatch
TFU,NKG,MU2816,140,https://2lnr.com/routes/tfu-nkg,flight-route mismatch
TFU,NKG,MU2866,165,https://2lnr.com/routes/tfu-nkg,flight-route mismatch
TFU,NKG,MU2998,135,https://2lnr.com/routes/tfu-nkg,flight-route mismatch
TFU,NKG,MU9821,140,https://2lnr.com/routes/tfu-nkg,flight-route mismatch
TFU,NKG,ZH9562,135,https://2lnr.com/routes/tfu-nkg,flight-route mismatch
TFU,NKG,ZH9564,145,https://2lnr.com/routes/tfu-nkg,flight-route mismatch
TFU,NKG,ZH9566,145,https://2lnr.com/routes/tfu-nkg,flight-route mismatch
TFU,NRT,3U3961,295,https://2lnr.com/routes/tfu-nrt,flight-route mismatch
TFU,PEK,3U6871,145,https://2lnr.com/routes/tfu-pek,flight-route mismatch
TFU,PEK,3U6871,145,https://2lnr.com/routes/tfu-pek,flight-route mismatch
TFU,PEK,3U6879,165,https://2lnr.com/routes/tfu-pek,flight-route mismatch
TFU,PEK,CA1418,165,https://2lnr.com/routes/tfu-pek,flight-route mismatch
TFU,PEK,CA1418,170,https://2lnr.com/routes/tfu-pek,flight-route mismatch
TFU,PEK,CA4193,165,https://2lnr.com/routes/tfu-pek,flight-route mismatch
TFU,PEK,CA4193,165,https://2lnr.com/routes/tfu-pek,flight-route mismatch
TFU,PEK,HU6366,160,https://2lnr.com/routes/tfu-pek,flight-route mismatch
TFU,PEK,HU7148,165,https://2lnr.com/routes/tfu-pek,flight-route mismatch
TFU,PEK,HU7148,160,https://2lnr.com/routes/tfu-pek,flight-route mismatch
TFU,PEK,HU7248,165,https://2lnr.com/routes/tfu-pek,flight-route mismatch
TFU,PEK,HU7448,170,https://2lnr.com/routes/tfu-pek,flight-route mismatch
TFU,PEK,ZH9196,155,https://2lnr.com/routes/tfu-pek,flight-route mismatch
TFU,PEK,ZH9200,170,https://2lnr.com/routes/tfu-pek,flight-route mismatch
TFU,PEN,3U3911,240,https://2lnr.com/routes/tfu-pen,flight-route mismatch
TFU,PUS,BX3845,235,https://2lnr.com/routes/tfu-pus,flight-route mismatch
TFU,PVG,3U6991,160,https://2lnr.com/routes/tfu-pvg,flight-route mismatch
TFU,PVG,3U6995,155,https://2lnr.com/routes/tfu-pvg,flight-route mismatch
TFU,PVG,3U6995,150,https://2lnr.com/routes/tfu-pvg,flight-route mismatch
TFU,PVG,3U6995,150,https://2lnr.com/routes/tfu-pvg,flight-route mismatch
TFU,PVG,CA4513,170,https://2lnr.com/routes/tfu-pvg,flight-route mismatch
TFU,PVG,CA4513,180,https://2lnr.com/routes/tfu-pvg,flight-route mismatch
TFU,PVG,CA4513,180,https://2lnr.com/routes/tfu-pvg,flight-route mismatch
TFU,PVG,CA4535,170,https://2lnr.com/routes/tfu-pvg,flight-route mismatch
TFU,PVG,CA4535,170,https://2lnr.com/routes/tfu-pvg,flight-route mismatch
TFU,PVG,CA4535,170,https://2lnr.com/routes/tfu-pvg,flight-route mismatch
TFU,PVG,CA4537,170,https://2lnr.com/routes/tfu-pvg,flight-route mismatch
TFU,PVG,CA4537,170,https://2lnr.com/routes/tfu-pvg,flight-route mismatch
TFU,PVG,CA4591,165,https://2lnr.com/routes/tfu-pvg,flight-route mismatch
TFU,PVG,CA4591,170,https://2lnr.com/routes/tfu-pvg,flight-route mismatch
TFU,PVG,CA8542,160,https://2lnr.com/routes/tfu-pvg,flight-route mismatch
TFU,PVG,CZ5152,165,https://2lnr.com/routes/tfu-pvg,flight-route mismatch
TFU,PVG,CZ8198,180,https://2lnr.com/routes/tfu-pvg,flight-route mismatch
TFU,PVG,FM9544,155,https://2lnr.com/routes/tfu-pvg,flight-route mismatch
TFU,PVG,HO1058,160,https://2lnr.com/routes/tfu-pvg,flight-route mismatch
TFU,PVG,HO1058,160,https://2lnr.com/routes/tfu-pvg,flight-route mismatch
TFU,PVG,HO1120,165,https://2lnr.com/routes/tfu-pvg,flight-route mismatch
TFU,PVG,HU7428,165,https://2lnr.com/routes/tfu-pvg,flight-route mismatch
TFU,PVG,HU7428,170,https://2lnr.com/routes/tfu-pvg,flight-route mismatch
TFU,PVG,MU5404,175,https://2lnr.com/routes/tfu-pvg,flight-route mismatch
TFU,PVG,MU5442,170,https://2lnr.com/routes/tfu-pvg,flight-route mismatch
TFU,SGN,3U3903,225,https://2lnr.com/routes/tfu-sgn,flight-route mismatch
TFU,SGN,9G641,230,https://2lnr.com/routes/tfu-sgn,flight-route mismatch
TFU,SHA,HO1058,160,https://2lnr.com/routes/tfu-sha,flight-route mismatch
TFU,SHA,HO1060,170,https://2lnr.com/routes/tfu-sha,flight-route mismatch
TFU,SHA,HO1060,170,https://2lnr.com/routes/tfu-sha,flight-route mismatch
TFU,SHA,HO1098,175,https://2lnr.com/routes/tfu-sha,flight-route mismatch
TFU,SHA,MU9182,150,https://2lnr.com/routes/tfu-sha,flight-route mismatch
TFU,SHA,MU9184,140,https://2lnr.com/routes/tfu-sha,flight-route mismatch
TFU,SHA,MU9186,160,https://2lnr.com/routes/tfu-sha,flight-route mismatch
TFU,SHA,MU9188,155,https://2lnr.com/routes/tfu-sha,flight-route mismatch
TFU,SHA,MU9198,165,https://2lnr.com/routes/tfu-sha,flight-route mismatch
TFU,SIN,3U3909,300,https://2lnr.com/routes/tfu-sin,flight-route mismatch
TFU,SIN,3U3919,295,https://2lnr.com/routes/tfu-sin,flight-route mismatch
TFU,SIN,CA403,290,https://2lnr.com/routes/tfu-sin,flight-route mismatch
TFU,SIN,SQ843,290,https://2lnr.com/routes/tfu-sin,flight-route mismatch
TFU,SVO,3U3887,500,https://2lnr.com/routes/tfu-svo,flight-route mismatch
TFU,SYD,3U3891,650,https://2lnr.com/routes/tfu-syd,flight-route mismatch
TFU,SZX,3U6795,140,https://2lnr.com/routes/tfu-szx,flight-route mismatch
TFU,SZX,CA4329,150,https://2lnr.com/routes/tfu-szx,flight-route mismatch
TFU,SZX,CZ3434,145,https://2lnr.com/routes/tfu-szx,flight-route mismatch
TFU,SZX,CZ3622,145,https://2lnr.com/routes/tfu-szx,flight-route mismatch
TFU,SZX,CZ3622,145,https://2lnr.com/routes/tfu-szx,flight-route mismatch
TFU,SZX,CZ8478,140,https://2lnr.com/routes/tfu-szx,flight-route mismatch
TFU,SZX,CZ8478,150,https://2lnr.com/routes/tfu-szx,flight-route mismatch
TFU,SZX,CZ8478,140,https://2lnr.com/routes/tfu-szx,flight-route mismatch
TFU,SZX,CZ8478,150,https://2lnr.com/routes/tfu-szx,flight-route mismatch
TFU,SZX,DZ6240,145,https://2lnr.com/routes/tfu-szx,flight-route mismatch
TFU,SZX,HU7176,145,https://2lnr.com/routes/tfu-szx,flight-route mismatch
TFU,SZX,HU7176,145,https://2lnr.com/routes/tfu-szx,flight-route mismatch
TFU,SZX,HU7176,140,https://2lnr.com/routes/tfu-szx,flight-route mismatch
TFU,SZX,HU7276,165,https://2lnr.com/routes/tfu-szx,flight-route mismatch
TFU,SZX,HU7376,145,https://2lnr.com/routes/tfu-szx,flight-route mismatch
TFU,SZX,HU7476,155,https://2lnr.com/routes/tfu-szx,flight-route mismatch
TFU,SZX,MU6371,150,https://2lnr.com/routes/tfu-szx,flight-route mismatch
TFU,SZX,ZH9416,160,https://2lnr.com/routes/tfu-szx,flight-route mismatch
TFU,TAO,3U6925,160,https://2lnr.com/routes/tfu-tao,flight-route mismatch
TFU,TAO,8L9709,175,https://2lnr.com/routes/tfu-tao,flight-route mismatch
TFU,TAO,8L9709,165,https://2lnr.com/routes/tfu-tao,flight-route mismatch
TFU,TAO,CA2611,160,https://2lnr.com/routes/tfu-tao,flight-route mismatch
TFU,TAO,CA2611,160,https://2lnr.com/routes/tfu-tao,flight-route mismatch
TFU,TAO,KN5131,165,https://2lnr.com/routes/tfu-tao,flight-route mismatch
TFU,TAO,MU6118,160,https://2lnr.com/routes/tfu-tao,flight-route mismatch
TFU,TAO,MU6118,180,https://2lnr.com/routes/tfu-tao,flight-route mismatch
TFU,TAO,MU9861,165,https://2lnr.com/routes/tfu-tao,flight-route mismatch
TFU,TAO,QW9772,150,https://2lnr.com/routes/tfu-tao,flight-route mismatch
TFU,TAO,QW9772,150,https://2lnr.com/routes/tfu-tao,flight-route mismatch
TFU,TAO,QW9772,160,https://2lnr.com/routes/tfu-tao,flight-route mismatch
TFU,TAO,QW9772,155,https://2lnr.com/routes/tfu-tao,flight-route mismatch
TFU,TAO,SC4850,155,https://2lnr.com/routes/tfu-tao,flight-route mismatch
TFU,TAO,SC4850,155,https://2lnr.com/routes/tfu-tao,flight-route mismatch
TFU,TAO,SC4852,155,https://2lnr.com/routes/tfu-tao,flight-route mismatch
TFU,TAO,SC4854,155,https://2lnr.com/routes/tfu-tao,flight-route mismatch
TFU,TAS,GJ8975,335,https://2lnr.com/routes/tfu-tas,flight-route mismatch
TFU,TSN,3U6835,170,https://2lnr.com/routes/tfu-tsn,flight-route mismatch
TFU,TSN,CA2952,170,https://2lnr.com/routes/tfu-tsn,flight-route mismatch
TFU,TSN,CA2954,145,https://2lnr.com/routes/tfu-tsn,flight-route mismatch
TFU,TSN,CA2954,165,https://2lnr.com/routes/tfu-tsn,flight-route mismatch
TFU,TSN,CA2956,145,https://2lnr.com/routes/tfu-tsn,flight-route mismatch
TFU,TSN,CA2958,165,https://2lnr.com/routes/tfu-tsn,flight-route mismatch
TFU,TSN,CA2958,160,https://2lnr.com/routes/tfu-tsn,flight-route mismatch
TFU,TSN,CA9563,150,https://2lnr.com/routes/tfu-tsn,flight-route mismatch
TFU,TSN,CA9563,150,https://2lnr.com/routes/tfu-tsn,flight-route mismatch
TFU,TSN,GS7888,160,https://2lnr.com/routes/tfu-tsn,flight-route mismatch
TFU,TSN,GS7888,160,https://2lnr.com/routes/tfu-tsn,flight-route mismatch
TFU,TSN,GS7888,165,https://2lnr.com/routes/tfu-tsn,flight-route mismatch
TFU,URC,3U6513,210,https://2lnr.com/routes/tfu-urc,flight-route mismatch
TFU,URC,3U6515,200,https://2lnr.com/routes/tfu-urc,flight-route mismatch
TFU,URC,3U6515,200,https://2lnr.com/routes/tfu-urc,flight-route mismatch
TFU,URC,3U6515,200,https://2lnr.com/routes/tfu-urc,flight-route mismatch
TFU,URC,3U6517,235,https://2lnr.com/routes/tfu-urc,flight-route mismatch
TFU,URC,8L9663,225,https://2lnr.com/routes/tfu-urc,flight-route mismatch
TFU,URC,CA2505,255,https://2lnr.com/routes/tfu-urc,flight-route mismatch
TFU,URC,CA2529,240,https://2lnr.com/routes/tfu-urc,flight-route mismatch
TFU,URC,CA2529,220,https://2lnr.com/routes/tfu-urc,flight-route mismatch
TFU,URC,CA2529,240,https://2lnr.com/routes/tfu-urc,flight-route mismatch
TFU,URC,CZ6942,220,https://2lnr.com/routes/tfu-urc,flight-route mismatch
TFU,URC,CZ6944,205,https://2lnr.com/routes/tfu-urc,flight-route mismatch
TFU,URC,CZ6944,215,https://2lnr.com/routes/tfu-urc,flight-route mismatch
TFU,URC,CZ6946,230,https://2lnr.com/routes/tfu-urc,flight-route mismatch
TFU,URC,FM9545,215,https://2lnr.com/routes/tfu-urc,flight-route mismatch
TFU,URC,GS7596,215,https://2lnr.com/routes/tfu-urc,flight-route mismatch
TFU,URC,HU7840,225,https://2lnr.com/routes/tfu-urc,flight-route mismatch
TFU,URC,HU7840,230,https://2lnr.com/routes/tfu-urc,flight-route mismatch
TFU,URC,QW6117,225,https://2lnr.com/routes/tfu-urc,flight-route mismatch
TFU,VIE,HU781,600,https://2lnr.com/routes/tfu-vie,flight-route mismatch
TFU,VTE,3U3927,160,https://2lnr.com/routes/tfu-vte,flight-route mismatch
TFU,WUH,3U6751,115,https://2lnr.com/routes/tfu-wuh,flight-route mismatch
TFU,WUH,3U6751,100,https://2lnr.com/routes/tfu-wuh,flight-route mismatch
TFU,WUH,3U6751,100,https://2lnr.com/routes/tfu-wuh,flight-route mismatch
TFU,WUH,3U6753,115,https://2lnr.com/routes/tfu-wuh,flight-route mismatch
TFU,WUH,CA2619,110,https://2lnr.com/routes/tfu-wuh,flight-route mismatch
TFU,WUH,CA4149,120,https://2lnr.com/routes/tfu-wuh,flight-route mismatch
TFU,WUH,CA4149,120,https://2lnr.com/routes/tfu-wuh,flight-route mismatch
TFU,WUH,CA8292,115,https://2lnr.com/routes/tfu-wuh,flight-route mismatch
TFU,WUH,CA8294,105,https://2lnr.com/routes/tfu-wuh,flight-route mismatch
TFU,WUH,CA8296,110,https://2lnr.com/routes/tfu-wuh,flight-route mismatch
TFU,WUH,CZ3442,110,https://2lnr.com/routes/tfu-wuh,flight-route mismatch
TFU,WUH,CZ3448,115,https://2lnr.com/routes/tfu-wuh,flight-route mismatch
TFU,WUH,CZ3448,115,https://2lnr.com/routes/tfu-wuh,flight-route mismatch
TFU,WUH,CZ3832,115,https://2lnr.com/routes/tfu-wuh,flight-route mismatch
TFU,WUH,CZ3832,110,https://2lnr.com/routes/tfu-wuh,flight-route mismatch
TFU,WUH,CZ3832,120,https://2lnr.com/routes/tfu-wuh,flight-route mismatch
TFU,WUH,CZ5790,110,https://2lnr.com/routes/tfu-wuh,flight-route mismatch
TFU,WUH,CZ5790,110,https://2lnr.com/routes/tfu-wuh,flight-route mismatch
TFU,WUH,MU2464,120,https://2lnr.com/routes/tfu-wuh,flight-route mismatch
TFU,WUH,MU2525,115,https://2lnr.com/routes/tfu-wuh,flight-route mismatch
TFU,WUH,MU2612,120,https://2lnr.com/routes/tfu-wuh,flight-route mismatch
TFU,WUH,MU2652,110,https://2lnr.com/routes/tfu-wuh,flight-route mismatch
TFU,WUH,MU2654,95,https://2lnr.com/routes/tfu-wuh,flight-route mismatch
TFU,WUH,MU2658,130,https://2lnr.com/routes/tfu-wuh,flight-route mismatch
TFU,WUH,MU9807,105,https://2lnr.com/routes/tfu-wuh,flight-route mismatch
TFU,XIY,3U6311,75,https://2lnr.com/routes/tfu-xiy,flight-route mismatch
TFU,XIY,CZ6250,95,https://2lnr.com/routes/tfu-xiy,flight-route mismatch
TFU,XMN,3U6981,165,https://2lnr.com/routes/tfu-xmn,flight-route mismatch
TFU,XMN,CA2643,175,https://2lnr.com/routes/tfu-xmn,flight-route mismatch
TFU,XMN,CA2787,175,https://2lnr.com/routes/tfu-xmn,flight-route mismatch
TFU,XMN,CA2787,175,https://2lnr.com/routes/tfu-xmn,flight-route mismatch
TFU,XMN,MF8402,160,https://2lnr.com/routes/tfu-xmn,flight-route mismatch
TFU,XMN,MF8432,160,https://2lnr.com/routes/tfu-xmn,flight-route mismatch
TFU,XMN,MF8432,160,https://2lnr.com/routes/tfu-xmn,flight-route mismatch
TFU,XMN,MF8442,165,https://2lnr.com/routes/tfu-xmn,flight-route mismatch
TFU,XMN,MF8442,165,https://2lnr.com/routes/tfu-xmn,flight-route mismatch
TFU,XMN,MU6191,150,https://2lnr.com/routes/tfu-xmn,flight-route mismatch
TFU,XMN,MU6191,150,https://2lnr.com/routes/tfu-xmn,flight-route mismatch
TFU,XMN,MU9805,155,https://2lnr.com/routes/tfu-xmn,flight-route mismatch
TFU,XMN,MU9805,155,https://2lnr.com/routes/tfu-xmn,flight-route mismatch
TFU,XMN,SC2156,175,https://2lnr.com/routes/tfu-xmn,flight-route mismatch
TFU,XMN,SC2156,170,https://2lnr.com/routes/tfu-xmn,flight-route mismatch
TFU,XMN,SC2160,165,https://2lnr.com/routes/tfu-xmn,flight-route mismatch
TFU,YVR,3U3859,705,https://2lnr.com/routes/tfu-yvr,flight-route mismatch
TFU,YVR,3U3859,715,https://2lnr.com/routes/tfu-yvr,flight-route mismatch
TLV,ATH,GQ721,135,https://2lnr.com/routes/tlv-ath,no independent flight-route evidence
TLV,ATH,IZ2215,130,https://2lnr.com/routes/tlv-ath,no independent flight-route evidence
TLV,ATH,W47511,145,https://2lnr.com/routes/tlv-ath,flight-route mismatch
TLV,ATH,W47511,140,https://2lnr.com/routes/tlv-ath,flight-route mismatch
TLV,BCN,BZ2521,280,https://2lnr.com/routes/tlv-bcn,no independent flight-route evidence
TLV,BER,6H251,265,https://2lnr.com/routes/tlv-ber,flight-route mismatch
TLV,BER,6H253,265,https://2lnr.com/routes/tlv-ber,flight-route mismatch
TLV,BER,BZ272,270,https://2lnr.com/routes/tlv-ber,flight-route mismatch
TLV,BER,LY2371,255,https://2lnr.com/routes/tlv-ber,flight-route mismatch
TLV,BER,LY2371,255,https://2lnr.com/routes/tlv-ber,flight-route mismatch
TLV,BUD,W62502,210,https://2lnr.com/routes/tlv-bud,flight-route mismatch
TLV,BUD,W62504,210,https://2lnr.com/routes/tlv-bud,no independent flight-route evidence
TLV,BUD,W62506,210,https://2lnr.com/routes/tlv-bud,flight-route mismatch
TLV,BUD,W62508,210,https://2lnr.com/routes/tlv-bud,no independent flight-route evidence
TLV,BUD,W62514,210,https://2lnr.com/routes/tlv-bud,flight-route mismatch
TLV,BUD,W62516,210,https://2lnr.com/routes/tlv-bud,flight-route mismatch
TLV,BUD,W62518,210,https://2lnr.com/routes/tlv-bud,flight-route mismatch
TLV,BUD,W62520,205,https://2lnr.com/routes/tlv-bud,flight-route mismatch
TLV,BUD,W62528,210,https://2lnr.com/routes/tlv-bud,flight-route mismatch
TLV,DUS,BZ292,290,https://2lnr.com/routes/tlv-dus,no independent flight-route evidence
TLV,FCO,W46042,230,https://2lnr.com/routes/tlv-fco,no independent flight-route evidence
TLV,FCO,W46044,230,https://2lnr.com/routes/tlv-fco,no independent flight-route evidence
TLV,FCO,W46050,230,https://2lnr.com/routes/tlv-fco,no independent flight-route evidence
TLV,FRA,DE4308,270,https://2lnr.com/routes/tlv-fra,no independent flight-route evidence
TLV,FRA,LH691,280,https://2lnr.com/routes/tlv-fra,nonadjacent airports in flight sequence
TLV,GYD,6H879,185,https://2lnr.com/routes/tlv-gyd,no independent flight-route evidence
TLV,HAN,IZ595,695,https://2lnr.com/routes/tlv-han,no independent flight-route evidence
TLV,HAN,IZ599,695,https://2lnr.com/routes/tlv-han,no independent flight-route evidence
TLV,HAN,IZ699,695,https://2lnr.com/routes/tlv-han,no independent flight-route evidence
TLV,JFK,6H971,730,https://2lnr.com/routes/tlv-jfk,no independent flight-route evidence
TLV,LGW,W95804,320,https://2lnr.com/routes/tlv-lgw,flight-route mismatch
TLV,MAD,IB1872,325,https://2lnr.com/routes/tlv-mad,no independent flight-route evidence
TLV,MIA,LY117,795,https://2lnr.com/routes/tlv-mia,no independent flight-route evidence
TLV,MIA,LY121,795,https://2lnr.com/routes/tlv-mia,no independent flight-route evidence
TLV,MUC,LH683,250,https://2lnr.com/routes/tlv-muc,nonadjacent airports in flight sequence
TLV,MXP,IZ1337,225,https://2lnr.com/routes/tlv-mxp,no independent flight-route evidence
TLV,MXP,IZ339,250,https://2lnr.com/routes/tlv-mxp,flight-route mismatch
TLV,MXP,NO1383,250,https://2lnr.com/routes/tlv-mxp,flight-route mismatch
TLV,MXP,W46404,255,https://2lnr.com/routes/tlv-mxp,no independent flight-route evidence
TLV,MXP,W46406,255,https://2lnr.com/routes/tlv-mxp,flight-route mismatch
TLV,MXP,W46406,260,https://2lnr.com/routes/tlv-mxp,flight-route mismatch
TLV,NRT,LY75,695,https://2lnr.com/routes/tlv-nrt,flight-route mismatch
TLV,TAS,HH546,300,https://2lnr.com/routes/tlv-tas,no independent flight-route evidence
TLV,TBS,6H897,155,https://2lnr.com/routes/tlv-tbs,no independent flight-route evidence
TLV,TBS,6H899,155,https://2lnr.com/routes/tlv-tbs,no independent flight-route evidence
TLV,TBS,LY5417,155,https://2lnr.com/routes/tlv-tbs,flight-route mismatch
TLV,TBS,LY5417,150,https://2lnr.com/routes/tlv-tbs,flight-route mismatch
TLV,ZRH,LX257,260,https://2lnr.com/routes/tlv-zrh,nonadjacent airports in flight sequence
TPA,ATL,DL1903,95,https://2lnr.com/routes/tpa-atl,flight-route mismatch
TPA,BOS,DL1799,185,https://2lnr.com/routes/tpa-bos,flight-route mismatch
TPA,BOS,DL1811,197,https://2lnr.com/routes/tpa-bos,flight-route mismatch
TPA,CLT,AA1225,109,https://2lnr.com/routes/tpa-clt,flight-route mismatch
TPA,CLT,AA2710,107,https://2lnr.com/routes/tpa-clt,flight-route mismatch
TPA,CLT,AA2710,110,https://2lnr.com/routes/tpa-clt,flight-route mismatch
TPA,CLT,AA2753,113,https://2lnr.com/routes/tpa-clt,flight-route mismatch
TPA,CLT,AA2753,116,https://2lnr.com/routes/tpa-clt,flight-route mismatch
TPA,CLT,AA637,108,https://2lnr.com/routes/tpa-clt,flight-route mismatch
TPA,DEN,UA1812,236,https://2lnr.com/routes/tpa-den,flight-route mismatch
TPA,DTW,DL2774,169,https://2lnr.com/routes/tpa-dtw,flight-route mismatch
TPA,DTW,DL2884,163,https://2lnr.com/routes/tpa-dtw,flight-route mismatch
TPA,DTW,DL555,168,https://2lnr.com/routes/tpa-dtw,flight-route mismatch
TPA,DTW,DL555,164,https://2lnr.com/routes/tpa-dtw,flight-route mismatch
TPA,DTW,DL555,163,https://2lnr.com/routes/tpa-dtw,flight-route mismatch
TPA,EWR,UA2439,164,https://2lnr.com/routes/tpa-ewr,flight-route mismatch
TPA,EWR,UA2679,161,https://2lnr.com/routes/tpa-ewr,flight-route mismatch
TPA,EWR,UA2679,161,https://2lnr.com/routes/tpa-ewr,flight-route mismatch
TPA,EWR,UA392,166,https://2lnr.com/routes/tpa-ewr,flight-route mismatch
TPA,JFK,DL1834,173,https://2lnr.com/routes/tpa-jfk,flight-route mismatch
TPA,JFK,DL1844,168,https://2lnr.com/routes/tpa-jfk,flight-route mismatch
TPA,JFK,DL2870,188,https://2lnr.com/routes/tpa-jfk,flight-route mismatch
TPA,LHR,VS130,525,https://2lnr.com/routes/tpa-lhr,no independent flight-route evidence
TPA,LHR,VS130,525,https://2lnr.com/routes/tpa-lhr,no independent flight-route evidence
TPA,MIA,AA1999,68,https://2lnr.com/routes/tpa-mia,flight-route mismatch
TPA,MIA,AA2001,70,https://2lnr.com/routes/tpa-mia,flight-route mismatch
TPA,MIA,AA2033,69,https://2lnr.com/routes/tpa-mia,flight-route mismatch
TPA,MIA,AA2041,72,https://2lnr.com/routes/tpa-mia,flight-route mismatch
TPA,MIA,AA2041,72,https://2lnr.com/routes/tpa-mia,flight-route mismatch
TPA,MIA,AA2466,72,https://2lnr.com/routes/tpa-mia,flight-route mismatch
TPA,MIA,AA2798,69,https://2lnr.com/routes/tpa-mia,flight-route mismatch
TPA,MIA,AA2888,65,https://2lnr.com/routes/tpa-mia,flight-route mismatch
TPA,MIA,AA3549,67,https://2lnr.com/routes/tpa-mia,flight-route mismatch
TPA,MIA,AA4093,68,https://2lnr.com/routes/tpa-mia,flight-route mismatch
TPA,MIA,AA4122,69,https://2lnr.com/routes/tpa-mia,no independent flight-route evidence
TPA,MIA,AA4225,67,https://2lnr.com/routes/tpa-mia,flight-route mismatch
TPA,MIA,AA4228,66,https://2lnr.com/routes/tpa-mia,no independent flight-route evidence
TPA,ORD,AA2920,180,https://2lnr.com/routes/tpa-ord,flight-route mismatch
TPA,ORD,AA2920,186,https://2lnr.com/routes/tpa-ord,flight-route mismatch
TPA,ORD,UA1779,185,https://2lnr.com/routes/tpa-ord,flight-route mismatch
TPA,ORD,UA1779,185,https://2lnr.com/routes/tpa-ord,flight-route mismatch
TPA,ORD,UA2189,186,https://2lnr.com/routes/tpa-ord,flight-route mismatch
TPA,ORD,UA2777,185,https://2lnr.com/routes/tpa-ord,flight-route mismatch
TPA,PHL,AA2049,159,https://2lnr.com/routes/tpa-phl,flight-route mismatch
TPA,PHL,AA2055,162,https://2lnr.com/routes/tpa-phl,flight-route mismatch
TPA,PHL,AA2257,159,https://2lnr.com/routes/tpa-phl,flight-route mismatch
TPA,PHL,AA817,161,https://2lnr.com/routes/tpa-phl,flight-route mismatch
TPA,PHX,AA1436,284,https://2lnr.com/routes/tpa-phx,flight-route mismatch
TPA,PHX,AA1759,271,https://2lnr.com/routes/tpa-phx,flight-route mismatch
TPA,PHX,AA2013,279,https://2lnr.com/routes/tpa-phx,flight-route mismatch
TPA,SAN,AS518,309,https://2lnr.com/routes/tpa-san,flight-route mismatch
TPA,SFO,UA2248,338,https://2lnr.com/routes/tpa-sfo,flight-route mismatch
TPA,YUL,AC1617,194,https://2lnr.com/routes/tpa-yul,flight-route mismatch
TPA,YUL,AC1617,194,https://2lnr.com/routes/tpa-yul,flight-route mismatch
TPA,YUL,AC1617,194,https://2lnr.com/routes/tpa-yul,flight-route mismatch
TPA,YYZ,AC1661,170,https://2lnr.com/routes/tpa-yyz,flight-route mismatch
TPA,ZRH,WK5,545,https://2lnr.com/routes/tpa-zrh,no independent flight-route evidence
TPA,ZRH,WK5,535,https://2lnr.com/routes/tpa-zrh,no independent flight-route evidence
TPE,CTU,CI551,215,https://2lnr.com/routes/tpe-ctu,flight-route mismatch
TPE,DPS,JX765,330,https://2lnr.com/routes/tpe-dps,no independent flight-route evidence
TPE,OKA,SL380,80,https://2lnr.com/routes/tpe-oka,no independent flight-route evidence
TPE,OKA,SL382,80,https://2lnr.com/routes/tpe-oka,no independent flight-route evidence
TPE,VIE,BR61,975,https://2lnr.com/routes/tpe-vie,nonadjacent airports in flight sequence
TSN,TFU,3U6836,160,https://2lnr.com/routes/tsn-tfu,flight-route mismatch
TSN,TFU,CA2951,185,https://2lnr.com/routes/tsn-tfu,flight-route mismatch
TSN,TFU,CA2953,175,https://2lnr.com/routes/tsn-tfu,flight-route mismatch
TSN,TFU,CA2953,185,https://2lnr.com/routes/tsn-tfu,flight-route mismatch
TSN,TFU,CA2955,180,https://2lnr.com/routes/tsn-tfu,flight-route mismatch
TSN,TFU,CA2957,190,https://2lnr.com/routes/tsn-tfu,flight-route mismatch
TSN,TFU,CA2957,195,https://2lnr.com/routes/tsn-tfu,flight-route mismatch
TSN,TFU,CA9564,180,https://2lnr.com/routes/tsn-tfu,flight-route mismatch
TSN,TFU,CA9564,180,https://2lnr.com/routes/tsn-tfu,flight-route mismatch
TSN,TFU,EU1908,175,https://2lnr.com/routes/tsn-tfu,flight-route mismatch
TSN,TFU,GS7887,185,https://2lnr.com/routes/tsn-tfu,flight-route mismatch
TSN,TFU,GS7887,185,https://2lnr.com/routes/tsn-tfu,flight-route mismatch
TSN,TFU,GS7887,170,https://2lnr.com/routes/tsn-tfu,flight-route mismatch
TSN,TFU,GS7887,170,https://2lnr.com/routes/tsn-tfu,flight-route mismatch
TUN,ABJ,TU397,320,https://2lnr.com/routes/tun-abj,nonadjacent airports in flight sequence
TUN,ABJ,TU401,320,https://2lnr.com/routes/tun-abj,flight-route mismatch
TUN,AUH,EY740,345,https://2lnr.com/routes/tun-auh,no independent flight-route evidence
TUN,AUH,EY740,365,https://2lnr.com/routes/tun-auh,no independent flight-route evidence
TUN,BER,BJ232,165,https://2lnr.com/routes/tun-ber,flight-route mismatch
TUN,CAI,BJ190,190,https://2lnr.com/routes/tun-cai,no independent flight-route evidence
TUN,CDG,TU2724,140,https://2lnr.com/routes/tun-cdg,flight-route mismatch
TUN,CDG,TU722,145,https://2lnr.com/routes/tun-cdg,flight-route mismatch
TUN,DOH,QR1402,335,https://2lnr.com/routes/tun-doh,no independent flight-route evidence
UBN,FRA,OM137,520,https://2lnr.com/routes/ubn-fra,flight-route mismatch
UBN,FRA,OM137,520,https://2lnr.com/routes/ubn-fra,flight-route mismatch
UBN,HKG,OM297,275,https://2lnr.com/routes/ubn-hkg,flight-route mismatch
UBN,HKG,OM297,275,https://2lnr.com/routes/ubn-hkg,flight-route mismatch
UBN,HKG,OM297,275,https://2lnr.com/routes/ubn-hkg,flight-route mismatch
UBN,HKG,OM2971,275,https://2lnr.com/routes/ubn-hkg,flight-route mismatch
UBN,ICN,7C5204,195,https://2lnr.com/routes/ubn-icn,flight-route mismatch
UBN,ICN,KE2042,190,https://2lnr.com/routes/ubn-icn,flight-route mismatch
UBN,ICN,M0601,180,https://2lnr.com/routes/ubn-icn,flight-route mismatch
UBN,ICN,M0601,185,https://2lnr.com/routes/ubn-icn,flight-route mismatch
UBN,ICN,M0601,170,https://2lnr.com/routes/ubn-icn,flight-route mismatch
UBN,ICN,OM301,190,https://2lnr.com/routes/ubn-icn,flight-route mismatch
UBN,ICN,OM301,190,https://2lnr.com/routes/ubn-icn,flight-route mismatch
UBN,ICN,OM307,190,https://2lnr.com/routes/ubn-icn,flight-route mismatch
UBN,ICN,OZ568,200,https://2lnr.com/routes/ubn-icn,flight-route mismatch
UBN,IST,OM161,540,https://2lnr.com/routes/ubn-ist,flight-route mismatch
UBN,IST,TK237,575,https://2lnr.com/routes/ubn-ist,flight-route mismatch
UBN,NRT,M0901,270,https://2lnr.com/routes/ubn-nrt,flight-route mismatch
UBN,NRT,OM501,295,https://2lnr.com/routes/ubn-nrt,flight-route mismatch
UBN,NRT,UA6,290,https://2lnr.com/routes/ubn-nrt,flight-route mismatch
UBN,PEK,CA902,125,https://2lnr.com/routes/ubn-pek,flight-route mismatch
UBN,PEK,CA902,125,https://2lnr.com/routes/ubn-pek,flight-route mismatch
UBN,PEK,CA956,135,https://2lnr.com/routes/ubn-pek,flight-route mismatch
UBN,PEK,CA956,120,https://2lnr.com/routes/ubn-pek,flight-route mismatch
UBN,PEK,OM223,135,https://2lnr.com/routes/ubn-pek,flight-route mismatch
UBN,PEK,OM223,135,https://2lnr.com/routes/ubn-pek,flight-route mismatch
UBN,PEK,OM227,135,https://2lnr.com/routes/ubn-pek,flight-route mismatch
UBN,PUS,7C5258,210,https://2lnr.com/routes/ubn-pus,flight-route mismatch
UBN,PUS,BX412,210,https://2lnr.com/routes/ubn-pus,no independent flight-route evidence
UBN,PUS,LJ782,220,https://2lnr.com/routes/ubn-pus,flight-route mismatch
UIO,BOG,AV8372,95,https://2lnr.com/routes/uio-bog,no independent flight-route evidence
UIO,BOG,AV8376,90,https://2lnr.com/routes/uio-bog,no independent flight-route evidence
UIO,BOG,AV8395,95,https://2lnr.com/routes/uio-bog,no independent flight-route evidence
UIO,BOG,LA1440,90,https://2lnr.com/routes/uio-bog,no independent flight-route evidence
UIO,BOG,LA1442,95,https://2lnr.com/routes/uio-bog,flight-route mismatch
UIO,EZE,AV647,345,https://2lnr.com/routes/uio-eze,no independent flight-route evidence
UIO,GYE,AV1622,60,https://2lnr.com/routes/uio-gye,no independent flight-route evidence
UIO,GYE,AV1624,60,https://2lnr.com/routes/uio-gye,no independent flight-route evidence
UIO,GYE,AV1630,60,https://2lnr.com/routes/uio-gye,no independent flight-route evidence
UIO,GYE,AV1632,60,https://2lnr.com/routes/uio-gye,no independent flight-route evidence
UIO,GYE,AV1632,60,https://2lnr.com/routes/uio-gye,no independent flight-route evidence
UIO,GYE,AV1672,60,https://2lnr.com/routes/uio-gye,no independent flight-route evidence
UIO,GYE,AV1682,60,https://2lnr.com/routes/uio-gye,no independent flight-route evidence
UIO,JFK,AV7396,380,https://2lnr.com/routes/uio-jfk,no independent flight-route evidence
UIO,LIM,JA7743,137,https://2lnr.com/routes/uio-lim,no independent flight-route evidence
UIO,LIM,LA1425,135,https://2lnr.com/routes/uio-lim,no independent flight-route evidence
UIO,LIM,LA1437,135,https://2lnr.com/routes/uio-lim,no independent flight-route evidence
UIO,LIM,LA2389,135,https://2lnr.com/routes/uio-lim,no independent flight-route evidence
UIO,MIA,LA1456,265,https://2lnr.com/routes/uio-mia,no independent flight-route evidence
UIO,SAL,AV456,170,https://2lnr.com/routes/uio-sal,no independent flight-route evidence
UIO,SAL,AV456,170,https://2lnr.com/routes/uio-sal,no independent flight-route evidence
UIO,SJO,AV646,135,https://2lnr.com/routes/uio-sjo,no independent flight-route evidence
URC,HGH,GJ8668,420,https://2lnr.com/routes/urc-hgh,nonadjacent airports in flight sequence
URC,TFU,3U6514,200,https://2lnr.com/routes/urc-tfu,flight-route mismatch
URC,TFU,3U6516,220,https://2lnr.com/routes/urc-tfu,flight-route mismatch
URC,TFU,3U6516,215,https://2lnr.com/routes/urc-tfu,flight-route mismatch
URC,TFU,3U6516,215,https://2lnr.com/routes/urc-tfu,flight-route mismatch
URC,TFU,3U6518,215,https://2lnr.com/routes/urc-tfu,flight-route mismatch
URC,TFU,8L9664,205,https://2lnr.com/routes/urc-tfu,flight-route mismatch
URC,TFU,CA2506,250,https://2lnr.com/routes/urc-tfu,flight-route mismatch
URC,TFU,CA2506,245,https://2lnr.com/routes/urc-tfu,flight-route mismatch
URC,TFU,CA2530,225,https://2lnr.com/routes/urc-tfu,flight-route mismatch
URC,TFU,CA2530,225,https://2lnr.com/routes/urc-tfu,flight-route mismatch
URC,TFU,CA2530,220,https://2lnr.com/routes/urc-tfu,flight-route mismatch
URC,TFU,CZ6941,230,https://2lnr.com/routes/urc-tfu,flight-route mismatch
URC,TFU,CZ6941,225,https://2lnr.com/routes/urc-tfu,flight-route mismatch
URC,TFU,CZ6943,210,https://2lnr.com/routes/urc-tfu,flight-route mismatch
URC,TFU,CZ6945,225,https://2lnr.com/routes/urc-tfu,flight-route mismatch
URC,TFU,CZ6945,220,https://2lnr.com/routes/urc-tfu,flight-route mismatch
URC,TFU,CZ6945,220,https://2lnr.com/routes/urc-tfu,flight-route mismatch
URC,TFU,CZ6961,205,https://2lnr.com/routes/urc-tfu,flight-route mismatch
URC,TFU,FM9546,215,https://2lnr.com/routes/urc-tfu,flight-route mismatch
URC,TFU,GS7595,225,https://2lnr.com/routes/urc-tfu,flight-route mismatch
URC,TFU,HU7839,220,https://2lnr.com/routes/urc-tfu,flight-route mismatch
URC,TFU,QW6118,220,https://2lnr.com/routes/urc-tfu,flight-route mismatch
VIE,ALG,AH2028,165,https://2lnr.com/routes/vie-alg,flight-route mismatch
VIE,AMM,OS97,210,https://2lnr.com/routes/vie-amm,flight-route mismatch
VIE,AMS,KL1900,110,https://2lnr.com/routes/vie-ams,flight-route mismatch
VIE,AMS,KL1900,110,https://2lnr.com/routes/vie-ams,flight-route mismatch
VIE,AMS,OS311,115,https://2lnr.com/routes/vie-ams,flight-route mismatch
VIE,ARN,FR755,135,https://2lnr.com/routes/vie-arn,flight-route mismatch
VIE,ARN,OS961,130,https://2lnr.com/routes/vie-arn,flight-route mismatch
VIE,ARN,OS967,130,https://2lnr.com/routes/vie-arn,no independent flight-route evidence
VIE,ATH,A3861,125,https://2lnr.com/routes/vie-ath,flight-route mismatch
VIE,ATH,A3861,125,https://2lnr.com/routes/vie-ath,flight-route mismatch
VIE,ATH,FR45,130,https://2lnr.com/routes/vie-ath,flight-route mismatch
VIE,ATH,GQ841,120,https://2lnr.com/routes/vie-ath,no independent flight-route evidence
VIE,AUH,EY154,335,https://2lnr.com/routes/vie-auh,no independent flight-route evidence
VIE,AUH,EY154,330,https://2lnr.com/routes/vie-auh,no independent flight-route evidence
VIE,AUH,EY154,330,https://2lnr.com/routes/vie-auh,no independent flight-route evidence
VIE,BCN,FR13,145,https://2lnr.com/routes/vie-bcn,flight-route mismatch
VIE,BCN,FR13,145,https://2lnr.com/routes/vie-bcn,flight-route mismatch
VIE,BCN,FR7350,145,https://2lnr.com/routes/vie-bcn,no independent flight-route evidence
VIE,BCN,OS401,140,https://2lnr.com/routes/vie-bcn,flight-route mismatch
VIE,BCN,OS401,140,https://2lnr.com/routes/vie-bcn,flight-route mismatch
VIE,BCN,OS401,140,https://2lnr.com/routes/vie-bcn,flight-route mismatch
VIE,BCN,VY8717,150,https://2lnr.com/routes/vie-bcn,no independent flight-route evidence
VIE,BER,OS221,70,https://2lnr.com/routes/vie-ber,no independent flight-route evidence
VIE,BER,OS223,70,https://2lnr.com/routes/vie-ber,flight-route mismatch
VIE,BER,OS223,70,https://2lnr.com/routes/vie-ber,flight-route mismatch
VIE,BER,OS225,70,https://2lnr.com/routes/vie-ber,flight-route mismatch
VIE,BER,OS227,70,https://2lnr.com/routes/vie-ber,flight-route mismatch
VIE,BER,OS227,70,https://2lnr.com/routes/vie-ber,flight-route mismatch
VIE,BER,OS229,70,https://2lnr.com/routes/vie-ber,flight-route mismatch
VIE,BER,OS231,70,https://2lnr.com/routes/vie-ber,flight-route mismatch
VIE,BER,OS233,70,https://2lnr.com/routes/vie-ber,flight-route mismatch
VIE,BER,OS233,70,https://2lnr.com/routes/vie-ber,flight-route mismatch
VIE,BER,OS235,70,https://2lnr.com/routes/vie-ber,flight-route mismatch
VIE,BER,OS235,70,https://2lnr.com/routes/vie-ber,flight-route mismatch
VIE,BER,OS235,70,https://2lnr.com/routes/vie-ber,flight-route mismatch
VIE,BER,OS237,70,https://2lnr.com/routes/vie-ber,flight-route mismatch
VIE,BER,OS239,70,https://2lnr.com/routes/vie-ber,flight-route mismatch
VIE,BRU,OS291,105,https://2lnr.com/routes/vie-bru,flight-route mismatch
VIE,BRU,OS291,105,https://2lnr.com/routes/vie-bru,flight-route mismatch
VIE,CDG,AF4141,125,https://2lnr.com/routes/vie-cdg,flight-route mismatch
VIE,CDG,OS361,120,https://2lnr.com/routes/vie-cdg,no independent flight-route evidence
VIE,CDG,OS365,120,https://2lnr.com/routes/vie-cdg,no independent flight-route evidence
VIE,CDG,OS367,120,https://2lnr.com/routes/vie-cdg,no independent flight-route evidence
VIE,CDG,OS369,120,https://2lnr.com/routes/vie-cdg,flight-route mismatch
VIE,CPH,FR9889,105,https://2lnr.com/routes/vie-cph,flight-route mismatch
VIE,CPH,OS991,100,https://2lnr.com/routes/vie-cph,no independent flight-route evidence
VIE,CPH,OS991,100,https://2lnr.com/routes/vie-cph,no independent flight-route evidence
VIE,CPH,OS995,100,https://2lnr.com/routes/vie-cph,no independent flight-route evidence
VIE,CPH,OS995,100,https://2lnr.com/routes/vie-cph,no independent flight-route evidence
VIE,DUS,OS161,95,https://2lnr.com/routes/vie-dus,flight-route mismatch
VIE,EDI,FR1624,165,https://2lnr.com/routes/vie-edi,flight-route mismatch
VIE,EDI,FR1624,165,https://2lnr.com/routes/vie-edi,flight-route mismatch
VIE,EVN,OS911,200,https://2lnr.com/routes/vie-evn,flight-route mismatch
VIE,EVN,OS911,200,https://2lnr.com/routes/vie-evn,flight-route mismatch
VIE,FCO,FR1645,105,https://2lnr.com/routes/vie-fco,no independent flight-route evidence
VIE,FCO,FR1645,105,https://2lnr.com/routes/vie-fco,no independent flight-route evidence
VIE,FCO,FR7177,105,https://2lnr.com/routes/vie-fco,no independent flight-route evidence
VIE,FCO,FR7191,105,https://2lnr.com/routes/vie-fco,flight-route mismatch
VIE,FCO,FR7191,105,https://2lnr.com/routes/vie-fco,flight-route mismatch
VIE,FCO,OS551,95,https://2lnr.com/routes/vie-fco,flight-route mismatch
VIE,FCO,OS551,95,https://2lnr.com/routes/vie-fco,flight-route mismatch
VIE,FRA,DE4344,80,https://2lnr.com/routes/vie-fra,flight-route mismatch
VIE,FRA,DE4346,80,https://2lnr.com/routes/vie-fra,no independent flight-route evidence
VIE,FRA,OS201,90,https://2lnr.com/routes/vie-fra,flight-route mismatch
VIE,GVA,OS151,95,https://2lnr.com/routes/vie-gva,flight-route mismatch
VIE,GVA,OS153,95,https://2lnr.com/routes/vie-gva,flight-route mismatch
VIE,GVA,OS153,95,https://2lnr.com/routes/vie-gva,flight-route mismatch
VIE,HAM,OS257,95,https://2lnr.com/routes/vie-ham,flight-route mismatch
VIE,HAM,OS257,95,https://2lnr.com/routes/vie-ham,flight-route mismatch
VIE,HAM,OS259,95,https://2lnr.com/routes/vie-ham,flight-route mismatch
VIE,HAM,OS259,95,https://2lnr.com/routes/vie-ham,flight-route mismatch
VIE,HEL,AY1476,145,https://2lnr.com/routes/vie-hel,flight-route mismatch
VIE,HEL,AY1476,145,https://2lnr.com/routes/vie-hel,flight-route mismatch
VIE,HEL,AY1476,145,https://2lnr.com/routes/vie-hel,flight-route mismatch
VIE,HEL,AY1476,145,https://2lnr.com/routes/vie-hel,flight-route mismatch
VIE,IST,TK1884,140,https://2lnr.com/routes/vie-ist,flight-route mismatch
VIE,IST,TK1884,140,https://2lnr.com/routes/vie-ist,flight-route mismatch
VIE,IST,TK1888,145,https://2lnr.com/routes/vie-ist,flight-route mismatch
VIE,IST,TK1888,145,https://2lnr.com/routes/vie-ist,flight-route mismatch
VIE,IST,TK1888,145,https://2lnr.com/routes/vie-ist,flight-route mismatch
VIE,IST,TK1888,145,https://2lnr.com/routes/vie-ist,flight-route mismatch
VIE,IST,TK1888,145,https://2lnr.com/routes/vie-ist,flight-route mismatch
VIE,IST,TK1890,140,https://2lnr.com/routes/vie-ist,flight-route mismatch
VIE,LHR,BA723,150,https://2lnr.com/routes/vie-lhr,flight-route mismatch
VIE,LHR,BA723,150,https://2lnr.com/routes/vie-lhr,flight-route mismatch
VIE,LHR,BA727,140,https://2lnr.com/routes/vie-lhr,flight-route mismatch
VIE,LHR,BA727,140,https://2lnr.com/routes/vie-lhr,flight-route mismatch
VIE,LHR,BA727,140,https://2lnr.com/routes/vie-lhr,flight-route mismatch
VIE,LHR,OS331,150,https://2lnr.com/routes/vie-lhr,flight-route mismatch
VIE,LHR,OS333,150,https://2lnr.com/routes/vie-lhr,no independent flight-route evidence
VIE,LHR,OS337,145,https://2lnr.com/routes/vie-lhr,flight-route mismatch
VIE,LHR,OS339,140,https://2lnr.com/routes/vie-lhr,no independent flight-route evidence
VIE,LIS,FR4167,225,https://2lnr.com/routes/vie-lis,flight-route mismatch
VIE,LIS,FR4167,225,https://2lnr.com/routes/vie-lis,flight-route mismatch
VIE,MAD,IB792,190,https://2lnr.com/routes/vie-mad,no independent flight-route evidence
VIE,MAD,IB796,190,https://2lnr.com/routes/vie-mad,no independent flight-route evidence
VIE,MAD,IB796,190,https://2lnr.com/routes/vie-mad,no independent flight-route evidence
VIE,MAD,IB796,190,https://2lnr.com/routes/vie-mad,no independent flight-route evidence
VIE,MAD,IB798,190,https://2lnr.com/routes/vie-mad,no independent flight-route evidence
VIE,MAD,IB798,190,https://2lnr.com/routes/vie-mad,no independent flight-route evidence
VIE,MAN,FR694,155,https://2lnr.com/routes/vie-man,flight-route mismatch
VIE,MAN,FR694,155,https://2lnr.com/routes/vie-man,flight-route mismatch
VIE,MAN,FR694,155,https://2lnr.com/routes/vie-man,flight-route mismatch
VIE,MXP,FR214,90,https://2lnr.com/routes/vie-mxp,flight-route mismatch
VIE,MXP,FR214,90,https://2lnr.com/routes/vie-mxp,flight-route mismatch
VIE,NCE,OS373,105,https://2lnr.com/routes/vie-nce,flight-route mismatch
VIE,OPO,FR751,205,https://2lnr.com/routes/vie-opo,flight-route mismatch
VIE,OPO,FR751,205,https://2lnr.com/routes/vie-opo,flight-route mismatch
VIE,TFU,HU782,620,https://2lnr.com/routes/vie-tfu,flight-route mismatch
VIE,TPE,BR62,925,https://2lnr.com/routes/vie-tpe,nonadjacent airports in flight sequence
VIE,WAW,LO222,75,https://2lnr.com/routes/vie-waw,no independent flight-route evidence
VIE,WAW,OS661,70,https://2lnr.com/routes/vie-waw,flight-route mismatch
VIE,WAW,OS663,70,https://2lnr.com/routes/vie-waw,flight-route mismatch
VIE,WAW,OS667,70,https://2lnr.com/routes/vie-waw,flight-route mismatch
VIE,WAW,OS667,70,https://2lnr.com/routes/vie-waw,flight-route mismatch
VIE,ZRH,OS131,80,https://2lnr.com/routes/vie-zrh,flight-route mismatch
VIE,ZRH,OS137,80,https://2lnr.com/routes/vie-zrh,no independent flight-route evidence
VIE,ZRH,OS137,80,https://2lnr.com/routes/vie-zrh,no independent flight-route evidence
VIE,ZRH,OS139,80,https://2lnr.com/routes/vie-zrh,flight-route mismatch
VIE,ZRH,OS143,80,https://2lnr.com/routes/vie-zrh,no independent flight-route evidence
VIE,ZRH,OS143,80,https://2lnr.com/routes/vie-zrh,no independent flight-route evidence
VIE,ZRH,OS143,80,https://2lnr.com/routes/vie-zrh,no independent flight-route evidence
VTE,RGN,8M471,120,https://2lnr.com/routes/vte-rgn,no independent flight-route evidence
VTE,SGN,VN921,235,https://2lnr.com/routes/vte-sgn,independently confirmed stopover
VTE,TFU,3U3928,150,https://2lnr.com/routes/vte-tfu,flight-route mismatch
WAW,ATH,GQ771,150,https://2lnr.com/routes/waw-ath,no independent flight-route evidence
WAW,BCN,W61475,185,https://2lnr.com/routes/waw-bcn,flight-route mismatch
WAW,BCN,W61475,180,https://2lnr.com/routes/waw-bcn,flight-route mismatch
WAW,BER,LO387,75,https://2lnr.com/routes/waw-ber,flight-route mismatch
WAW,BER,LO387,75,https://2lnr.com/routes/waw-ber,flight-route mismatch
WAW,BER,LO389,80,https://2lnr.com/routes/waw-ber,flight-route mismatch
WAW,BER,LO389,80,https://2lnr.com/routes/waw-ber,flight-route mismatch
WAW,BER,LO389,80,https://2lnr.com/routes/waw-ber,flight-route mismatch
WAW,BER,LO389,80,https://2lnr.com/routes/waw-ber,flight-route mismatch
WAW,BER,LO391,80,https://2lnr.com/routes/waw-ber,flight-route mismatch
WAW,BER,LO391,80,https://2lnr.com/routes/waw-ber,flight-route mismatch
WAW,BKK,LO65,620,https://2lnr.com/routes/waw-bkk,no independent flight-route evidence
WAW,BKK,LO65,620,https://2lnr.com/routes/waw-bkk,no independent flight-route evidence
WAW,BUD,LO539,75,https://2lnr.com/routes/waw-bud,no independent flight-route evidence
WAW,BUD,LO539,75,https://2lnr.com/routes/waw-bud,no independent flight-route evidence
WAW,BUD,W62468,80,https://2lnr.com/routes/waw-bud,flight-route mismatch
WAW,BUD,W62470,80,https://2lnr.com/routes/waw-bud,flight-route mismatch
WAW,CAI,LO1147,235,https://2lnr.com/routes/waw-cai,no independent flight-route evidence
WAW,CPH,W61367,95,https://2lnr.com/routes/waw-cph,flight-route mismatch
WAW,DUS,LO405,115,https://2lnr.com/routes/waw-dus,flight-route mismatch
WAW,DUS,LO405,115,https://2lnr.com/routes/waw-dus,flight-route mismatch
WAW,DUS,LO405,115,https://2lnr.com/routes/waw-dus,flight-route mismatch
WAW,DUS,LO405,115,https://2lnr.com/routes/waw-dus,flight-route mismatch
WAW,EVN,LO729,215,https://2lnr.com/routes/waw-evn,no independent flight-route evidence
WAW,FCO,LO301,145,https://2lnr.com/routes/waw-fco,flight-route mismatch
WAW,FCO,LO301,150,https://2lnr.com/routes/waw-fco,flight-route mismatch
WAW,FCO,LO301,145,https://2lnr.com/routes/waw-fco,flight-route mismatch
WAW,FCO,LO303,150,https://2lnr.com/routes/waw-fco,no independent flight-route evidence
WAW,FCO,W61441,140,https://2lnr.com/routes/waw-fco,flight-route mismatch
WAW,FCO,W61441,130,https://2lnr.com/routes/waw-fco,flight-route mismatch
WAW,FCO,W61441,135,https://2lnr.com/routes/waw-fco,flight-route mismatch
WAW,FCO,W61441,145,https://2lnr.com/routes/waw-fco,flight-route mismatch
WAW,FCO,W61445,140,https://2lnr.com/routes/waw-fco,flight-route mismatch
WAW,FCO,W61445,145,https://2lnr.com/routes/waw-fco,flight-route mismatch
WAW,FCO,W61445,125,https://2lnr.com/routes/waw-fco,flight-route mismatch
WAW,GYD,LO721,250,https://2lnr.com/routes/waw-gyd,no independent flight-route evidence
WAW,GYD,LO721,250,https://2lnr.com/routes/waw-gyd,no independent flight-route evidence
WAW,HAM,LO395,95,https://2lnr.com/routes/waw-ham,flight-route mismatch
WAW,HAM,LO395,95,https://2lnr.com/routes/waw-ham,flight-route mismatch
WAW,HAM,LO395,95,https://2lnr.com/routes/waw-ham,flight-route mismatch
WAW,HEL,N71144,100,https://2lnr.com/routes/waw-hel,no independent flight-route evidence
WAW,HEL,N71146,100,https://2lnr.com/routes/waw-hel,no independent flight-route evidence
WAW,IST,TK1266,160,https://2lnr.com/routes/waw-ist,flight-route mismatch
WAW,IST,TK1766,155,https://2lnr.com/routes/waw-ist,flight-route mismatch
WAW,IST,TK1766,155,https://2lnr.com/routes/waw-ist,flight-route mismatch
WAW,IST,TK1766,155,https://2lnr.com/routes/waw-ist,flight-route mismatch
WAW,IST,TK1766,155,https://2lnr.com/routes/waw-ist,flight-route mismatch
WAW,JFK,YU26,570,https://2lnr.com/routes/waw-jfk,no independent flight-route evidence
WAW,KEF,LO1499,260,https://2lnr.com/routes/waw-kef,no independent flight-route evidence
WAW,LIS,W61593,260,https://2lnr.com/routes/waw-lis,flight-route mismatch
WAW,MXP,W46388,135,https://2lnr.com/routes/waw-mxp,no independent flight-route evidence
WAW,MXP,W66390,135,https://2lnr.com/routes/waw-mxp,no independent flight-route evidence
WAW,NCE,W61349,155,https://2lnr.com/routes/waw-nce,flight-route mismatch
WAW,OPO,LO427,245,https://2lnr.com/routes/waw-opo,no independent flight-route evidence
WAW,OPO,W61595,230,https://2lnr.com/routes/waw-opo,flight-route mismatch
WAW,OPO,W61595,245,https://2lnr.com/routes/waw-opo,flight-route mismatch
WAW,OSL,LO485,125,https://2lnr.com/routes/waw-osl,no independent flight-route evidence
WAW,OSL,LO485,125,https://2lnr.com/routes/waw-osl,no independent flight-route evidence
WAW,OSL,LO485,125,https://2lnr.com/routes/waw-osl,no independent flight-route evidence
WAW,ZRH,LO409,125,https://2lnr.com/routes/waw-zrh,flight-route mismatch
WAW,ZRH,LO409,125,https://2lnr.com/routes/waw-zrh,flight-route mismatch
WAW,ZRH,LO409,125,https://2lnr.com/routes/waw-zrh,flight-route mismatch
WDH,CPT,4Z321,125,https://2lnr.com/routes/wdh-cpt,no independent flight-route evidence
WDH,CPT,4Z329,125,https://2lnr.com/routes/wdh-cpt,no independent flight-route evidence
WDH,CPT,FA815,130,https://2lnr.com/routes/wdh-cpt,no independent flight-route evidence
WDH,ZRH,WK83,595,https://2lnr.com/routes/wdh-zrh,no independent flight-route evidence
WLG,CHC,NZ5329,65,https://2lnr.com/routes/wlg-chc,no independent flight-route evidence
WLG,CHC,NZ5341,65,https://2lnr.com/routes/wlg-chc,no independent flight-route evidence
WLG,CHC,NZ5343,65,https://2lnr.com/routes/wlg-chc,no independent flight-route evidence
WLG,CHC,NZ5349,65,https://2lnr.com/routes/wlg-chc,flight-route mismatch
WLG,CHC,NZ5357,65,https://2lnr.com/routes/wlg-chc,flight-route mismatch
WLG,CHC,NZ5363,65,https://2lnr.com/routes/wlg-chc,flight-route mismatch
WLG,CHC,NZ5369,65,https://2lnr.com/routes/wlg-chc,no independent flight-route evidence
WLG,CHC,NZ5371,65,https://2lnr.com/routes/wlg-chc,flight-route mismatch
WLG,CHC,NZ5375,65,https://2lnr.com/routes/wlg-chc,flight-route mismatch
WLG,CHC,NZ5375,65,https://2lnr.com/routes/wlg-chc,flight-route mismatch
WLG,CHC,NZ5379,65,https://2lnr.com/routes/wlg-chc,flight-route mismatch
WLG,CHC,NZ5381,65,https://2lnr.com/routes/wlg-chc,flight-route mismatch
WLG,CHC,NZ5381,65,https://2lnr.com/routes/wlg-chc,flight-route mismatch
WLG,CHC,NZ5389,65,https://2lnr.com/routes/wlg-chc,no independent flight-route evidence
WLG,CHC,NZ5591,65,https://2lnr.com/routes/wlg-chc,no independent flight-route evidence
WUH,DLC,CA8978,130,https://2lnr.com/routes/wuh-dlc,no independent flight-route evidence
WUH,PEK,SC7966,120,https://2lnr.com/routes/wuh-pek,no independent flight-route evidence
WUH,TFU,3U6752,120,https://2lnr.com/routes/wuh-tfu,flight-route mismatch
WUH,TFU,3U6752,135,https://2lnr.com/routes/wuh-tfu,flight-route mismatch
WUH,TFU,3U6754,120,https://2lnr.com/routes/wuh-tfu,flight-route mismatch
WUH,TFU,CA2620,125,https://2lnr.com/routes/wuh-tfu,flight-route mismatch
WUH,TFU,CA2620,125,https://2lnr.com/routes/wuh-tfu,flight-route mismatch
WUH,TFU,CA4150,125,https://2lnr.com/routes/wuh-tfu,flight-route mismatch
WUH,TFU,CA4150,125,https://2lnr.com/routes/wuh-tfu,flight-route mismatch
WUH,TFU,CA4150,115,https://2lnr.com/routes/wuh-tfu,flight-route mismatch
WUH,TFU,CA8291,115,https://2lnr.com/routes/wuh-tfu,flight-route mismatch
WUH,TFU,CA8291,120,https://2lnr.com/routes/wuh-tfu,flight-route mismatch
WUH,TFU,CA8293,115,https://2lnr.com/routes/wuh-tfu,flight-route mismatch
WUH,TFU,CA8295,125,https://2lnr.com/routes/wuh-tfu,flight-route mismatch
WUH,TFU,CA8295,120,https://2lnr.com/routes/wuh-tfu,flight-route mismatch
WUH,TFU,CZ3441,130,https://2lnr.com/routes/wuh-tfu,flight-route mismatch
WUH,TFU,CZ3447,120,https://2lnr.com/routes/wuh-tfu,flight-route mismatch
WUH,TFU,CZ3447,120,https://2lnr.com/routes/wuh-tfu,flight-route mismatch
WUH,TFU,CZ3831,120,https://2lnr.com/routes/wuh-tfu,flight-route mismatch
WUH,TFU,CZ5789,120,https://2lnr.com/routes/wuh-tfu,flight-route mismatch
WUH,TFU,CZ5789,120,https://2lnr.com/routes/wuh-tfu,flight-route mismatch
WUH,TFU,MU2463,110,https://2lnr.com/routes/wuh-tfu,flight-route mismatch
WUH,TFU,MU2526,110,https://2lnr.com/routes/wuh-tfu,flight-route mismatch
WUH,TFU,MU2611,115,https://2lnr.com/routes/wuh-tfu,flight-route mismatch
WUH,TFU,MU2611,105,https://2lnr.com/routes/wuh-tfu,flight-route mismatch
WUH,TFU,MU2651,135,https://2lnr.com/routes/wuh-tfu,flight-route mismatch
WUH,TFU,MU2651,115,https://2lnr.com/routes/wuh-tfu,flight-route mismatch
WUH,TFU,MU2653,125,https://2lnr.com/routes/wuh-tfu,flight-route mismatch
WUH,TFU,MU2657,120,https://2lnr.com/routes/wuh-tfu,flight-route mismatch
WUH,TFU,MU9808,115,https://2lnr.com/routes/wuh-tfu,flight-route mismatch
XIY,CKG,GS7665,105,https://2lnr.com/routes/xiy-ckg,flight-route mismatch
XIY,DLC,MU2391,155,https://2lnr.com/routes/xiy-dlc,flight-route mismatch
XIY,TFU,3U6312,100,https://2lnr.com/routes/xiy-tfu,flight-route mismatch
XIY,TFU,3U6312,95,https://2lnr.com/routes/xiy-tfu,flight-route mismatch
XIY,TFU,CZ6249,105,https://2lnr.com/routes/xiy-tfu,flight-route mismatch
XMN,DLC,SC8412,280,https://2lnr.com/routes/xmn-dlc,nonadjacent airports in flight sequence
XMN,TFU,3U6982,160,https://2lnr.com/routes/xmn-tfu,flight-route mismatch
XMN,TFU,CA2644,170,https://2lnr.com/routes/xmn-tfu,flight-route mismatch
XMN,TFU,CA2644,170,https://2lnr.com/routes/xmn-tfu,flight-route mismatch
XMN,TFU,CA2788,170,https://2lnr.com/routes/xmn-tfu,flight-route mismatch
XMN,TFU,MF8401,185,https://2lnr.com/routes/xmn-tfu,flight-route mismatch
XMN,TFU,MF8401,185,https://2lnr.com/routes/xmn-tfu,flight-route mismatch
XMN,TFU,MF8431,170,https://2lnr.com/routes/xmn-tfu,flight-route mismatch
XMN,TFU,MF8441,180,https://2lnr.com/routes/xmn-tfu,flight-route mismatch
XMN,TFU,MF8441,180,https://2lnr.com/routes/xmn-tfu,flight-route mismatch
XMN,TFU,MF8441,175,https://2lnr.com/routes/xmn-tfu,flight-route mismatch
XMN,TFU,MU6192,190,https://2lnr.com/routes/xmn-tfu,flight-route mismatch
XMN,TFU,MU9806,180,https://2lnr.com/routes/xmn-tfu,flight-route mismatch
XMN,TFU,MU9806,180,https://2lnr.com/routes/xmn-tfu,flight-route mismatch
XMN,TFU,SC2155,170,https://2lnr.com/routes/xmn-tfu,flight-route mismatch
XMN,TFU,SC2155,165,https://2lnr.com/routes/xmn-tfu,flight-route mismatch
XMN,TFU,SC2159,165,https://2lnr.com/routes/xmn-tfu,flight-route mismatch
YEG,DEN,UA2338,167,https://2lnr.com/routes/yeg-den,flight-route mismatch
YEG,LAS,WS1486,190,https://2lnr.com/routes/yeg-las,flight-route mismatch
YEG,LAS,WS1486,190,https://2lnr.com/routes/yeg-las,flight-route mismatch
YEG,LAX,WS1010,215,https://2lnr.com/routes/yeg-lax,no independent flight-route evidence
YEG,SEA,AS1459,122,https://2lnr.com/routes/yeg-sea,flight-route mismatch
YEG,SEA,AS1459,122,https://2lnr.com/routes/yeg-sea,flight-route mismatch
YEG,SEA,AS1459,122,https://2lnr.com/routes/yeg-sea,flight-route mismatch
YEG,SEA,AS2216,119,https://2lnr.com/routes/yeg-sea,no independent flight-route evidence
YEG,SEA,AS2272,114,https://2lnr.com/routes/yeg-sea,no independent flight-route evidence
YEG,SFO,AC8557,182,https://2lnr.com/routes/yeg-sfo,flight-route mismatch
YEG,YVR,AC2075,103,https://2lnr.com/routes/yeg-yvr,flight-route mismatch
YEG,YVR,AC2083,103,https://2lnr.com/routes/yeg-yvr,flight-route mismatch
YEG,YVR,AC2091,103,https://2lnr.com/routes/yeg-yvr,flight-route mismatch
YEG,YVR,AC8115,104,https://2lnr.com/routes/yeg-yvr,flight-route mismatch
YEG,YVR,AC8123,104,https://2lnr.com/routes/yeg-yvr,no independent flight-route evidence
YEG,YVR,AC8125,104,https://2lnr.com/routes/yeg-yvr,flight-route mismatch
YEG,YVR,AC8129,104,https://2lnr.com/routes/yeg-yvr,flight-route mismatch
YEG,YVR,AC8527,99,https://2lnr.com/routes/yeg-yvr,flight-route mismatch
YEG,YYC,WS3303,60,https://2lnr.com/routes/yeg-yyc,no independent flight-route evidence
YEG,YYC,WS3307,60,https://2lnr.com/routes/yeg-yyc,no independent flight-route evidence
YEG,YYC,WS3309,60,https://2lnr.com/routes/yeg-yyc,no independent flight-route evidence
YEG,YYC,WS3311,60,https://2lnr.com/routes/yeg-yyc,no independent flight-route evidence
YHZ,BOS,AA4495,103,https://2lnr.com/routes/yhz-bos,no independent flight-route evidence
YHZ,BOS,AC7669,117,https://2lnr.com/routes/yhz-bos,flight-route mismatch
YHZ,BOS,DL5757,109,https://2lnr.com/routes/yhz-bos,no independent flight-route evidence
YHZ,EWR,AC7665,158,https://2lnr.com/routes/yhz-ewr,flight-route mismatch
YHZ,EWR,UA3471,144,https://2lnr.com/routes/yhz-ewr,flight-route mismatch
YHZ,EWR,UA3630,142,https://2lnr.com/routes/yhz-ewr,no independent flight-route evidence
YHZ,LHR,AC2080,355,https://2lnr.com/routes/yhz-lhr,no independent flight-route evidence
YHZ,ORD,AA4077,223,https://2lnr.com/routes/yhz-ord,flight-route mismatch
YHZ,ORD,UA3601,230,https://2lnr.com/routes/yhz-ord,flight-route mismatch
YHZ,PHL,AA4639,152,https://2lnr.com/routes/yhz-phl,flight-route mismatch
YHZ,PHL,AA4639,144,https://2lnr.com/routes/yhz-phl,flight-route mismatch
YHZ,YOW,AC7685,130,https://2lnr.com/routes/yhz-yow,no independent flight-route evidence
YHZ,YOW,AC7689,130,https://2lnr.com/routes/yhz-yow,flight-route mismatch
YHZ,YOW,AC7691,130,https://2lnr.com/routes/yhz-yow,no independent flight-route evidence
YHZ,YOW,PD2492,129,https://2lnr.com/routes/yhz-yow,no independent flight-route evidence
YHZ,YOW,PD2494,129,https://2lnr.com/routes/yhz-yow,no independent flight-route evidence
YHZ,YUL,AC2045,105,https://2lnr.com/routes/yhz-yul,flight-route mismatch
YHZ,YUL,AC2045,105,https://2lnr.com/routes/yhz-yul,flight-route mismatch
YHZ,YUL,AC2045,105,https://2lnr.com/routes/yhz-yul,flight-route mismatch
YHZ,YUL,AC2047,97,https://2lnr.com/routes/yhz-yul,flight-route mismatch
YHZ,YUL,AC2049,95,https://2lnr.com/routes/yhz-yul,flight-route mismatch
YHZ,YUL,AC2051,102,https://2lnr.com/routes/yhz-yul,flight-route mismatch
YHZ,YUL,PD2324,114,https://2lnr.com/routes/yhz-yul,flight-route mismatch
YHZ,YVR,AC2071,380,https://2lnr.com/routes/yhz-yvr,flight-route mismatch
YHZ,YYZ,AC2039,142,https://2lnr.com/routes/yhz-yyz,flight-route mismatch
YHZ,YYZ,AC2043,142,https://2lnr.com/routes/yhz-yyz,no independent flight-route evidence
YHZ,YYZ,AC2057,149,https://2lnr.com/routes/yhz-yyz,flight-route mismatch
YHZ,YYZ,AC2057,149,https://2lnr.com/routes/yhz-yyz,flight-route mismatch
YHZ,YYZ,AC2059,145,https://2lnr.com/routes/yhz-yyz,flight-route mismatch
YHZ,YYZ,AC2065,142,https://2lnr.com/routes/yhz-yyz,flight-route mismatch
YHZ,YYZ,AC2067,149,https://2lnr.com/routes/yhz-yyz,flight-route mismatch
YHZ,ZRH,WK19,365,https://2lnr.com/routes/yhz-zrh,flight-route mismatch
YOW,EWR,UA3529,92,https://2lnr.com/routes/yow-ewr,flight-route mismatch
YOW,EWR,UA3620,99,https://2lnr.com/routes/yow-ewr,no independent flight-route evidence
YOW,EWR,UA3691,99,https://2lnr.com/routes/yow-ewr,no independent flight-route evidence
YOW,IAD,UA3561,103,https://2lnr.com/routes/yow-iad,flight-route mismatch
YOW,IAD,UA4455,104,https://2lnr.com/routes/yow-iad,flight-route mismatch
YOW,IAD,UA4459,104,https://2lnr.com/routes/yow-iad,flight-route mismatch
YOW,IAD,UA4545,103,https://2lnr.com/routes/yow-iad,flight-route mismatch
YOW,ORD,UA3659,146,https://2lnr.com/routes/yow-ord,no independent flight-route evidence
YOW,ORD,UA3663,143,https://2lnr.com/routes/yow-ord,no independent flight-route evidence
YOW,YHZ,AC7688,119,https://2lnr.com/routes/yow-yhz,flight-route mismatch
YOW,YHZ,AC7690,119,https://2lnr.com/routes/yow-yhz,no independent flight-route evidence
YOW,YHZ,AC7692,119,https://2lnr.com/routes/yow-yhz,no independent flight-route evidence
YOW,YHZ,PD2497,119,https://2lnr.com/routes/yow-yhz,no independent flight-route evidence
YOW,YHZ,PD2499,114,https://2lnr.com/routes/yow-yhz,no independent flight-route evidence
YOW,YHZ,PD2499,119,https://2lnr.com/routes/yow-yhz,no independent flight-route evidence
YOW,YYZ,AC1913,75,https://2lnr.com/routes/yow-yyz,no independent flight-route evidence
YOW,YYZ,AC1921,67,https://2lnr.com/routes/yow-yyz,no independent flight-route evidence
YOW,YYZ,AC1943,67,https://2lnr.com/routes/yow-yyz,flight-route mismatch
YOW,YYZ,AC1947,67,https://2lnr.com/routes/yow-yyz,flight-route mismatch
YOW,YYZ,AC1961,67,https://2lnr.com/routes/yow-yyz,no independent flight-route evidence
YOW,YYZ,AC1967,67,https://2lnr.com/routes/yow-yyz,no independent flight-route evidence
YUL,ATL,AC8569,171,https://2lnr.com/routes/yul-atl,no independent flight-route evidence
YUL,BOS,AC8610,87,https://2lnr.com/routes/yul-bos,flight-route mismatch
YUL,BOS,AC8614,87,https://2lnr.com/routes/yul-bos,no independent flight-route evidence
YUL,CLT,AA5350,151,https://2lnr.com/routes/yul-clt,flight-route mismatch
YUL,CLT,AA5350,160,https://2lnr.com/routes/yul-clt,flight-route mismatch
YUL,CLT,AA5350,163,https://2lnr.com/routes/yul-clt,flight-route mismatch
YUL,CLT,AA5679,158,https://2lnr.com/routes/yul-clt,no independent flight-route evidence
YUL,CLT,AA5679,168,https://2lnr.com/routes/yul-clt,no independent flight-route evidence
YUL,CUN,AC1882,270,https://2lnr.com/routes/yul-cun,flight-route mismatch
YUL,DTW,AC8583,120,https://2lnr.com/routes/yul-dtw,flight-route mismatch
YUL,DTW,AC8583,119,https://2lnr.com/routes/yul-dtw,flight-route mismatch
YUL,DTW,DL5056,115,https://2lnr.com/routes/yul-dtw,no independent flight-route evidence
YUL,DTW,DL5056,134,https://2lnr.com/routes/yul-dtw,no independent flight-route evidence
YUL,DTW,DL5056,124,https://2lnr.com/routes/yul-dtw,no independent flight-route evidence
YUL,DTW,DL5148,116,https://2lnr.com/routes/yul-dtw,no independent flight-route evidence
YUL,DTW,DL5148,121,https://2lnr.com/routes/yul-dtw,no independent flight-route evidence
YUL,DTW,DL5367,120,https://2lnr.com/routes/yul-dtw,no independent flight-route evidence
YUL,DTW,DL5367,123,https://2lnr.com/routes/yul-dtw,no independent flight-route evidence
YUL,EWR,AC8492,95,https://2lnr.com/routes/yul-ewr,no independent flight-route evidence
YUL,EWR,AC8492,95,https://2lnr.com/routes/yul-ewr,no independent flight-route evidence
YUL,EWR,AC8498,94,https://2lnr.com/routes/yul-ewr,no independent flight-route evidence
YUL,EWR,AC8500,95,https://2lnr.com/routes/yul-ewr,no independent flight-route evidence
YUL,EWR,AC8500,101,https://2lnr.com/routes/yul-ewr,no independent flight-route evidence
YUL,EWR,PD2405,100,https://2lnr.com/routes/yul-ewr,no independent flight-route evidence
YUL,EWR,UA3583,98,https://2lnr.com/routes/yul-ewr,flight-route mismatch
YUL,EWR,UA3619,98,https://2lnr.com/routes/yul-ewr,no independent flight-route evidence
YUL,EWR,UA3623,102,https://2lnr.com/routes/yul-ewr,no independent flight-route evidence
YUL,FLL,AC1008,214,https://2lnr.com/routes/yul-fll,no independent flight-route evidence
YUL,FLL,AC1602,214,https://2lnr.com/routes/yul-fll,flight-route mismatch
YUL,FLL,AC1602,214,https://2lnr.com/routes/yul-fll,flight-route mismatch
YUL,FLL,AC1606,214,https://2lnr.com/routes/yul-fll,flight-route mismatch
YUL,IAD,AC8723,115,https://2lnr.com/routes/yul-iad,no independent flight-route evidence
YUL,IAD,AC8723,112,https://2lnr.com/routes/yul-iad,no independent flight-route evidence
YUL,IAD,AC8725,115,https://2lnr.com/routes/yul-iad,flight-route mismatch
YUL,IAD,UA3414,118,https://2lnr.com/routes/yul-iad,flight-route mismatch
YUL,IAD,UA3590,118,https://2lnr.com/routes/yul-iad,flight-route mismatch
YUL,IAH,AC1781,252,https://2lnr.com/routes/yul-iah,no independent flight-route evidence
YUL,LAS,AC1709,323,https://2lnr.com/routes/yul-las,no independent flight-route evidence
YUL,LIM,TS150,505,https://2lnr.com/routes/yul-lim,flight-route mismatch
YUL,MCO,AC1628,202,https://2lnr.com/routes/yul-mco,flight-route mismatch
YUL,MCO,AC1634,202,https://2lnr.com/routes/yul-mco,flight-route mismatch
YUL,MCO,AC1636,202,https://2lnr.com/routes/yul-mco,flight-route mismatch
YUL,MCO,AC1638,202,https://2lnr.com/routes/yul-mco,flight-route mismatch
YUL,MEX,AC2095,330,https://2lnr.com/routes/yul-mex,flight-route mismatch
YUL,MIA,AC1654,227,https://2lnr.com/routes/yul-mia,flight-route mismatch
YUL,MSP,AC8851,168,https://2lnr.com/routes/yul-msp,flight-route mismatch
YUL,MSP,DL5427,177,https://2lnr.com/routes/yul-msp,no independent flight-route evidence
YUL,MSP,DL5427,194,https://2lnr.com/routes/yul-msp,no independent flight-route evidence
YUL,MSP,DL5427,181,https://2lnr.com/routes/yul-msp,no independent flight-route evidence
YUL,ORD,AA3600,160,https://2lnr.com/routes/yul-ord,flight-route mismatch
YUL,ORD,AA3600,155,https://2lnr.com/routes/yul-ord,flight-route mismatch
YUL,ORD,AA3602,165,https://2lnr.com/routes/yul-ord,flight-route mismatch
YUL,ORD,AC8481,157,https://2lnr.com/routes/yul-ord,flight-route mismatch
YUL,ORD,UA3549,168,https://2lnr.com/routes/yul-ord,flight-route mismatch
YUL,ORD,UA3600,161,https://2lnr.com/routes/yul-ord,flight-route mismatch
YUL,ORD,UA536,156,https://2lnr.com/routes/yul-ord,flight-route mismatch
YUL,PHL,AA4480,111,https://2lnr.com/routes/yul-phl,flight-route mismatch
YUL,PHL,AA5116,100,https://2lnr.com/routes/yul-phl,no independent flight-route evidence
YUL,PHL,AA5123,104,https://2lnr.com/routes/yul-phl,no independent flight-route evidence
YUL,PHL,AA5442,102,https://2lnr.com/routes/yul-phl,no independent flight-route evidence
YUL,PHL,AA5615,105,https://2lnr.com/routes/yul-phl,no independent flight-route evidence
YUL,PHL,AA5616,104,https://2lnr.com/routes/yul-phl,no independent flight-route evidence
YUL,PHL,AA6021,108,https://2lnr.com/routes/yul-phl,no independent flight-route evidence
YUL,PHL,AA6025,112,https://2lnr.com/routes/yul-phl,no independent flight-route evidence
YUL,PHL,AA6029,110,https://2lnr.com/routes/yul-phl,no independent flight-route evidence
YUL,PHL,AC8859,97,https://2lnr.com/routes/yul-phl,flight-route mismatch
YUL,PHL,AC8863,97,https://2lnr.com/routes/yul-phl,flight-route mismatch
YUL,PHX,AC1731,316,https://2lnr.com/routes/yul-phx,flight-route mismatch
YUL,PHX,AC1731,316,https://2lnr.com/routes/yul-phx,flight-route mismatch
YUL,PHX,AC1731,316,https://2lnr.com/routes/yul-phx,flight-route mismatch
YUL,PUJ,AC1792,265,https://2lnr.com/routes/yul-puj,flight-route mismatch
YUL,TPA,AC1616,207,https://2lnr.com/routes/yul-tpa,flight-route mismatch
YUL,TPA,AC1616,204,https://2lnr.com/routes/yul-tpa,flight-route mismatch
YUL,TPA,AC1616,207,https://2lnr.com/routes/yul-tpa,flight-route mismatch
YUL,YHZ,AC2042,95,https://2lnr.com/routes/yul-yhz,flight-route mismatch
YUL,YHZ,AC2044,95,https://2lnr.com/routes/yul-yhz,flight-route mismatch
YUL,YHZ,AC2048,95,https://2lnr.com/routes/yul-yhz,flight-route mismatch
YUL,YHZ,AC2050,95,https://2lnr.com/routes/yul-yhz,flight-route mismatch
YUL,YHZ,AC2050,95,https://2lnr.com/routes/yul-yhz,flight-route mismatch
YUL,YHZ,AC2050,95,https://2lnr.com/routes/yul-yhz,flight-route mismatch
YUL,YHZ,PD2325,104,https://2lnr.com/routes/yul-yhz,no independent flight-route evidence
YUL,YYZ,AC7883,83,https://2lnr.com/routes/yul-yyz,no independent flight-route evidence
YVR,CUN,AC2128,365,https://2lnr.com/routes/yvr-cun,no independent flight-route evidence
YVR,DEN,AC1724,178,https://2lnr.com/routes/yvr-den,no independent flight-route evidence
YVR,DEN,AC1726,178,https://2lnr.com/routes/yvr-den,no independent flight-route evidence
YVR,HNL,AC1783,375,https://2lnr.com/routes/yvr-hnl,flight-route mismatch
YVR,IST,TK76,720,https://2lnr.com/routes/yvr-ist,no independent flight-route evidence
YVR,LAS,AC1772,168,https://2lnr.com/routes/yvr-las,no independent flight-route evidence
YVR,LAS,AC1774,168,https://2lnr.com/routes/yvr-las,flight-route mismatch
YVR,LAS,WS1002,170,https://2lnr.com/routes/yvr-las,no independent flight-route evidence
YVR,LAS,WS1060,165,https://2lnr.com/routes/yvr-las,no independent flight-route evidence
YVR,LAS,WS1064,170,https://2lnr.com/routes/yvr-las,no independent flight-route evidence
YVR,LAX,AA6303,190,https://2lnr.com/routes/yvr-lax,no independent flight-route evidence
YVR,LAX,AC1742,187,https://2lnr.com/routes/yvr-lax,flight-route mismatch
YVR,LAX,AC1744,180,https://2lnr.com/routes/yvr-lax,flight-route mismatch
YVR,LAX,AC1746,180,https://2lnr.com/routes/yvr-lax,no independent flight-route evidence
YVR,LAX,AC1748,180,https://2lnr.com/routes/yvr-lax,flight-route mismatch
YVR,MEX,AC2096,320,https://2lnr.com/routes/yvr-mex,flight-route mismatch
YVR,MIA,AC1754,369,https://2lnr.com/routes/yvr-mia,flight-route mismatch
YVR,MSP,UA2470,356,https://2lnr.com/routes/yvr-msp,nonadjacent airports in flight sequence
YVR,ORD,AC1614,258,https://2lnr.com/routes/yvr-ord,flight-route mismatch
YVR,PDX,AC8650,76,https://2lnr.com/routes/yvr-pdx,flight-route mismatch
YVR,PDX,AC8652,76,https://2lnr.com/routes/yvr-pdx,no independent flight-route evidence
YVR,PDX,AC8654,76,https://2lnr.com/routes/yvr-pdx,no independent flight-route evidence
YVR,PDX,AS2003,78,https://2lnr.com/routes/yvr-pdx,no independent flight-route evidence
YVR,PDX,AS2435,80,https://2lnr.com/routes/yvr-pdx,no independent flight-route evidence
YVR,PHX,AC1770,183,https://2lnr.com/routes/yvr-phx,flight-route mismatch
YVR,SAN,AC1776,177,https://2lnr.com/routes/yvr-san,flight-route mismatch
YVR,SAN,AC8764,177,https://2lnr.com/routes/yvr-san,flight-route mismatch
YVR,SAN,AC8766,177,https://2lnr.com/routes/yvr-san,flight-route mismatch
YVR,SEA,AC8798,65,https://2lnr.com/routes/yvr-sea,flight-route mismatch
YVR,SEA,AC8804,67,https://2lnr.com/routes/yvr-sea,no independent flight-route evidence
YVR,SEA,AC8806,67,https://2lnr.com/routes/yvr-sea,flight-route mismatch
YVR,SEA,AC8806,67,https://2lnr.com/routes/yvr-sea,flight-route mismatch
YVR,SEA,AC8810,67,https://2lnr.com/routes/yvr-sea,flight-route mismatch
YVR,SEA,AS2011,68,https://2lnr.com/routes/yvr-sea,no independent flight-route evidence
YVR,SEA,AS2012,66,https://2lnr.com/routes/yvr-sea,no independent flight-route evidence
YVR,SEA,AS2012,67,https://2lnr.com/routes/yvr-sea,no independent flight-route evidence
YVR,SEA,AS2013,66,https://2lnr.com/routes/yvr-sea,no independent flight-route evidence
YVR,SEA,AS2014,66,https://2lnr.com/routes/yvr-sea,no independent flight-route evidence
YVR,SEA,AS2015,66,https://2lnr.com/routes/yvr-sea,no independent flight-route evidence
YVR,SEA,AS2016,66,https://2lnr.com/routes/yvr-sea,no independent flight-route evidence
YVR,SEA,DL3764,78,https://2lnr.com/routes/yvr-sea,no independent flight-route evidence
YVR,SEA,DL3887,80,https://2lnr.com/routes/yvr-sea,no independent flight-route evidence
YVR,SEA,DL3943,80,https://2lnr.com/routes/yvr-sea,no independent flight-route evidence
YVR,SEA,DL3968,79,https://2lnr.com/routes/yvr-sea,flight-route mismatch
YVR,SEA,DL3987,75,https://2lnr.com/routes/yvr-sea,no independent flight-route evidence
YVR,SEA,DL3987,71,https://2lnr.com/routes/yvr-sea,no independent flight-route evidence
YVR,SEA,DL4020,80,https://2lnr.com/routes/yvr-sea,no independent flight-route evidence
YVR,SFO,AC1768,141,https://2lnr.com/routes/yvr-sfo,flight-route mismatch
YVR,SFO,AC8846,140,https://2lnr.com/routes/yvr-sfo,flight-route mismatch
YVR,SLC,DL1133,142,https://2lnr.com/routes/yvr-slc,flight-route mismatch
YVR,SLC,DL1133,140,https://2lnr.com/routes/yvr-slc,flight-route mismatch
YVR,SLC,DL3691,150,https://2lnr.com/routes/yvr-slc,no independent flight-route evidence
YVR,SLC,DL3691,148,https://2lnr.com/routes/yvr-slc,no independent flight-route evidence
YVR,SLC,DL3710,145,https://2lnr.com/routes/yvr-slc,no independent flight-route evidence
YVR,TFU,3U3860,780,https://2lnr.com/routes/yvr-tfu,flight-route mismatch
YVR,TFU,3U3860,840,https://2lnr.com/routes/yvr-tfu,flight-route mismatch
YVR,YEG,AC2076,93,https://2lnr.com/routes/yvr-yeg,flight-route mismatch
YVR,YEG,AC2082,93,https://2lnr.com/routes/yvr-yeg,flight-route mismatch
YVR,YEG,AC2090,93,https://2lnr.com/routes/yvr-yeg,flight-route mismatch
YVR,YEG,AC8116,92,https://2lnr.com/routes/yvr-yeg,flight-route mismatch
YVR,YEG,AC8120,92,https://2lnr.com/routes/yvr-yeg,flight-route mismatch
YVR,YEG,AC8122,92,https://2lnr.com/routes/yvr-yeg,flight-route mismatch
YVR,YEG,AC8124,92,https://2lnr.com/routes/yvr-yeg,flight-route mismatch
YVR,YEG,AC8126,92,https://2lnr.com/routes/yvr-yeg,flight-route mismatch
YVR,YHZ,AC2070,342,https://2lnr.com/routes/yvr-yhz,flight-route mismatch
YVR,YYC,AC2018,89,https://2lnr.com/routes/yvr-yyc,flight-route mismatch
YVR,YYC,AC2022,89,https://2lnr.com/routes/yvr-yyc,no independent flight-route evidence
YVR,YYC,AC2026,89,https://2lnr.com/routes/yvr-yyc,flight-route mismatch
YVR,YYC,AC8064,84,https://2lnr.com/routes/yvr-yyc,no independent flight-route evidence
YYC,IAD,UA1172,260,https://2lnr.com/routes/yyc-iad,flight-route mismatch
YYC,IAD,UA2275,263,https://2lnr.com/routes/yyc-iad,flight-route mismatch
YYC,LAX,WS1014,205,https://2lnr.com/routes/yyc-lax,no independent flight-route evidence
YYC,LAX,WS1014,205,https://2lnr.com/routes/yyc-lax,no independent flight-route evidence
YYC,PDX,WS3756,130,https://2lnr.com/routes/yyc-pdx,no independent flight-route evidence
YYC,PHX,WS1016,190,https://2lnr.com/routes/yyc-phx,no independent flight-route evidence
YYC,SEA,AS2308,109,https://2lnr.com/routes/yyc-sea,no independent flight-route evidence
YYC,SEA,AS2345,108,https://2lnr.com/routes/yyc-sea,no independent flight-route evidence
YYC,SLC,DL3713,142,https://2lnr.com/routes/yyc-slc,no independent flight-route evidence
YYC,SLC,DL3713,136,https://2lnr.com/routes/yyc-slc,no independent flight-route evidence
YYC,SLC,DL3713,139,https://2lnr.com/routes/yyc-slc,no independent flight-route evidence
YYC,SLC,DL4072,142,https://2lnr.com/routes/yyc-slc,no independent flight-route evidence
YYC,SLC,DL4072,140,https://2lnr.com/routes/yyc-slc,no independent flight-route evidence
YYC,TPA,WS1126,315,https://2lnr.com/routes/yyc-tpa,no independent flight-route evidence
YYC,YEG,WS3300,60,https://2lnr.com/routes/yyc-yeg,no independent flight-route evidence
YYC,YEG,WS3302,60,https://2lnr.com/routes/yyc-yeg,no independent flight-route evidence
YYC,YEG,WS3304,60,https://2lnr.com/routes/yyc-yeg,no independent flight-route evidence
YYC,YEG,WS3306,60,https://2lnr.com/routes/yyc-yeg,no independent flight-route evidence
YYC,YVR,AC2025,98,https://2lnr.com/routes/yyc-yvr,flight-route mismatch
YYC,YVR,AC2029,98,https://2lnr.com/routes/yyc-yvr,no independent flight-route evidence
YYZ,ATL,AC8501,135,https://2lnr.com/routes/yyz-atl,no independent flight-route evidence
YYZ,ATL,AC8503,135,https://2lnr.com/routes/yyz-atl,flight-route mismatch
YYZ,ATL,AC8503,135,https://2lnr.com/routes/yyz-atl,flight-route mismatch
YYZ,ATL,AC8509,135,https://2lnr.com/routes/yyz-atl,flight-route mismatch
YYZ,AUH,EY22,815,https://2lnr.com/routes/yyz-auh,flight-route mismatch
YYZ,AUH,EY22,790,https://2lnr.com/routes/yyz-auh,flight-route mismatch
YYZ,BER,TS418,470,https://2lnr.com/routes/yyz-ber,flight-route mismatch
YYZ,CDG,AF359,445,https://2lnr.com/routes/yyz-cdg,no independent flight-route evidence
YYZ,CDG,AF359,445,https://2lnr.com/routes/yyz-cdg,no independent flight-route evidence
YYZ,CLT,AA5020,135,https://2lnr.com/routes/yyz-clt,flight-route mismatch
YYZ,CLT,AA5020,127,https://2lnr.com/routes/yyz-clt,flight-route mismatch
YYZ,CLT,AA5030,136,https://2lnr.com/routes/yyz-clt,flight-route mismatch
YYZ,CLT,AA5030,139,https://2lnr.com/routes/yyz-clt,flight-route mismatch
YYZ,CLT,AA5045,136,https://2lnr.com/routes/yyz-clt,flight-route mismatch
YYZ,CLT,AA5045,139,https://2lnr.com/routes/yyz-clt,flight-route mismatch
YYZ,CLT,AA5046,138,https://2lnr.com/routes/yyz-clt,flight-route mismatch
YYZ,CLT,AA5046,150,https://2lnr.com/routes/yyz-clt,flight-route mismatch
YYZ,CLT,AC8747,122,https://2lnr.com/routes/yyz-clt,flight-route mismatch
YYZ,CLT,AC8749,122,https://2lnr.com/routes/yyz-clt,flight-route mismatch
YYZ,CMN,AT211,445,https://2lnr.com/routes/yyz-cmn,flight-route mismatch
YYZ,CUN,AC1810,240,https://2lnr.com/routes/yyz-cun,flight-route mismatch
YYZ,CUN,AC1812,240,https://2lnr.com/routes/yyz-cun,flight-route mismatch
YYZ,CUN,AC1812,240,https://2lnr.com/routes/yyz-cun,flight-route mismatch
YYZ,CUN,AC1812,240,https://2lnr.com/routes/yyz-cun,flight-route mismatch
YYZ,CUN,AC1814,240,https://2lnr.com/routes/yyz-cun,flight-route mismatch
YYZ,DFW,AC1757,202,https://2lnr.com/routes/yyz-dfw,flight-route mismatch
YYZ,DFW,AC1759,202,https://2lnr.com/routes/yyz-dfw,flight-route mismatch
YYZ,DTW,AC8771,77,https://2lnr.com/routes/yyz-dtw,flight-route mismatch
YYZ,DTW,AC8773,77,https://2lnr.com/routes/yyz-dtw,no independent flight-route evidence
YYZ,DTW,AC8775,76,https://2lnr.com/routes/yyz-dtw,no independent flight-route evidence
YYZ,DTW,AC8775,77,https://2lnr.com/routes/yyz-dtw,no independent flight-route evidence
YYZ,DTW,DL4881,85,https://2lnr.com/routes/yyz-dtw,no independent flight-route evidence
YYZ,DTW,DL4881,83,https://2lnr.com/routes/yyz-dtw,no independent flight-route evidence
YYZ,DTW,DL4881,90,https://2lnr.com/routes/yyz-dtw,no independent flight-route evidence
YYZ,DTW,DL4978,85,https://2lnr.com/routes/yyz-dtw,no independent flight-route evidence
YYZ,DTW,DL4978,84,https://2lnr.com/routes/yyz-dtw,no independent flight-route evidence
YYZ,DTW,DL4980,94,https://2lnr.com/routes/yyz-dtw,no independent flight-route evidence
YYZ,DTW,DL4980,94,https://2lnr.com/routes/yyz-dtw,no independent flight-route evidence
YYZ,DTW,DL4980,90,https://2lnr.com/routes/yyz-dtw,no independent flight-route evidence
YYZ,DTW,DL5031,96,https://2lnr.com/routes/yyz-dtw,no independent flight-route evidence
YYZ,DTW,DL5031,98,https://2lnr.com/routes/yyz-dtw,no independent flight-route evidence
YYZ,DTW,DL5073,85,https://2lnr.com/routes/yyz-dtw,no independent flight-route evidence
YYZ,DTW,DL5256,82,https://2lnr.com/routes/yyz-dtw,no independent flight-route evidence
YYZ,DTW,DL5256,85,https://2lnr.com/routes/yyz-dtw,no independent flight-route evidence
YYZ,EWR,AC8874,102,https://2lnr.com/routes/yyz-ewr,no independent flight-route evidence
YYZ,EWR,AC8874,98,https://2lnr.com/routes/yyz-ewr,no independent flight-route evidence
YYZ,EWR,AC8878,98,https://2lnr.com/routes/yyz-ewr,flight-route mismatch
YYZ,EWR,AC8880,102,https://2lnr.com/routes/yyz-ewr,flight-route mismatch
YYZ,EWR,UA3435,100,https://2lnr.com/routes/yyz-ewr,no independent flight-route evidence
YYZ,EWR,UA3460,108,https://2lnr.com/routes/yyz-ewr,flight-route mismatch
YYZ,EWR,UA3648,100,https://2lnr.com/routes/yyz-ewr,no independent flight-route evidence
YYZ,EWR,UA3705,108,https://2lnr.com/routes/yyz-ewr,no independent flight-route evidence
YYZ,EWR,UA3711,108,https://2lnr.com/routes/yyz-ewr,no independent flight-route evidence
YYZ,FLL,AC1622,189,https://2lnr.com/routes/yyz-fll,flight-route mismatch
YYZ,FLL,AC1624,189,https://2lnr.com/routes/yyz-fll,flight-route mismatch
YYZ,FLL,AC1626,189,https://2lnr.com/routes/yyz-fll,flight-route mismatch
YYZ,IAD,AC8616,90,https://2lnr.com/routes/yyz-iad,no independent flight-route evidence
YYZ,IAD,AC8618,90,https://2lnr.com/routes/yyz-iad,flight-route mismatch
YYZ,IAD,UA3466,101,https://2lnr.com/routes/yyz-iad,flight-route mismatch
YYZ,IAD,UA3636,97,https://2lnr.com/routes/yyz-iad,no independent flight-route evidence
YYZ,IAD,UA3637,97,https://2lnr.com/routes/yyz-iad,no independent flight-route evidence
YYZ,IAD,UA3671,85,https://2lnr.com/routes/yyz-iad,no independent flight-route evidence
YYZ,IAD,UA3671,97,https://2lnr.com/routes/yyz-iad,no independent flight-route evidence
YYZ,IAH,AC1735,212,https://2lnr.com/routes/yyz-iah,flight-route mismatch
YYZ,IST,TK18,590,https://2lnr.com/routes/yyz-ist,flight-route mismatch
YYZ,IST,TK18,590,https://2lnr.com/routes/yyz-ist,flight-route mismatch
YYZ,JFK,DL3884,112,https://2lnr.com/routes/yyz-jfk,no independent flight-route evidence
YYZ,JFK,DL5066,115,https://2lnr.com/routes/yyz-jfk,no independent flight-route evidence
YYZ,JFK,DL5066,113,https://2lnr.com/routes/yyz-jfk,no independent flight-route evidence
YYZ,JFK,DL5066,121,https://2lnr.com/routes/yyz-jfk,no independent flight-route evidence
YYZ,JFK,DL5081,125,https://2lnr.com/routes/yyz-jfk,no independent flight-route evidence
YYZ,JFK,DL5081,126,https://2lnr.com/routes/yyz-jfk,no independent flight-route evidence
YYZ,JFK,DL5098,111,https://2lnr.com/routes/yyz-jfk,no independent flight-route evidence
YYZ,JFK,DL5098,104,https://2lnr.com/routes/yyz-jfk,no independent flight-route evidence
YYZ,JFK,DL5098,108,https://2lnr.com/routes/yyz-jfk,no independent flight-route evidence
YYZ,KEF,AC2102,345,https://2lnr.com/routes/yyz-kef,no independent flight-route evidence
YYZ,KEF,AC2102,335,https://2lnr.com/routes/yyz-kef,no independent flight-route evidence
YYZ,LAS,AC1703,287,https://2lnr.com/routes/yyz-las,flight-route mismatch
YYZ,LHR,VS148,435,https://2lnr.com/routes/yyz-lhr,no independent flight-route evidence
YYZ,LIM,TS152,480,https://2lnr.com/routes/yyz-lim,flight-route mismatch
YYZ,MCO,AC1670,174,https://2lnr.com/routes/yyz-mco,flight-route mismatch
YYZ,MCO,AC1670,170,https://2lnr.com/routes/yyz-mco,flight-route mismatch
YYZ,MCO,AC1672,174,https://2lnr.com/routes/yyz-mco,flight-route mismatch
YYZ,MCO,AC1672,174,https://2lnr.com/routes/yyz-mco,flight-route mismatch
YYZ,MCO,AC1674,174,https://2lnr.com/routes/yyz-mco,flight-route mismatch
YYZ,MCO,AC1676,174,https://2lnr.com/routes/yyz-mco,no independent flight-route evidence
YYZ,MEX,AC1887,295,https://2lnr.com/routes/yyz-mex,flight-route mismatch
YYZ,MEX,AC1889,295,https://2lnr.com/routes/yyz-mex,flight-route mismatch
YYZ,MIA,AC1642,199,https://2lnr.com/routes/yyz-mia,flight-route mismatch
YYZ,MIA,AC1642,199,https://2lnr.com/routes/yyz-mia,flight-route mismatch
YYZ,MIA,AC1646,199,https://2lnr.com/routes/yyz-mia,flight-route mismatch
YYZ,MSP,AC8719,131,https://2lnr.com/routes/yyz-msp,flight-route mismatch
YYZ,MSP,AC8721,134,https://2lnr.com/routes/yyz-msp,flight-route mismatch
YYZ,MSP,DL3829,146,https://2lnr.com/routes/yyz-msp,no independent flight-route evidence
YYZ,MSP,DL3829,149,https://2lnr.com/routes/yyz-msp,no independent flight-route evidence
YYZ,MSP,DL3836,143,https://2lnr.com/routes/yyz-msp,no independent flight-route evidence
YYZ,MSP,DL4073,152,https://2lnr.com/routes/yyz-msp,no independent flight-route evidence
YYZ,ORD,AA3524,126,https://2lnr.com/routes/yyz-ord,flight-route mismatch
YYZ,ORD,AA3524,130,https://2lnr.com/routes/yyz-ord,flight-route mismatch
YYZ,ORD,AA3606,125,https://2lnr.com/routes/yyz-ord,flight-route mismatch
YYZ,ORD,AA3608,125,https://2lnr.com/routes/yyz-ord,flight-route mismatch
YYZ,ORD,AA3610,125,https://2lnr.com/routes/yyz-ord,flight-route mismatch
YYZ,ORD,AA6488,125,https://2lnr.com/routes/yyz-ord,no independent flight-route evidence
YYZ,ORD,AC8909,118,https://2lnr.com/routes/yyz-ord,flight-route mismatch
YYZ,ORD,UA1612,120,https://2lnr.com/routes/yyz-ord,flight-route mismatch
YYZ,ORD,UA278,135,https://2lnr.com/routes/yyz-ord,flight-route mismatch
YYZ,ORD,UA3605,125,https://2lnr.com/routes/yyz-ord,no independent flight-route evidence
YYZ,ORD,UA3617,126,https://2lnr.com/routes/yyz-ord,no independent flight-route evidence
YYZ,ORD,UA5408,126,https://2lnr.com/routes/yyz-ord,flight-route mismatch
YYZ,ORD,UA5654,126,https://2lnr.com/routes/yyz-ord,flight-route mismatch
YYZ,ORD,UA5874,126,https://2lnr.com/routes/yyz-ord,flight-route mismatch
YYZ,PHL,AA4469,103,https://2lnr.com/routes/yyz-phl,flight-route mismatch
YYZ,PHL,AA4508,103,https://2lnr.com/routes/yyz-phl,flight-route mismatch
YYZ,PHL,AA4652,110,https://2lnr.com/routes/yyz-phl,flight-route mismatch
YYZ,PHL,AA4764,98,https://2lnr.com/routes/yyz-phl,no independent flight-route evidence
YYZ,PHL,AA5192,101,https://2lnr.com/routes/yyz-phl,no independent flight-route evidence
YYZ,PHL,AA5525,92,https://2lnr.com/routes/yyz-phl,no independent flight-route evidence
YYZ,PHL,AA5525,97,https://2lnr.com/routes/yyz-phl,no independent flight-route evidence
YYZ,PHL,AA5884,109,https://2lnr.com/routes/yyz-phl,no independent flight-route evidence
YYZ,PHL,AA5884,107,https://2lnr.com/routes/yyz-phl,no independent flight-route evidence
YYZ,PHL,AA5886,105,https://2lnr.com/routes/yyz-phl,no independent flight-route evidence
YYZ,PHL,AA5887,106,https://2lnr.com/routes/yyz-phl,no independent flight-route evidence
YYZ,PHL,AC8514,96,https://2lnr.com/routes/yyz-phl,flight-route mismatch
YYZ,PHL,AC8514,94,https://2lnr.com/routes/yyz-phl,flight-route mismatch
YYZ,PHL,AC8516,96,https://2lnr.com/routes/yyz-phl,no independent flight-route evidence
YYZ,PHL,AC8520,96,https://2lnr.com/routes/yyz-phl,flight-route mismatch
YYZ,PHX,AC1721,276,https://2lnr.com/routes/yyz-phx,no independent flight-route evidence
YYZ,PUJ,AC1412,280,https://2lnr.com/routes/yyz-puj,no independent flight-route evidence
YYZ,PUJ,AC1796,270,https://2lnr.com/routes/yyz-puj,flight-route mismatch
YYZ,PUJ,AC1798,270,https://2lnr.com/routes/yyz-puj,flight-route mismatch
YYZ,SAL,AV325,300,https://2lnr.com/routes/yyz-sal,no independent flight-route evidence
YYZ,SAL,AV325,300,https://2lnr.com/routes/yyz-sal,no independent flight-route evidence
YYZ,SJO,AC2105,325,https://2lnr.com/routes/yyz-sjo,flight-route mismatch
YYZ,TPA,AC1656,175,https://2lnr.com/routes/yyz-tpa,flight-route mismatch
YYZ,TPA,AC1656,175,https://2lnr.com/routes/yyz-tpa,flight-route mismatch
YYZ,YHZ,AC2036,129,https://2lnr.com/routes/yyz-yhz,flight-route mismatch
YYZ,YHZ,AC2056,129,https://2lnr.com/routes/yyz-yhz,flight-route mismatch
YYZ,YHZ,AC2058,129,https://2lnr.com/routes/yyz-yhz,flight-route mismatch
YYZ,YHZ,AC2060,129,https://2lnr.com/routes/yyz-yhz,flight-route mismatch
YYZ,YHZ,AC2064,129,https://2lnr.com/routes/yyz-yhz,flight-route mismatch
YYZ,YHZ,AC2066,129,https://2lnr.com/routes/yyz-yhz,flight-route mismatch
YYZ,YOW,AC1920,65,https://2lnr.com/routes/yyz-yow,no independent flight-route evidence
YYZ,YOW,AC1938,65,https://2lnr.com/routes/yyz-yow,no independent flight-route evidence
YYZ,YOW,AC1942,65,https://2lnr.com/routes/yyz-yow,no independent flight-route evidence
YYZ,YOW,AC1946,65,https://2lnr.com/routes/yyz-yow,no independent flight-route evidence
YYZ,YOW,AC1966,65,https://2lnr.com/routes/yyz-yow,no independent flight-route evidence
YYZ,YOW,AC1978,65,https://2lnr.com/routes/yyz-yow,no independent flight-route evidence
YYZ,YOW,AC1988,65,https://2lnr.com/routes/yyz-yow,no independent flight-route evidence
YYZ,YUL,AC7884,81,https://2lnr.com/routes/yyz-yul,no independent flight-route evidence
YYZ,YUL,AC7884,81,https://2lnr.com/routes/yyz-yul,no independent flight-route evidence
ZRH,AMS,KL1926,95,https://2lnr.com/routes/zrh-ams,flight-route mismatch
ZRH,AMS,KL1926,95,https://2lnr.com/routes/zrh-ams,flight-route mismatch
ZRH,AMS,LX732,100,https://2lnr.com/routes/zrh-ams,no independent flight-route evidence
ZRH,AMS,LX732,100,https://2lnr.com/routes/zrh-ams,no independent flight-route evidence
ZRH,ATH,LX1840,155,https://2lnr.com/routes/zrh-ath,no independent flight-route evidence
ZRH,ATH,LX1840,160,https://2lnr.com/routes/zrh-ath,no independent flight-route evidence
ZRH,BER,EW8761,85,https://2lnr.com/routes/zrh-ber,no independent flight-route evidence
ZRH,BER,EW8763,85,https://2lnr.com/routes/zrh-ber,no independent flight-route evidence
ZRH,BER,EW8765,85,https://2lnr.com/routes/zrh-ber,no independent flight-route evidence
ZRH,BER,LX962,90,https://2lnr.com/routes/zrh-ber,flight-route mismatch
ZRH,BER,LX962,90,https://2lnr.com/routes/zrh-ber,flight-route mismatch
ZRH,BER,LX966,85,https://2lnr.com/routes/zrh-ber,flight-route mismatch
ZRH,BER,LX966,85,https://2lnr.com/routes/zrh-ber,flight-route mismatch
ZRH,BER,LX968,90,https://2lnr.com/routes/zrh-ber,flight-route mismatch
ZRH,BER,LX968,95,https://2lnr.com/routes/zrh-ber,flight-route mismatch
ZRH,BER,LX968,95,https://2lnr.com/routes/zrh-ber,flight-route mismatch
ZRH,BER,LX970,85,https://2lnr.com/routes/zrh-ber,flight-route mismatch
ZRH,BER,LX970,85,https://2lnr.com/routes/zrh-ber,flight-route mismatch
ZRH,BER,LX974,85,https://2lnr.com/routes/zrh-ber,flight-route mismatch
ZRH,BER,LX974,85,https://2lnr.com/routes/zrh-ber,flight-route mismatch
ZRH,BER,LX974,85,https://2lnr.com/routes/zrh-ber,flight-route mismatch
ZRH,BER,LX974,85,https://2lnr.com/routes/zrh-ber,flight-route mismatch
ZRH,BER,LX976,85,https://2lnr.com/routes/zrh-ber,flight-route mismatch
ZRH,BER,LX978,85,https://2lnr.com/routes/zrh-ber,flight-route mismatch
ZRH,BER,LX978,85,https://2lnr.com/routes/zrh-ber,flight-route mismatch
ZRH,BER,LX982,85,https://2lnr.com/routes/zrh-ber,flight-route mismatch
ZRH,BER,U25188,90,https://2lnr.com/routes/zrh-ber,no independent flight-route evidence
ZRH,BER,U25190,90,https://2lnr.com/routes/zrh-ber,no independent flight-route evidence
ZRH,BRU,SN2730,75,https://2lnr.com/routes/zrh-bru,no independent flight-route evidence
ZRH,BRU,SN2732,75,https://2lnr.com/routes/zrh-bru,no independent flight-route evidence
ZRH,BUD,LX2256,95,https://2lnr.com/routes/zrh-bud,no independent flight-route evidence
ZRH,CDG,BT646,85,https://2lnr.com/routes/zrh-cdg,no independent flight-route evidence
ZRH,DUB,LX402,140,https://2lnr.com/routes/zrh-dub,no independent flight-route evidence
ZRH,DUB,LX402,140,https://2lnr.com/routes/zrh-dub,no independent flight-route evidence
ZRH,EDI,WK290,135,https://2lnr.com/routes/zrh-edi,flight-route mismatch
ZRH,EDI,WK290,140,https://2lnr.com/routes/zrh-edi,flight-route mismatch
ZRH,EDI,WK292,135,https://2lnr.com/routes/zrh-edi,no independent flight-route evidence
ZRH,EWR,UA3031,554,https://2lnr.com/routes/zrh-ewr,no independent flight-route evidence
ZRH,FCO,U22987,95,https://2lnr.com/routes/zrh-fco,flight-route mismatch
ZRH,FCO,U22989,95,https://2lnr.com/routes/zrh-fco,no independent flight-route evidence
ZRH,FRA,LH1183,65,https://2lnr.com/routes/zrh-fra,flight-route mismatch
ZRH,FRA,LH1183,65,https://2lnr.com/routes/zrh-fra,flight-route mismatch
ZRH,FRA,LH1189,65,https://2lnr.com/routes/zrh-fra,flight-route mismatch
ZRH,FRA,LH1189,65,https://2lnr.com/routes/zrh-fra,flight-route mismatch
ZRH,HAM,EW7763,85,https://2lnr.com/routes/zrh-ham,no independent flight-route evidence
ZRH,HAM,EW7765,85,https://2lnr.com/routes/zrh-ham,no independent flight-route evidence
ZRH,HAM,EW7765,85,https://2lnr.com/routes/zrh-ham,no independent flight-route evidence
ZRH,HAM,EW7765,85,https://2lnr.com/routes/zrh-ham,no independent flight-route evidence
ZRH,HEL,AY1512,165,https://2lnr.com/routes/zrh-hel,flight-route mismatch
ZRH,HEL,AY1512,165,https://2lnr.com/routes/zrh-hel,flight-route mismatch
ZRH,HEL,AY1512,165,https://2lnr.com/routes/zrh-hel,flight-route mismatch
ZRH,HEL,AY1514,165,https://2lnr.com/routes/zrh-hel,no independent flight-route evidence
ZRH,HEL,AY1514,165,https://2lnr.com/routes/zrh-hel,no independent flight-route evidence
ZRH,HEL,AY1514,165,https://2lnr.com/routes/zrh-hel,no independent flight-route evidence
ZRH,IST,TK1908,185,https://2lnr.com/routes/zrh-ist,flight-route mismatch
ZRH,IST,TK1908,180,https://2lnr.com/routes/zrh-ist,flight-route mismatch
ZRH,IST,TK1908,175,https://2lnr.com/routes/zrh-ist,flight-route mismatch
ZRH,IST,TK1910,180,https://2lnr.com/routes/zrh-ist,flight-route mismatch
ZRH,IST,TK1910,175,https://2lnr.com/routes/zrh-ist,flight-route mismatch
ZRH,IST,TK1912,180,https://2lnr.com/routes/zrh-ist,flight-route mismatch
ZRH,KEF,WK324,245,https://2lnr.com/routes/zrh-kef,flight-route mismatch
ZRH,KEF,WK324,235,https://2lnr.com/routes/zrh-kef,flight-route mismatch
ZRH,LGW,LX430,100,https://2lnr.com/routes/zrh-lgw,no independent flight-route evidence
ZRH,LGW,LX430,105,https://2lnr.com/routes/zrh-lgw,no independent flight-route evidence
ZRH,LGW,LX430,110,https://2lnr.com/routes/zrh-lgw,no independent flight-route evidence
ZRH,LGW,LX430,105,https://2lnr.com/routes/zrh-lgw,no independent flight-route evidence
ZRH,LGW,LX430,105,https://2lnr.com/routes/zrh-lgw,no independent flight-route evidence
ZRH,LGW,U28472,105,https://2lnr.com/routes/zrh-lgw,flight-route mismatch
ZRH,LGW,U28472,110,https://2lnr.com/routes/zrh-lgw,flight-route mismatch
ZRH,LGW,U28472,100,https://2lnr.com/routes/zrh-lgw,flight-route mismatch
ZRH,LGW,U28472,105,https://2lnr.com/routes/zrh-lgw,flight-route mismatch
ZRH,LGW,U28474,100,https://2lnr.com/routes/zrh-lgw,flight-route mismatch
ZRH,LGW,U28474,100,https://2lnr.com/routes/zrh-lgw,flight-route mismatch
ZRH,LGW,U28474,105,https://2lnr.com/routes/zrh-lgw,flight-route mismatch
ZRH,LHR,BA737,105,https://2lnr.com/routes/zrh-lhr,flight-route mismatch
ZRH,LHR,BA737,105,https://2lnr.com/routes/zrh-lhr,flight-route mismatch
ZRH,LIS,U27640,175,https://2lnr.com/routes/zrh-lis,no independent flight-route evidence
ZRH,LIS,U27640,180,https://2lnr.com/routes/zrh-lis,no independent flight-route evidence
ZRH,MAD,IB1284,145,https://2lnr.com/routes/zrh-mad,no independent flight-route evidence
ZRH,MAD,IB628,145,https://2lnr.com/routes/zrh-mad,no independent flight-route evidence
ZRH,MAD,IB628,145,https://2lnr.com/routes/zrh-mad,no independent flight-route evidence
ZRH,MAD,IB628,145,https://2lnr.com/routes/zrh-mad,no independent flight-route evidence
ZRH,MAD,IB632,140,https://2lnr.com/routes/zrh-mad,no independent flight-route evidence
ZRH,MAN,U22194,125,https://2lnr.com/routes/zrh-man,flight-route mismatch
ZRH,MRU,WK78,795,https://2lnr.com/routes/zrh-mru,nonadjacent airports in flight sequence
ZRH,MUC,LX1106,60,https://2lnr.com/routes/zrh-muc,no independent flight-route evidence
ZRH,OPO,U26826,155,https://2lnr.com/routes/zrh-opo,flight-route mismatch
ZRH,OPO,U26828,160,https://2lnr.com/routes/zrh-opo,flight-route mismatch
ZRH,PRG,LX1480,75,https://2lnr.com/routes/zrh-prg,no independent flight-route evidence
ZRH,PRG,LX1482,75,https://2lnr.com/routes/zrh-prg,no independent flight-route evidence
ZRH,PRG,LX1482,80,https://2lnr.com/routes/zrh-prg,no independent flight-route evidence
ZRH,PRG,LX1482,80,https://2lnr.com/routes/zrh-prg,no independent flight-route evidence
ZRH,PRG,LX1482,75,https://2lnr.com/routes/zrh-prg,no independent flight-route evidence
ZRH,RAK,CS198,145,https://2lnr.com/routes/zrh-rak,no independent flight-route evidence
ZRH,RAK,CS198,145,https://2lnr.com/routes/zrh-rak,no independent flight-route evidence
ZRH,VIE,OS134,75,https://2lnr.com/routes/zrh-vie,flight-route mismatch
ZRH,VIE,OS134,80,https://2lnr.com/routes/zrh-vie,flight-route mismatch
ZRH,VIE,OS138,80,https://2lnr.com/routes/zrh-vie,no independent flight-route evidence
ZRH,VIE,OS138,80,https://2lnr.com/routes/zrh-vie,no independent flight-route evidence
ZRH,VIE,OS140,80,https://2lnr.com/routes/zrh-vie,no independent flight-route evidence
ZRH,WAW,LO410,115,https://2lnr.com/routes/zrh-waw,flight-route mismatch
ZRH,WAW,LO410,115,https://2lnr.com/routes/zrh-waw,flight-route mismatch
ZRH,WAW,LO410,115,https://2lnr.com/routes/zrh-waw,flight-route mismatch
ZRH,WDH,WK82,575,https://2lnr.com/routes/zrh-wdh,no independent flight-route evidence
ZRH,YHZ,WK18,430,https://2lnr.com/routes/zrh-yhz,flight-route mismatch
ZRH,YHZ,WK18,425,https://2lnr.com/routes/zrh-yhz,flight-route mismatch
